address_uuid,primary_address,secondary_address,district,city_id,postal_code,phone,location,last_update
011305e8-0684-4950-b995-1372b61e3f81,"817 Bradford Loop",NULL,Ji´angsu,ddff23ac-3d25-4384-b068-76aac76e4146,89459.0,264286442804.0,...,"2014-09-26 11:00:31"
011ba280-8e7b-46ea-b010-15b166321a7e,"185 Mannheim Lane",NULL,Stavropol,51c0a268-fdc1-46ba-aa2c-7c8e51c4864f,23661.0,589377568313.0,...,"2014-09-26 11:02:56"
01870428-35b7-4c7a-b116-58f5f7cb7eb6,"41 El Alto Parkway",NULL,Maharashtra,2947592d-e749-4401-a6c3-ede643d85f75,56883.0,51917807050.0,...,"2014-09-26 11:01:22"
01a62f82-bf9a-40c1-a2a2-c00028ede120,"1411 Lillydale Drive",NULL,QLD,a4b5fe87-3557-4687-b16b-30f28693e6c2,NULL,6172235589.0,...,"2014-09-26 11:00:09"
01b4ee91-fbf0-4785-acb2-7bbc9432568a,"85 San Felipe de Puerto Plata Drive",NULL,Shandong,22c56f81-bc9d-4aff-af0d-efdc3a90a596,46063.0,170739645687.0,...,"2014-09-26 11:00:48"
0201fc8e-a568-4477-a512-3e0aa85eb6ed,"1952 Pune Lane",NULL,Saint-Denis,a0dd805d-6dc4-454e-bc2b-a05db61a3041,92150.0,354615066969.0,...,"2014-09-26 11:02:46"
022b468d-584d-4279-befd-0992e62905df,"1386 Nakhon Sawan Boulevard",NULL,Pyongyang-si,76d38ac0-f9b3-4fb1-afe9-3022da798945,53502.0,368899174225.0,...,"2014-09-26 11:02:28"
026911be-c899-4e0c-a6ec-1b9001cdf591,"1752 So Leopoldo Parkway",NULL,Taka-Karpatia,ea2e0c16-a798-4423-9a68-b32d8cdec7ce,14014.0,252265130067.0,...,"2014-09-26 11:03:32"
02f5b8d3-170f-4fa3-bc01-477a3cbaba33,"264 Bhimavaram Manor",NULL,"St Thomas",3e2f4368-f5ab-4216-9e07-fbdf6f5beb0a,54749.0,302526949177.0,...,"2014-09-26 11:04:08"
03402511-e2ad-4564-a7a7-055a209fe1ff,"1551 Rampur Lane",NULL,Changhwa,f960125c-3ec8-440f-a8df-376fa1f0a69f,72394.0,251164340471.0,...,"2014-09-26 11:03:14"
03b1b127-794d-42b9-b487-3b14cb251a1a,"983 Santa F Way",NULL,"British Colombia",e1814530-9971-40bd-805b-65f4f1d0cc77,47472.0,145720452260.0,...,"2014-09-26 11:00:28"
051868dd-8dd3-42ad-b5a5-99e18e6516cc,"915 Ponce Place",NULL,Basel-Stadt,2dfb72d3-fa00-4282-82a8-2f3ef600367b,83980.0,1395251317.0,...,"2014-09-26 11:03:12"
051f971d-4810-4db0-91d7-8db313fa7b37,"1823 Hoshiarpur Lane",NULL,Komi,c861e0d1-f679-474e-b78c-86f0f460ac73,33191.0,307133768620.0,...,"2014-09-26 11:02:57"
0538d003-1e19-4d8d-b088-ccf0dcf9ef0c,"753 Ilorin Avenue",NULL,Sichuan,3117fa92-682b-42e7-b0cb-1895a019e1c3,3656.0,464511145118.0,...,"2014-09-26 11:00:32"
05ccd273-b82f-4402-af25-b12672e83d20,"1049 Matamoros Parkway",NULL,Karnataka,c37e3092-846f-42a9-b2b3-865251e4c7e0,69640.0,960505250340.0,...,"2014-09-26 11:01:16"
05ef7747-1bda-4704-9513-f28b7a2fa5e5,"786 Aurora Avenue",NULL,Yamaguchi,65b2145a-d65a-4214-bad7-802faa193313,65750.0,18461860151.0,...,"2014-09-26 11:01:53"
0614ba31-5f95-47bc-9ec4-e53b464663c0,"1957 Yantai Lane",NULL,"São Paulo",43b89bdd-4cc4-4dcd-b6fd-272216f0b31d,59255.0,704948322302.0,...,"2014-09-26 11:00:22"
0625bb55-1f5d-406d-a3fc-84cf3de3bca8,"1838 Tabriz Lane",NULL,Dhaka,2d417bec-323a-4f91-80a0-89a8a67a547b,1195.0,38988715447.0,...,"2014-09-26 11:00:12"
0629da53-0997-4c71-9096-49eea221406f,"682 Halisahar Place",NULL,"Severn Morava",59abd840-c388-43a0-bc14-8f1e6f7e361f,20536.0,475553436330.0,...,"2014-09-26 11:00:54"
06bb70d3-403d-4f5c-86da-a28d02327b24,"608 Birgunj Parkway",NULL,Taipei,c442887d-a20e-49ca-8de3-f6790286dc2d,400.0,627425618482.0,...,"2014-09-26 11:03:14"
06d9640c-49b2-40a9-a75a-1ffdf755290f,"1107 Nakhon Sawan Avenue",NULL,Mxico,3e073678-e184-4583-a942-1e15e9f8727e,75149.0,867546627903.0,...,"2014-09-26 11:02:11"
0798f8ef-1e91-4ced-a4ad-6b7a75c0d32e,"486 Ondo Parkway",NULL,Benguela,740c0a71-947e-4e38-952a-89c96aa1ffa4,35202.0,105882218332.0,...,"2014-09-26 11:00:02"
0834fa8c-81ab-4566-be6e-7fd1c563d869,"431 Szkesfehrvr Avenue",NULL,Baki,c50ee719-8914-43f8-928d-bece269f218e,57828.0,119501405123.0,...,"2014-09-26 11:00:11"
089951d7-f7a9-477d-ad2b-163269181c32,"1489 Kakamigahara Lane",NULL,Taipei,0d625acd-718d-46d6-af57-3cb3483aaf47,98883.0,29341849811.0,...,"2014-09-26 11:03:16"
09069e4d-2808-4124-ad9d-56abaa63459c,"591 Sungai Petani Drive",NULL,Okayama,3036a7f3-4599-4a78-8a70-a547bc238c97,46400.0,37247325001.0,...,"2014-09-26 11:01:51"
092495b1-7a4a-41ea-8eb7-6a1e5fc6b995,"1848 Salala Boulevard",NULL,Miranda,a446fdbe-9687-483a-93c3-a603f086cc63,25220.0,48265851133.0,...,"2014-09-26 11:04:04"
09bdccc8-2529-44f1-9e7a-ae065cfe9cbc,"28 MySQL Boulevard",NULL,QLD,a4b5fe87-3557-4687-b16b-30f28693e6c2,NULL,NULL,...,"2014-09-26 11:00:09"
09c7ffe4-7356-47cd-bb76-a1f67e43baf1,"191 Jos Azueta Parkway",NULL,Ruse,76317c3d-8d92-418f-b919-83e570b76907,13629.0,932156667696.0,...,"2014-09-26 11:00:23"
0a06fd76-a766-4ded-a1ea-5de87f2a92a2,"862 Xintai Lane",NULL,"Cagayan Valley",fed7e490-fae4-41d8-a916-6e7e20f76140,30065.0,265153400632.0,...,"2014-09-26 11:02:41"
0a4f8887-a80c-4f41-bf72-0cbb0646e510,"44 Najafabad Way",NULL,Baskimaa,280645ff-066c-43e9-b418-3223af52b056,61391.0,96604821070.0,...,"2014-09-26 11:03:08"
0a5338f9-cff2-42a6-a20b-2e4b766228ed,"289 Santo Andr Manor",NULL,al-Sharqiya,e2c840aa-63a0-43c4-ad28-380a6db3cfd2,72410.0,214976066017.0,...,"2014-09-26 11:02:59"
0b6cdd79-aae4-4dea-907e-d1fbaf4ec50e,"1206 Dos Quebradas Place",NULL,"São Paulo",2572490c-fd77-4fa1-b956-a617ebc5b5d9,20207.0,241832790687.0,...,"2014-09-26 11:00:21"
0c4d70b1-a1e7-4240-a791-2c0202922319,"1089 Iwatsuki Avenue",NULL,Kirov,4a6b6c56-decf-4359-93e0-963fd96b4ae4,35109.0,866092335135.0,...,"2014-09-26 11:02:50"
0d780257-4546-40b2-97d7-01962bcbdee0,"1059 Yuncheng Avenue",NULL,Vilna,2bbf2f00-9a4f-4796-a459-2577c78be53c,47498.0,107092893983.0,...,"2014-09-26 11:01:58"
0de364c2-65e9-4e32-b709-2a03de3adc69,"475 Atinsk Way",NULL,Gansu,92323cb4-aa25-4f72-8a54-f00c144ba6e4,59571.0,201705577290.0,...,"2014-09-26 11:00:36"
0e2b9b27-b9a5-4421-9063-aecbab5fc540,"1987 Coacalco de Berriozbal Loop",NULL,al-Qalyubiya,e0a37376-601b-419e-87b3-6988ef4e6070,96065.0,787654415858.0,...,"2014-09-26 11:00:58"
0e2f557c-f7b7-4f2c-bab2-f59c36b103b3,"1792 Valle de la Pascua Place",NULL,Nordrhein-Westfalen,672b5519-cea5-4456-80d1-4e25926be57a,15540.0,419419591240.0,...,"2014-09-26 11:01:06"
0e3de0cc-d1ca-4f93-918d-831b4b324418,"582 Papeete Loop",NULL,"Central Visayas",48dc986f-66ff-4da1-b3f6-cbe3c34ef18a,27722.0,569868543137.0,...,"2014-09-26 11:02:38"
0e7dbd1f-5b7c-4790-a549-68165d7d8845,"717 Changzhou Lane",NULL,"Southern Tagalog",d6300694-c8ef-4122-afd4-3dfc86b72f36,21615.0,426255288071.0,...,"2014-09-26 11:02:36"
0f1a20cc-a02c-40a1-9fbc-ec01a534ae41,"1166 Changhwa Street",NULL,Caraga,035ec736-6056-47b7-8293-ac560ecfc30c,58852.0,650752094490.0,...,"2014-09-26 11:02:34"
0f72fec4-a1f3-4bb6-81fe-b63760159691,"775 ostka Drive",NULL,al-Daqahliya,3f50eb81-3d38-48f4-998b-7596418e4eb2,22358.0,171973024401.0,...,"2014-09-26 11:00:57"
0f812c81-6cc2-49ef-9cf7-577136f1e319,"1050 Garden Grove Avenue",NULL,Slaskie,99c9c783-0007-4a31-99e9-876b92f6ad95,4999.0,973047364353.0,...,"2014-09-26 11:02:42"
101ec863-78d3-4f4f-90d4-1c51ab82da9c,"457 Tongliao Loop",NULL,Bursa,2cbfe6e3-0bef-4fef-ad37-8bb7ee8217ab,56254.0,880756161823.0,...,"2014-09-26 11:03:25"
102e2cf8-924a-4bf6-8170-4e739677c109,"1378 Beira Loop",NULL,Krasnojarsk,0476c145-c755-475b-b8f3-d177e366c82b,40792.0,840957664136.0,...,"2014-09-26 11:02:58"
10332ac5-511a-44a0-8171-bb6b92670dd3,"152 Kitwe Parkway",NULL,Caraga,f9589fca-720b-4905-8e21-e436978ff473,53182.0,835433605312.0,...,"2014-09-26 11:02:35"
10577c86-9c62-40c8-bfe9-a45fb91b5cba,"415 Pune Avenue",NULL,Shandong,02cea1cd-189b-4266-823e-08899e65ba7d,44274.0,203202500108.0,...,"2014-09-26 11:00:47"
10ab3430-d42e-42a4-af24-78e0bc355115,"1153 Allende Way",NULL,Québec,dba38afa-aa45-469f-bbd7-cb8b8279a0ab,20336.0,856872225376.0,...,"2014-09-26 11:00:26"
112e053e-7c26-43fb-9a70-342635d57294,"1661 Abha Drive",NULL,"Tamil Nadu",3fe1f0b2-e22d-4707-ab46-2ef18e81de4e,14400.0,270456873752.0,...,"2014-09-26 11:01:23"
1160820d-843d-4eea-9b29-918d935aecd2,"879 Newcastle Way",NULL,Michigan,398a7f93-c787-4b6a-bbcc-afe9ec452490,90732.0,206841104594.0,...,"2014-09-26 11:04:01"
1190b1e8-2cbe-4720-98b1-57d7e0f0e098,"1191 Tandil Drive",NULL,"Southern Tagalog",b54d5684-9075-4db3-8cc7-205b4c2420a3,6362.0,45554316010.0,...,"2014-09-26 11:02:40"
11a8cfac-7b83-4cca-9806-691df0ac3978,"1103 Bilbays Parkway",NULL,Hubei,008d0cca-e34a-475d-ae65-28bd49743b9b,87660.0,279979529227.0,...,"2014-09-26 11:00:45"
12491e60-f5e1-4deb-a06b-6f52df92844d,"984 Effon-Alaiye Avenue",NULL,Gois,425fcc88-a7d7-4416-afb6-d12d392d402f,17119.0,132986892228.0,...,"2014-09-26 11:00:17"
12a06381-5482-474e-98c4-8bc34b487003,"230 Urawa Drive",NULL,"Andhra Pradesh",51458dc7-3684-41f6-8bcf-663f7c49e39f,2738.0,166898395731.0,...,"2014-09-26 11:01:09"
12a0c14d-8f65-407d-b1fb-f06a8428c4de,"51 Laredo Avenue",NULL,Sagaing,13d2e9b0-9f7e-4cb6-b2de-a841ece3527d,68146.0,884536620568.0,...,"2014-09-26 11:02:18"
12e2e6ce-2ace-4850-8070-b6f38df6b175,"483 Ljubertsy Parkway",NULL,Scotland,e1fa13d0-925d-4de8-919e-4e816ef2cfbe,60562.0,581174211853.0,...,"2014-09-26 11:03:36"
13acb9b3-7f9b-48cc-adad-7c58dc8473f7,"18 Duisburg Boulevard",NULL,NULL,289b18c4-15f8-4cad-ba9b-52c1ef57f948,58327.0,998009777982.0,...,"2014-09-26 11:01:08"
13f99d55-a467-4ce1-bc71-344f2a3187fe,"201 Effon-Alaiye Way",NULL,Asunción,7a6a86b1-c3a8-4d06-b753-290f8f3d5feb,64344.0,684192903087.0,...,"2014-09-26 11:02:31"
1433ef00-b504-428d-8ffc-664da8dc9847,"535 Ahmadnagar Manor",NULL,"Abu Dhabi",f8d20642-0cd8-43ff-8393-7cc494328b8b,41136.0,985109775584.0,...,"2014-09-26 11:03:34"
14a22f7f-c44e-44ea-9b2e-9b13694cbb54,"600 Bradford Street",NULL,"East Azerbaidzan",19b130e5-f95e-44fa-af14-80dbbbfe2508,96204.0,117592274996.0,...,"2014-09-26 11:01:40"
15690605-201f-492b-900e-2594ebe978c1,"1891 Rizhao Boulevard",NULL,"São Paulo",4781c2a9-3a69-4458-add9-946c461ae78f,47288.0,391065549876.0,...,"2014-09-26 11:00:21"
15ef7141-69ce-4368-a29b-501b592f926c,"17 Kabul Boulevard",NULL,Chiba,78f6c2e2-5d64-48ef-9619-413de25252bd,38594.0,697760867968.0,...,"2014-09-26 11:01:51"
160e9f6c-c36f-4c3a-aaba-8a6bde5878f6,"1224 Huejutla de Reyes Boulevard",NULL,Lombardia,7dee41b5-276b-4a58-9917-460f1d37d3cb,70923.0,806016930576.0,...,"2014-09-26 11:01:43"
166a80ae-1067-4a20-9251-8755afb9e12e,"61 Tama Street",NULL,Okayama,22f99a72-f7af-48b0-aa6f-f12cf86db2c3,94065.0,708403338270.0,...,"2014-09-26 11:01:49"
167400c1-0140-4c25-9eff-b64e667e6bde,"740 Udaipur Lane",NULL,"Nizni Novgorod",9243df5a-cc26-489d-8102-596398a6f94c,33505.0,497288595103.0,...,"2014-09-26 11:02:47"
172fe944-dc29-4aa7-bd86-3a0d6dfe8d36,"661 Chisinau Lane",NULL,Pietari,a597a2a6-343b-4491-9d6e-0a804566884a,8856.0,816436065431.0,...,"2014-09-26 11:02:51"
176805f5-40a0-4f86-b9f3-5efbd5f0f2db,"1201 Qomsheh Manor",NULL,Gois,fbf7fdd0-eb9d-45bb-9109-e12fcf2337a6,21464.0,873492228462.0,...,"2014-09-26 11:00:15"
1781d479-3d6a-4285-a9a1-ea400442c041,"1190 0 Place",NULL,"Rio Grande do Sul",01bbcbd3-ebe1-4844-afb8-2f60335f2c55,10417.0,841876514789.0,...,"2014-09-26 11:00:16"
17d2fae2-d7a0-42c6-96b0-170a4a680531,"401 Sucre Boulevard",NULL,"New Hampshire",bde00214-f68e-4b20-ab18-cf6b8045d6a5,25007.0,486395999608.0,...,"2014-09-26 11:03:56"
1826dc6e-3967-4879-a28d-1499a679d54c,"28 Charlotte Amalie Street",NULL,Rabat-Sal-Zammour-Z,34e57ee8-6625-4cac-ae22-2648626335e0,37551.0,161968374323.0,...,"2014-09-26 11:02:16"
18a59eaa-fa58-4a64-a059-69ae6c6622a1,"43 Vilnius Manor",NULL,Colorado,86842fbe-51a8-44a1-859e-5afe5e225142,79814.0,484500282381.0,...,"2014-09-26 11:03:44"
18f5953f-68dd-4318-9f50-bea79e6bb4cf,"1746 Faaa Way",NULL,Huánuco,c224a16b-710d-4fa7-af52-0f7d544d0579,32515.0,863080561151.0,...,"2014-09-26 11:02:33"
19e9c524-481a-4180-9113-6027bab57d7b,"195 Ilorin Street",NULL,Chari-Baguirmi,32caf8aa-4de8-44ed-a3b5-f4a7f3c64f5f,49250.0,8912935608.0,...,"2014-09-26 11:00:29"
1a004f61-201e-4fc8-a1ed-80579c2695e0,"1768 Udine Loop",NULL,Battambang,769592ad-ca25-49f8-8dec-e77b06df4fe8,32347.0,448876499197.0,...,"2014-09-26 11:00:24"
1a052d4e-3ae3-4e1e-9766-7d6eb6ebdbbb,"495 Bhimavaram Lane",NULL,Maharashtra,424af3d4-ad80-422c-b46c-e8aca63e4b4e,3.0,82088937724.0,...,"2014-09-26 11:01:15"
1a6e1278-da05-48c4-8604-5b194f782333,"1027 Banjul Place",NULL,"West Bengali",3241f394-0384-48d3-bd16-b684d7fe2f26,50390.0,538241037443.0,...,"2014-09-26 11:01:16"
1a820a35-b343-45df-b17f-9a4c7a5bc170,"1519 Santiago de los Caballeros Loop",NULL,"East Kasai",58ccb66c-757b-4af6-8f66-e6238961956a,22025.0,409315295763.0,...,"2014-09-26 11:00:53"
1adbdf70-828e-4ff0-8e59-654b4949df93,"387 Mwene-Ditu Drive",NULL,Ahal,3e3c4bc5-68f9-45c1-8145-00c2bec032f3,8073.0,764477681869.0,...,"2014-09-26 11:03:30"
1b016fd6-6bd2-4c85-9025-df9a707e2a06,"754 Valencia Place",NULL,"Phnom Penh",8e049c73-c3b1-4b91-b39c-4215e34d76f3,87911.0,594319417514.0,...,"2014-09-26 11:00:25"
1b21fa4d-35be-48fa-9f4c-1545a3739d9b,"1336 Benin City Drive",NULL,Shiga,a41ea417-2661-41f6-8779-4a30218c6292,46044.0,341242939532.0,...,"2014-09-26 11:01:53"
1b41001b-0e1e-4ad5-9492-90b5154758af,"698 Jelets Boulevard",NULL,Denizli,c843a518-bcf6-49bf-a37c-1d159e0ede67,2596.0,975185523021.0,...,"2014-09-26 11:03:24"
1ba49bb8-d46e-4d33-917a-803cd12c562c,"1386 Yangor Avenue",NULL,Provence-Alpes-Cte,2c26ce3b-190f-400c-88b1-ef7241a2f38e,80720.0,449216226468.0,...,"2014-09-26 11:01:01"
1c2ca2d8-f9d6-45aa-a118-4a59a48e5717,"1704 Tambaram Manor",NULL,"West Bengali",abc6307a-5b97-40d7-bb33-07fdf27af933,2834.0,39463554936.0,...,"2014-09-26 11:01:28"
1c8841e9-55ab-4986-9e29-438a3ef79a04,"138 Caracas Boulevard",NULL,Zulia,afdd85b1-3716-4489-b469-31cb0130af11,16790.0,974433019532.0,...,"2014-09-26 11:04:04"
1d3a412c-390f-45ac-9000-42ac00a255ca,"470 Boksburg Street",NULL,Central,a5980147-2438-421d-a8e5-0bcd16fe0b0f,97960.0,908029859266.0,...,"2014-09-26 11:02:19"
1d3f4069-194a-4446-9f54-48d6aa5cdf18,"885 Yingkou Manor",NULL,Kaduna,808156f1-eba3-4a59-ba18-3b23aac68f8e,31390.0,588964509072.0,...,"2014-09-26 11:02:28"
1d69e1bc-2f77-4e95-83d8-1d8cc5148412,"906 Goinia Way",NULL,Wielkopolskie,8261c16f-7978-482c-8beb-940762e50467,83565.0,701767622697.0,...,"2014-09-26 11:02:42"
1eb629b1-88b2-464a-b3d3-79fff2fe3698,"1786 Salinas Place",NULL,"Nam Ha",d1e20be9-6ce6-465c-bbdd-d1c9c880a297,66546.0,206060652238.0,...,"2014-09-26 11:04:07"
1ef4f351-3485-4275-bf4c-bdca19dc459d,"369 Papeete Way",NULL,"North Carolina",afb7652c-61ec-47e6-bf3d-66e4065765f1,66639.0,170117068815.0,...,"2014-09-26 11:03:52"
1fd02f9e-8754-42a7-bf34-e27e3b153104,"60 Poos de Caldas Street",NULL,Rajasthan,69a06aa6-6f04-48a7-8b9d-9f022595bc95,82338.0,963063788669.0,...,"2014-09-26 11:01:18"
204222bd-9f5c-4650-aa0e-91769814d644,"1658 Cuman Loop",NULL,"Sumatera Selatan",2b568db7-09ec-43a9-951a-24217ed73b3a,51309.0,784907335610.0,...,"2014-09-26 11:01:34"
20600acd-3e83-43d6-b454-642b5f74f65d,"270 Amroha Parkway",NULL,Osmaniye,4204fc85-ae38-4762-bed6-416bc291b370,29610.0,695479687538.0,...,"2014-09-26 11:03:27"
20dfba7e-13fd-4c02-bc10-df30163f8f95,"421 Yaound Street",NULL,Sumy,c811be21-4584-4f4c-96e2-f47deb9fdf2d,11363.0,726875628268.0,...,"2014-09-26 11:03:33"
21b91f4a-6c8e-4f1f-b70a-bdbc02c329ff,"1993 Tabuk Lane",NULL,"Tamil Nadu",9c43f0c7-acc7-4fd9-bfea-ee1ac724abd0,64221.0,648482415405.0,...,"2014-09-26 11:01:27"
224f5cbc-69af-4bb5-97a2-61a8be70b933,"1337 Lincoln Parkway",NULL,Saitama,2c523654-f422-4141-ada4-55b22cfe7b09,99457.0,597815221267.0,...,"2014-09-26 11:01:55"
22512300-1ea4-43a4-bc6b-57e302040131,"1942 Ciparay Parkway",NULL,Cheju,21b8d58c-3a24-4385-ba63-84019b3bad66,82624.0,978987363654.0,...,"2014-09-26 11:03:06"
22affcb7-a9a3-4c9c-aa01-a66d6ce9e0ba,"114 Jalib al-Shuyukh Manor",NULL,Centre,b1ab5bb8-ae38-46e3-b943-3b7c3b7dd4ed,60440.0,845378657301.0,...,"2014-09-26 11:00:25"
232cf1ae-045c-4105-accc-1193cd52651a,"1013 Tabuk Boulevard",NULL,"West Bengali",da8ff3e6-8346-4f16-97d8-5f94e309c86f,96203.0,158399646978.0,...,"2014-09-26 11:01:19"
24123ce0-ee4d-4994-aa64-fd578d1227f0,"469 Nakhon Sawan Street",NULL,Tuvassia,fe210e07-6eba-4ecd-9974-2bf1f247ace4,58866.0,689199636560.0,...,"2014-09-26 11:02:58"
242af7c5-881b-4591-999f-ecccb512532a,"226 Brest Manor",NULL,California,23481367-e3c7-451c-b3cb-a003a77b549a,2299.0,785881412500.0,...,"2014-09-26 11:04:02"
246a1aea-812e-489c-84bf-3ec02e77f181,"780 Kimberley Way",NULL,Tabuk,c39d79ea-713d-44c4-809a-9c6c92cf6f87,17032.0,824396883951.0,...,"2014-09-26 11:03:00"
249f82bd-309c-4c06-9049-2f8a22a6e2bf,"785 Vaduz Street",NULL,"Baja California",509cfc38-1d0a-4cd0-8e21-d7d738ec30ab,36170.0,895616862749.0,...,"2014-09-26 11:02:10"
24f523a8-e157-4f62-bd53-4983ef95ac0f,"1287 Xi´angfan Boulevard",NULL,Gifu,67443a91-4c47-45d2-b917-eb1ed693dedc,57844.0,819416131190.0,...,"2014-09-26 11:01:48"
2554bd9c-d514-46c6-99d9-647714ff7100,"927 Barcelona Street",NULL,"Chaharmahal va Bakht",abb29a60-2618-4c1a-8052-b051dd4e5820,65121.0,951486492670.0,...,"2014-09-26 11:01:38"
25a3b2a5-4658-45ec-b671-25eee5b8599c,"226 Halifax Street",NULL,Xinxiang,0c6f2653-1747-47df-b06c-2fcb17200824,58492.0,790651020929.0,...,"2014-09-26 11:00:38"
264de2a1-fc5a-44c4-8382-2975109549f3,"1351 Aparecida de Goinia Parkway",NULL,"Northern Mindanao",583cb682-c965-4246-8312-edeab174e809,41775.0,959834530529.0,...,"2014-09-26 11:02:38"
26b92c81-b014-455b-bbb9-bd5da55c299f,"1635 Kuwana Boulevard",NULL,Hiroshima,a4209cd0-c137-46c8-9dd9-5056aaed8722,52137.0,710603868323.0,...,"2014-09-26 11:01:46"
27247fde-bb5f-42af-adfd-2d36a1d51d65,"1966 Amroha Avenue",NULL,Sichuan,46694c61-8817-41cc-bb8d-ee5638ae7bb5,70385.0,333489324603.0,...,"2014-09-26 11:00:32"
2862a414-73c2-4320-8ca0-b31eb15b9a88,"935 Aden Boulevard",NULL,"Central Java",7ce87d5a-a27f-4b47-af02-8b6d18e08b74,64709.0,335052544020.0,...,"2014-09-26 11:01:35"
28fc9ade-0594-4dae-b54e-5e4683bfaf61,"1 Valle de Santiago Avenue",NULL,Apulia,2b18bb7d-4b09-4983-abcf-1ff4c08b44b7,86208.0,465897838272.0,...,"2014-09-26 11:01:43"
291baee3-4210-488c-9f9c-c4bbf68c6e96,"1692 Ede Loop",NULL,"São Paulo",af5ea6e2-2522-4347-bfa6-9d66fe48289c,9223.0,918711376618.0,...,"2014-09-26 11:00:16"
2a2dfea2-d988-4c0c-99a4-3f9012718e5e,"68 Ponce Parkway",NULL,Hanoi,29414fe5-49cd-419c-a5d2-1c778510ace2,85926.0,870635127812.0,...,"2014-09-26 11:04:06"
2a8bdeab-7bd8-42da-b04e-449fd8a0eabc,"53 Idfu Parkway",NULL,Nantou,23f8087f-dee7-415e-b214-c38bf76b883a,42399.0,10655648674.0,...,"2014-09-26 11:03:16"
2aca09cd-8396-4b81-b5a5-6e6ec549807b,"1816 Bydgoszcz Loop",NULL,Dhaka,001f49ab-6547-4627-b550-e33d151b044f,64308.0,965273813662.0,...,"2014-09-26 11:00:12"
2b439a5e-3257-4c5c-bc45-c672ef57e7f2,"1440 Fukuyama Loop",NULL,Henan,42b10fe6-3d01-4f74-95d9-6ec3084ddcdc,47929.0,912257250465.0,...,"2014-09-26 11:00:40"
2b9aecb1-9701-4d15-a81c-ed6fe871df12,"1479 Rustenburg Boulevard",NULL,"Southern Tagalog",aed595ed-45e6-4f1d-a8c4-e8d9eeef210f,18727.0,727785483194.0,...,"2014-09-26 11:02:40"
2c231632-22e5-48ab-80a8-4c662c7e778a,"391 Callao Drive",NULL,Midi-Pyrnes,8d25c735-b21a-4fe1-b3cb-d41ad457cbfa,34021.0,440512153169.0,...,"2014-09-26 11:01:01"
2c6af64d-241e-4368-ac98-1e58b0968a96,"379 Lublin Parkway",NULL,Toscana,94701470-6f4f-48dc-997e-45ac4feaf3d7,74568.0,921960450089.0,...,"2014-09-26 11:01:44"
2ce99de9-2b36-4460-b2ed-7fb7e7a61397,"117 Boa Vista Way",NULL,"Uttar Pradesh",bfd5429b-1eff-43a4-ae27-20f025933a06,6804.0,677976133614.0,...,"2014-09-26 11:01:29"
2dda7f23-21be-42c4-9cb8-d19d27574d37,"923 Tangail Boulevard",NULL,Tokyo-to,374e6406-f52b-4146-848f-ae49126a16af,33384.0,315528269898.0,...,"2014-09-26 11:01:45"
2e203dde-bc65-4f75-9e1e-0a6361e549ba,"1892 Nabereznyje Telny Lane",NULL,Tutuila,55ccd3d9-d18e-4343-89be-f0efd1ab27ad,28396.0,478229987054.0,...,"2014-09-26 11:00:02"
2e55d2f3-711c-4213-9ba1-5656d998b366,"1673 Tangail Drive",NULL,Daugavpils,3417b0c2-eb43-4339-a513-a84278f4eba0,26857.0,627924259271.0,...,"2014-09-26 11:01:57"
2eaa9725-c3ea-4fa5-878a-e9318fb736a9,"320 Baiyin Parkway",NULL,Mahajanga,38da2aed-cc9b-4996-a351-8578bc87b37f,37307.0,223664661973.0,...,"2014-09-26 11:01:59"
2f02c7bf-58b5-4fc9-adeb-8bf6f9388196,"1208 Tama Loop",NULL,Ninawa,67241bd9-73e9-4df6-96cf-1b8e03a07d75,73605.0,954786054144.0,...,"2014-09-26 11:01:40"
2f0e55d3-1460-4da9-a930-e0c728c67894,"686 Donostia-San Sebastin Lane",NULL,Guangdong,92688297-0c52-4dee-8a04-341d33d8900a,97390.0,71857599858.0,...,"2014-09-26 11:00:42"
3143017a-948a-422b-9ac1-4030f6b30d49,"362 Rajkot Lane",NULL,Gansu,e99d8156-f703-4c7a-a7a0-c77623d97aea,98030.0,962020153680.0,...,"2014-09-26 11:00:31"
3211ca62-f4f4-4191-93c2-7b537edaa2df,"934 San Felipe de Puerto Plata Street",NULL,Sind,c3c72056-1d9f-474e-8241-e593a3ed6ff8,99780.0,196495945706.0,...,"2014-09-26 11:02:31"
3265dc0f-a5fb-4f3c-93fc-570cb5d0c71b,"656 Matamoros Drive",NULL,Boyac,f8050d4b-713a-4d4e-954a-49d320cd5147,19489.0,17305839123.0,...,"2014-09-26 11:00:53"
32838d03-a494-4221-8530-7e09ec264015,"1963 Moscow Place",NULL,Assam,5dbd0175-1959-47c2-9933-5ece6c52871c,64863.0,761379480249.0,...,"2014-09-26 11:01:21"
329b1732-5413-4a87-a25d-febac14a5ae5,"127 Purnea (Purnia) Manor",NULL,Piemonte,630f57d8-e9e2-4f7e-8468-8db4ddbf51d4,79388.0,911872220378.0,...,"2014-09-26 11:01:42"
32dbf453-2a1c-4588-bd19-0cbc5f25d46a,"168 Cianjur Manor",NULL,Saitama,1f92dea9-ad40-4591-98e1-7fcc22685422,73824.0,679095087143.0,...,"2014-09-26 11:01:48"
32f399ec-bfc4-4182-aa88-b801fadf5b60,"1560 Jelets Boulevard",NULL,Shandong,b9e65b14-5754-49f1-af4c-a478455cc5d7,77777.0,189446090264.0,...,"2014-09-26 11:00:38"
33331f73-a762-4c54-bfe9-667ab9a2eb26,"1639 Saarbrcken Drive",NULL,"North West",87bbafe9-034e-4f6e-ba60-ebe526dba1cb,9827.0,328494873422.0,...,"2014-09-26 11:03:05"
333cb85e-acec-4246-8c2e-29e56d29d027,"981 Kumbakonam Place",NULL,"Distrito Federal",fb852e77-badc-4308-8fae-830c2eae4fe8,87611.0,829116184079.0,...,"2014-09-26 11:00:17"
3398955e-4728-4896-90b8-5205bf75e00f,"1668 Anpolis Street",NULL,Taipei,3015fb6e-56af-42a6-91f5-2d1e3e540d2d,50199.0,525255540978.0,...,"2014-09-26 11:03:15"
33ed4a37-689e-4714-acbf-1139b17363a7,"331 Bydgoszcz Parkway",NULL,Asturia,2fb18473-4870-4a20-833a-f595e96d21cb,966.0,537374465982.0,...,"2014-09-26 11:03:09"
342eebf5-01ae-48a4-9164-13fdb362b867,"1229 Valencia Parkway",NULL,Haskovo,e15a67e1-7230-4107-a7b2-a80e7707dc9c,99124.0,352679173732.0,...,"2014-09-26 11:00:24"
34ff6ef2-d883-4340-aace-412f30bbbdf4,"97 Shimoga Avenue",NULL,"Tel Aviv",1d430eda-3d62-4314-a7cc-7619e0bea452,44660.0,177167004331.0,...,"2014-09-26 11:01:41"
3553c51b-314b-4db9-8913-6e3468619ec4,"1542 Lubumbashi Boulevard",NULL,"Tel Aviv",fca83d0c-2b78-4928-a9b1-fcfccef0e3ac,62472.0,508800331065.0,...,"2014-09-26 11:01:41"
362f12cc-dc97-4359-bd6d-708c2956f491,"898 Jining Lane",NULL,Pohjois-Pohjanmaa,4372ddc7-030e-4001-8c24-6170936649f7,40070.0,161643343536.0,...,"2014-09-26 11:01:00"
37b8a92c-39c5-4abb-9d90-256527eedc07,"32 Liaocheng Way",NULL,"Minas Gerais",087fab14-11ab-413f-8c38-7c63fed4b43b,1944.0,410877354933.0,...,"2014-09-26 11:00:19"
38a22c74-85da-4abc-909b-3dd8d7b14482,"492 Cam Ranh Street",NULL,"Eastern Visayas",937bec1a-e2c7-48c9-906d-d4f6ef60d36c,50805.0,565018274456.0,...,"2014-09-26 11:02:34"
38b04de3-cc43-49f6-8711-650640bd4530,"586 Tete Way",NULL,Kanagawa,c7fa4284-3108-4329-8b87-24c3c1246dc2,1079.0,18581624103.0,...,"2014-09-26 11:01:48"
3934f9b4-0c12-4343-befa-96f2f54c5a03,"220 Hidalgo Drive",NULL,Kermanshah,e5a1922e-587c-4fcb-b24c-fe0b4178e9b4,45298.0,342720754566.0,...,"2014-09-26 11:01:37"
39395478-65f8-460c-91d7-fd78b456e734,"1297 Alvorada Parkway",NULL,Ningxia,45fa5f27-9772-4062-ae07-76402b56d5f8,11839.0,508348602835.0,...,"2014-09-26 11:00:49"
394277a3-d9f1-4e23-aaa8-885460e48d8b,"1642 Charlotte Amalie Drive",NULL,Slaskie,3e79bb93-ab0e-4559-932f-d19c29862945,75442.0,821476736117.0,...,"2014-09-26 11:02:44"
3a90cdbd-0b9b-4d67-91be-c1e904651d91,"1009 Zanzibar Lane",NULL,Arecibo,02fd857e-8cad-4bd9-8834-eb6c77ab18ed,64875.0,102396298916.0,...,"2014-09-26 11:02:45"
3a95d440-9b83-4dd2-95a3-4d8644abff79,"936 Salzburg Lane",NULL,"Uttar Pradesh",c6a443eb-3bc2-4d70-baa2-51cd9fe12931,96709.0,875756771675.0,...,"2014-09-26 11:01:24"
3b572117-f133-4573-9027-fbc3d80add38,"1010 Klerksdorp Way",NULL,Steiermark,ee33829d-b7f4-4ab6-8d38-bb9af51d51de,6802.0,493008546874.0,...,"2014-09-26 11:00:10"
3bb06fe9-6e64-4f30-8c24-c2a28caa83dc,"33 Gorontalo Way",NULL,"West Bengali",b8cec1c2-ae3d-461f-95b9-4f71ebece2cb,30348.0,745994947458.0,...,"2014-09-26 11:01:18"
3be320a8-8484-4e82-939f-9260e008709b,"1923 Stara Zagora Lane",NULL,Nantou,55be31ec-b00a-43bf-b916-01d6f046f142,95179.0,182178609211.0,...,"2014-09-26 11:03:17"
3c84e161-513f-4578-b29b-aea8886e93ca,"207 Cuernavaca Loop",NULL,Tatarstan,96d70f80-6a2f-45af-8efb-d70b7ac196c4,52671.0,782900030287.0,...,"2014-09-26 11:02:55"
3ce5f577-c8e0-4924-8af8-292bfdf4d9f6,"1837 Kaduna Parkway",NULL,"Inner Mongolia",627efc0b-a28d-4b52-a102-dc50518e3042,82580.0,640843562301.0,...,"2014-09-26 11:00:37"
3d1b5c67-6d36-4f08-b685-2ff32040cfe6,"682 Garden Grove Place",NULL,Tennessee,a97b552d-48df-4dcd-a8c0-791578a9aece,67497.0,72136330362.0,...,"2014-09-26 11:03:57"
3e3cc625-097c-428b-b52d-3b172dba936d,"1769 Iwaki Lane",NULL,Kujawsko-Pomorskie,ab8fc9f7-ae3f-4ec4-ae0e-6493fdaf401b,25787.0,556100547674.0,...,"2014-09-26 11:02:41"
3e777181-7cec-489e-8fe8-63266070d5ca,"42 Brindisi Place",NULL,Yerevan,41932dd6-0c1d-4141-a731-bf0762e26238,16744.0,42384721397.0,...,"2014-09-26 11:00:08"
3ef55131-9e87-4931-800d-ffcb8b388318,"447 Surakarta Loop",NULL,Nyanza,16fa44de-e85e-45ff-8e9a-e0139858cbac,10428.0,940830176580.0,...,"2014-09-26 11:01:56"
41cb8f9e-092a-4a56-bb79-b012aabc2a11,"76 Kermanshah Manor",NULL,Esfahan,8a2d1efc-3295-4639-b336-1e243969d49c,23343.0,762361821578.0,...,"2014-09-26 11:01:37"
420db9c6-2386-4646-b67e-bc13f8dc5f1e,"1359 Zhoushan Parkway",NULL,Streymoyar,63ba382b-fde4-4daa-8974-bac0bdf18f66,29763.0,46568045367.0,...,"2014-09-26 11:00:59"
424de506-4c07-4134-8153-3dc102ecfea4,"647 A Corua (La Corua) Street",NULL,Chollanam,414da6be-8759-4c06-87fa-74991bbdcd90,36971.0,792557457753.0,...,"2014-09-26 11:03:07"
425f6bf1-eb4f-4c1d-aedb-c8b2fa87738f,"1516 Escobar Drive",NULL,Tongatapu,3c2abc11-a177-47aa-a94a-5e371a64e025,46069.0,64536069371.0,...,"2014-09-26 11:03:20"
429bfb6e-667a-448b-bd8c-879ffb14faff,"1497 Fengshan Drive",NULL,KwaZulu-Natal,0414607c-b69b-4503-8957-67f9e7404585,63022.0,368738360376.0,...,"2014-09-26 11:03:03"
42cc169d-33d3-4e65-9824-4ecf3df6cc68,"262 A Corua (La Corua) Parkway",NULL,Dhaka,a27ead9f-46d0-40e9-b3de-a4faaba89225,34418.0,892775750063.0,...,"2014-09-26 11:00:12"
439bb979-1b36-4749-87ac-0649dd31307d,"434 Ourense (Orense) Manor",NULL,Hodeida,40c8d770-9f19-4c7c-8068-ff77a6bd72c1,14122.0,562370137426.0,...,"2014-09-26 11:04:10"
43a066cd-534d-4941-9d00-b5c00cebf298,"1668 Saint Louis Place",NULL,Tahiti,2008aed9-b75e-4005-8f5f-b8530e275b1c,39072.0,347487831378.0,...,"2014-09-26 11:01:02"
447e17c7-5fbf-4f2e-a400-a9e6cd6b325a,"1762 Paarl Parkway",NULL,Hunan,22a6bc74-c68a-4700-be52-3104df2100c0,53928.0,192459639410.0,...,"2014-09-26 11:00:39"
45b1b560-0bb2-45cb-aa15-4cb9589d2d56,"810 Palghat (Palakkad) Boulevard",NULL,Jaroslavl,2ae6242f-8f64-494b-975b-44311e2f3966,73431.0,516331171356.0,...,"2014-09-26 11:02:49"
46d27bde-415f-4e7f-8dd0-f629021877eb,"68 Molodetno Manor",NULL,Nordrhein-Westfalen,955563fb-f497-49d3-b4b2-345e7682454d,4662.0,146640639760.0,...,"2014-09-26 11:01:06"
470d7509-b58c-49cd-808c-eaafde4c8685,"1088 Ibirit Place",NULL,Jalisco,b8e5c89e-d8f4-44fb-9455-3e2475f10cff,88502.0,49084281333.0,...,"2014-09-26 11:02:15"
471f6eba-5c8a-4a62-976a-5fd90fc1e061,"1158 Mandi Bahauddin Parkway",NULL,Shanxi,4b213f9a-efc6-4287-be8a-d5a923217afb,98484.0,276555730211.0,...,"2014-09-26 11:00:32"
473e9b2c-26c9-44b5-b090-17d15ae46c0e,"521 San Juan Bautista Tuxtepec Place",NULL,Qaraghandy,00af785e-8a31-41a3-907e-5f6921b8ab0c,95093.0,844018348565.0,...,"2014-09-26 11:01:56"
48846a0c-3e98-4ff3-8ef8-02a4ac4be79e,"556 Baybay Manor",NULL,"Oyo & Osun",b9f38e31-eafd-4ad0-ac8c-50d9d0659bd4,55802.0,363982224739.0,...,"2014-09-26 11:02:25"
48eff09f-228e-4fca-abc1-ee8d906f1d1a,"1133 Rizhao Avenue",NULL,Pernambuco,ded875c9-cedc-4a30-849b-3e7def1b87c1,2800.0,600264533987.0,...,"2014-09-26 11:00:23"
49c20ffc-a456-4cc1-a3ba-55454c01d81a,"844 Bucuresti Place",NULL,Liaoning,61aac896-9a2c-495c-a13c-7f4e30abc47d,36603.0,935952366111.0,...,"2014-09-26 11:00:37"
4a1e29d8-d7cb-4bf6-9c58-43a0ff4dc4c8,"1370 Le Mans Avenue",NULL,"Brunei and Muara",f341ee55-cce2-437f-a61f-944a147982cd,52163.0,345679835036.0,...,"2014-09-26 11:00:23"
4a1ff305-c693-4b85-a8ea-7737490a480c,"437 Chungho Drive",NULL,"Puerto Plata",35eb5902-1019-4c0e-a726-87d7b05cc7b8,59489.0,491271355190.0,...,"2014-09-26 11:00:55"
4a4534bb-775d-47e6-b592-83b659d1a227,"814 Simferopol Loop",NULL,Sinaloa,6edcc2ea-b6a3-4a05-b53c-cb972c61d429,48745.0,524567129902.0,...,"2014-09-26 11:02:05"
4a8e3441-db40-493d-b587-91889fe18565,"42 Fontana Avenue",NULL,Fejr,8247debc-d151-4828-aedc-3eeb05debda4,14684.0,437829801725.0,...,"2014-09-26 11:01:09"
4a97d4dd-4580-44bb-9574-b607d02a0422,"1078 Stara Zagora Drive",NULL,Aceh,2b30ae3d-d63c-40bb-a21e-ad2a5db1e01c,69221.0,932992626595.0,...,"2014-09-26 11:01:33"
4aa56cee-6fa0-493c-a6bb-8c557b85c67c,"1820 Maring Parkway",NULL,Punjab,7f9b28df-1160-45a0-bf76-9db9b787a1e5,88307.0,99760893676.0,...,"2014-09-26 11:02:30"
4b8bfb02-95ef-4001-906e-06a07efb06ce,"734 Bchar Place",NULL,Punjab,4cb1a963-23ee-43a8-b1ec-5456f61c4608,30586.0,280578750435.0,...,"2014-09-26 11:02:31"
4bc5d845-6ab8-4e5c-a709-671c48e956eb,"1417 Lancaster Avenue",NULL,"Northern Cape",24fd08b6-8aa9-4868-b08f-c2f6fed82630,72192.0,272572357893.0,...,"2014-09-26 11:03:03"
4bce1fef-b5d5-433d-b878-2da6486de589,"1586 Guaruj Place",NULL,Hunan,42c4c35d-65c7-491b-89be-a976b9ebd90e,5135.0,947233365992.0,...,"2014-09-26 11:00:46"
4c9a2e5f-6ea4-4761-b0c1-6877e6522397,"1658 Jastrzebie-Zdrj Loop",NULL,Central,961118f1-1139-4aae-a656-b7d7fa7d41b2,96584.0,568367775448.0,...,"2014-09-26 11:01:56"
4dd80c32-b65d-4600-a5e0-bb0ceaa8f0cc,"1842 Luzinia Boulevard",NULL,"Zanzibar West",5a8a2ba3-3afe-4f3e-ac4e-9f294dddad8b,94420.0,706878974831.0,...,"2014-09-26 11:03:19"
4e0b0163-5c49-4046-a16e-61f277d2cf2a,"1596 Acua Parkway",NULL,Jharkhand,029734f8-1e6e-47fc-90c7-faf511a09a41,70425.0,157133457169.0,...,"2014-09-26 11:01:24"
4e68d0b6-7ed4-4909-bbcf-b4c6de426ccd,"1168 Najafabad Parkway",NULL,Kabol,664f9b06-e959-467d-98dc-534fd0b0e622,40301.0,886649065861.0,...,"2014-09-26 10:59:59"
4ef40b2b-b314-4cde-99d3-0ce62e1e070a,"687 Alessandria Parkway",NULL,Sanaa,c2a14227-99b0-42a8-913a-eac63f96f989,57587.0,407218522294.0,...,"2014-09-26 11:04:10"
4f0e7035-3286-4a22-8412-c8f24ff81242,"556 Asuncin Way",NULL,Mogiljov,81ac9393-8e98-468d-83de-22158f772a80,35364.0,338244023543.0,...,"2014-09-26 11:00:13"
4f1b250a-9973-46cd-bd0b-e65ffb0dfb7d,"435 0 Way",NULL,"West Bengali",91d883ec-76a5-470d-81f8-67dce0c23720,74750.0,760171523969.0,...,"2014-09-26 11:01:16"
4f2804f3-bb64-4b66-9ef1-5396f12c02b7,"1354 Siegen Street",NULL,"Rio de Janeiro",30da0545-dad0-4d33-90db-bd9fe1e87c95,80184.0,573441801529.0,...,"2014-09-26 11:00:15"
4f8629f2-413d-457b-8a1d-8a92154e2478,"432 Garden Grove Street",NULL,Ontario,cf50db21-a040-4bb7-9623-da9596e0decd,65630.0,615964523510.0,...,"2014-09-26 11:00:28"
500e8519-bf72-4937-91df-68e2995e23c7,"1421 Quilmes Lane",NULL,Ishikawa,56272e3b-8ca1-4acb-a150-90e14a7202e7,19151.0,135407755975.0,...,"2014-09-26 11:01:49"
507764b1-cdf3-43fd-a86d-e207c5cb3daa,"478 Joliet Way",NULL,Hamilton,153d5717-dc7b-4cd4-ada9-0b11470abbec,77948.0,657282285970.0,...,"2014-09-26 11:02:22"
5151d869-a75f-41f9-b50b-8cf4170891fe,"446 Kirovo-Tepetsk Lane",NULL,Osaka,956d1366-1bcb-480a-838a-f55f37f9371a,19428.0,303967439816.0,...,"2014-09-26 11:01:45"
51b30547-85cf-4fbb-b90d-01561acf414e,"1749 Daxian Place",NULL,Gelderland,13bd22a4-01cf-4e40-803e-7916dcd88ecd,11044.0,963369996279.0,...,"2014-09-26 11:02:20"
51cb6125-8ccb-4e29-bf7b-94dc515dda0c,"692 Joliet Street",NULL,Attika,715e0a0d-6682-458f-ac9d-edfbea35e323,83579.0,448477190408.0,...,"2014-09-26 11:01:07"
51ee4d16-88c3-4d9d-a071-ad4bdfe15572,"1114 Liepaja Street",NULL,Sarawak,595f7888-c013-479c-a82b-990bf140105b,69226.0,212869228936.0,...,"2014-09-26 11:02:00"
52bbe57b-1f27-428d-bcc2-f7a40ce9f889,"1309 Weifang Street",NULL,Florida,7016fe43-b381-49e0-8742-7af147237c42,57338.0,435785045362.0,...,"2014-09-26 11:04:02"
5309cbcf-17f8-4016-af16-2a66ddf83c56,"1192 Tongliao Street",NULL,Sharja,c1449f45-2845-4a17-853f-5b51af3368a0,19065.0,350970907017.0,...,"2014-09-26 11:03:35"
53579724-fd1b-49b6-b7b6-ece3285b9981,"715 So Bernardo do Campo Lane",NULL,Kedah,b98c74f0-20a0-4b77-9ff5-2e05e542ec6c,84804.0,181179321332.0,...,"2014-09-26 11:02:00"
54d23fa7-ce03-498e-9aad-976e6c284f8b,"1854 Okara Boulevard",NULL,Drenthe,67789048-7a6d-414c-bd5c-b0daec929bda,42123.0,131912793873.0,...,"2014-09-26 11:02:21"
54d841ef-5150-4f30-a972-533bdec58b19,"154 Tallahassee Loop",NULL,Xinxiang,ddb5e24d-abfc-4804-b3a4-1710d8884b7d,62250.0,935508855935.0,...,"2014-09-26 11:00:34"
55445f19-ba66-4fb1-a8d2-17d77dd61a11,"1966 Tonghae Street",NULL,"Anhalt Sachsen",742438f0-e59b-4c8d-8e80-55179d55b0f3,36481.0,567359279425.0,...,"2014-09-26 11:01:05"
5558fcb1-74b0-4b94-bb01-d3df33a2d416,"1157 Nyeri Loop",NULL,Adygea,5aba34a7-8acb-4c85-9b81-d4b21eadf59b,56380.0,262744791493.0,...,"2014-09-26 11:02:55"
561b6693-6a03-4eb0-b896-18a59de3ca40,"1269 Botosani Manor",NULL,Guangdong,3684991a-f1d5-4cd7-9f38-c407e7e2faf7,47394.0,736517327853.0,...,"2014-09-26 11:00:42"
564ea1cd-4344-4f9c-9b3c-c372b93faf0d,"126 Acua Parkway",NULL,"West Bengali",75e16177-50ab-4ef8-ad4b-897c9d3427fa,58888.0,480039662421.0,...,"2014-09-26 11:01:11"
56dac9cd-5d51-4fa7-83d2-89b414b50384,"671 Graz Street",NULL,Oriental,8c33bab4-122e-4535-b988-fd6c20a56c88,94399.0,680768868518.0,...,"2014-09-26 11:02:16"
56dc64c8-819b-4e30-ac72-a6b7bf9298d5,"1405 Hagonoy Avenue",NULL,Slaskie,7b99e12c-ef4f-4d07-9dde-1b24de75859f,86587.0,867287719310.0,...,"2014-09-26 11:02:42"
5747457d-f59e-4678-8531-7aa566e117fa,"725 Isesaki Place",NULL,Mekka,196c97aa-a03e-4880-8a5b-5038de3854ae,74428.0,876295323994.0,...,"2014-09-26 11:03:00"
5788ee7d-8ead-47f0-a6ec-8c43a6cf09b1,"1948 Bayugan Parkway",NULL,Bihar,1d0c69bd-4333-4c22-bb9b-c47cdf76a769,60622.0,987306329957.0,...,"2014-09-26 11:01:19"
57c188f7-7c3b-455f-939c-6e6b6dca81bc,"886 Tonghae Place",NULL,Volgograd,7b7c272d-8856-4579-a475-a13cf4604883,19450.0,711928348157.0,...,"2014-09-26 11:02:50"
57e15364-6776-4754-97d8-cc404c81afcf,"1304 ´s-Hertogenbosch Way",NULL,"Santa Catarina",1ae86146-0cc8-4ee6-95f5-ea2cc63fdc4c,10925.0,90336226227.0,...,"2014-09-26 11:00:16"
587257b0-ba47-469b-acd7-250665295be1,"1029 Dzerzinsk Manor",NULL,Ynlin,60982e18-34a7-41c0-a7dc-175841de0034,57519.0,33173584456.0,...,"2014-09-26 11:03:16"
58b616aa-b402-4398-b863-1701ef9cdc55,"1866 al-Qatif Avenue",NULL,California,9550c2ce-2ff7-4fa6-93af-3826ffc329f9,89420.0,546793516940.0,...,"2014-09-26 11:03:50"
58c6209c-4d02-42a5-9467-6820dec6fea1,"1557 Ktahya Boulevard",NULL,England,67940ec0-592e-415c-acdd-c0115d5123b5,88002.0,720998247660.0,...,"2014-09-26 11:03:36"
59e99fe7-1edc-4c81-8b8f-94576d987a1c,"346 Cam Ranh Avenue",NULL,Zhejiang,356b4f85-3611-47bc-913d-c73ff6019575,39976.0,978430786151.0,...,"2014-09-26 11:00:51"
59fe75f6-995d-44f8-855a-167231a29f3c,"306 Antofagasta Place",NULL,"Esprito Santo",8e50b4d0-c7bb-435e-bf6a-0d0dc64fce90,3989.0,378318851631.0,...,"2014-09-26 11:00:23"
5a00b70d-9e17-44a4-9b0b-b5beb0200dd4,"1447 Imus Way",NULL,Tahiti,93a03e4d-059e-4e5e-8149-b233e4e6d33d,48942.0,539758313890.0,...,"2014-09-26 11:01:02"
5a1aceff-f46b-49ad-9f62-e80bca013715,"1289 Belm Boulevard",NULL,Tartumaa,4116dbaa-3273-468d-93e4-3d777e7d8d0a,88306.0,237368926031.0,...,"2014-09-26 11:00:58"
5a1fd9a5-d53a-4250-b7d6-7e53555863fa,"1027 Songkhla Manor",NULL,Minsk,0160d5c1-615f-4294-996d-24dcaad86e80,30861.0,563660187896.0,...,"2014-09-26 11:00:13"
5a38dcf6-877c-4734-af5e-9d9c99a10ecb,"442 Rae Bareli Place",NULL,Nordrhein-Westfalen,a7b3d09f-3640-49c6-b789-5ead2e16d1fc,24321.0,886636413768.0,...,"2014-09-26 11:01:04"
5a4afcab-09ae-4aec-b14a-5bfede3a43f3,"1308 Sumy Loop",NULL,Fujian,9b19ca31-6106-4e37-b33c-2bd1921e10f2,30657.0,583021225407.0,...,"2014-09-26 11:00:34"
5a93533e-7f21-4b09-b8b8-9d3410e0f65d,"635 Brest Manor",NULL,"Andhra Pradesh",885240f5-b8a6-41a0-86bd-c54e2be7d2f6,40899.0,80593242951.0,...,"2014-09-26 11:01:13"
5ba1eef3-2bdd-4a32-93f5-e4bf9266f532,"686 Garland Manor",NULL,Cear,04ffc5a2-f6dc-47fc-93df-93c724184bb6,52535.0,69493378813.0,...,"2014-09-26 11:00:19"
5bfb9610-47cd-4ace-86cc-8658d4db766e,"951 Springs Lane",NULL,"Central Mindanao",f59e01df-4495-4486-9e23-34aba942532c,96115.0,165164761435.0,...,"2014-09-26 11:02:37"
5d5da093-8d28-4ddc-b150-65d314e2c857,"507 Smolensk Loop",NULL,Sousse,c184c6e8-b267-4a4c-93ff-704c72a400a4,22971.0,80303246192.0,...,"2014-09-26 11:03:21"
5d8581a7-631e-440b-a537-d7aae90af751,"920 Kumbakonam Loop",NULL,California,a64febaf-0ac2-4920-b47b-46a9e42abd1c,75090.0,685010736240.0,...,"2014-09-26 11:04:00"
5de8198c-f982-4c6b-a013-71fe2b51b15e,"1440 Compton Place",NULL,"North Austria",60ba3232-1ca6-4d4b-9880-fab1518f65fc,81037.0,931059836497.0,...,"2014-09-26 11:00:10"
5e21a34c-7177-4301-a119-d399e840bfc8,"659 Gatineau Boulevard",NULL,"La Paz",841a59fc-4e20-4622-ba0b-5983eccf2167,28587.0,205524798287.0,...,"2014-09-26 11:00:13"
5e4f8548-c999-4c2a-96ef-21adc1b27af7,"430 Kumbakonam Drive",NULL,"Santa Fé",488068ca-140a-42f2-a1d6-3ae27fff3c4b,28814.0,105470691550.0,...,"2014-09-26 11:00:07"
5e527547-d0de-49e2-824d-3049cb9ad590,"1831 Nam Dinh Loop",NULL,"National Capital Reg",efcd8bef-16bf-46b9-8f7f-2bed711c3fc7,51990.0,322888976727.0,...,"2014-09-26 11:02:38"
5e9e0df3-1236-4e7d-944a-38059a120c7a,"928 Jaffna Loop",NULL,Hiroshima,59babbe2-5de2-4032-894a-a02b9fc980bd,93762.0,581852137991.0,...,"2014-09-26 11:01:45"
5ec508e9-56e9-4872-bb93-8f4c8cbad882,"1531 Sal Drive",NULL,Esfahan,2723c7e3-d2c8-475f-9cbe-a6844d7a19fd,53628.0,648856936185.0,...,"2014-09-26 11:01:36"
5fbb27ea-fa6e-40bd-b0b3-693e9f14a9a4,"1860 Taguig Loop",NULL,"West Java",b83e61ae-6c95-406e-9957-16516345d6d1,59550.0,38158430589.0,...,"2014-09-26 11:01:32"
5fbe6757-2775-48b5-a080-fd6b3d7f30be,"793 Cam Ranh Avenue",NULL,California,03e08d72-76d9-45d6-83ba-8e9dc909e69c,87057.0,824370924746.0,...,"2014-09-26 11:03:55"
5fc12e9d-2991-4c40-9fe9-0a73593745f5,"1269 Ipoh Avenue",NULL,Eskisehir,69ccd519-cfb1-4e7a-a01e-428079b0eb20,54674.0,402630109080.0,...,"2014-09-26 11:03:24"
5fdf21a4-f930-4da6-abfa-c6261641763f,"247 Jining Parkway",NULL,Banjul,fdb2bc18-8a26-4b50-9487-1f524c016214,53446.0,170115379190.0,...,"2014-09-26 11:01:04"
5ffc45b3-e20c-4621-b540-de04fdcc739f,"48 Maracabo Place",NULL,"Central Luzon",c0877242-72b1-45b4-82a5-720af075f401,1570.0,82671830126.0,...,"2014-09-26 11:02:39"
60377982-7364-4fe8-ab69-26e6ad7fe0c5,"1175 Tanauan Way",NULL,Lima,2d596d8e-7569-4fa0-98ef-73e100a9432f,64615.0,937222955822.0,...,"2014-09-26 11:02:33"
60f1e620-8a02-48ec-be17-7d7919e28cd6,"46 Pjatigorsk Lane",NULL,"Moscow (City)",c08f6300-82d8-4043-8183-5c5ae98e9e37,23616.0,262076994845.0,...,"2014-09-26 11:02:55"
610312e6-ce54-4e65-b787-425a083d845f,"1214 Hanoi Way",NULL,Nebraska,c1073ee2-9a6f-4399-8331-5ba27c835a43,67055.0,491001136577.0,...,"2014-09-26 11:03:56"
611c3b72-816a-4a57-9c9f-e00c3fc845dd,"817 Laredo Avenue",NULL,Jalisco,6adbe33b-ef33-4503-862c-7adbe414c144,77449.0,151249681135.0,...,"2014-09-26 11:02:06"
612cddb4-112e-497c-966a-d90b2d01d683,"1074 Sanaa Parkway",NULL,Loja,9cc32dce-b9c5-46f1-85da-776371c421e0,22474.0,154124128457.0,...,"2014-09-26 11:00:55"
614bda82-88f9-4cfb-829f-ad5d00dfd7eb,"786 Stara Zagora Way",NULL,"Oyo & Osun",9935ed38-2478-4e53-a0aa-85782140c064,98332.0,716256596301.0,...,"2014-09-26 11:02:27"
61c77f66-b2be-4139-b232-c538d38d9298,"144 South Hill Loop",NULL,Guanajuato,89b9f8f4-1b4f-4b1d-ae37-b8669c3c0600,2012.0,45387294817.0,...,"2014-09-26 11:02:11"
629eef92-0421-4ef2-81e3-706573d36cfc,"596 Huixquilucan Place",NULL,Nampula,eba8541c-b826-4eda-86a1-a4eb59944c5f,65892.0,342709348083.0,...,"2014-09-26 11:02:17"
62b0100f-f0d5-4de3-aa94-bc1c7ac9db9c,"614 Denizli Parkway",NULL,"Rio Grande do Sul",7ec05a8f-3a76-4be0-a6ca-f3d90fe32c6a,29444.0,876491807547.0,...,"2014-09-26 11:00:22"
63de2474-36f0-48fc-a6ad-17d2a84cf05e,"183 Haiphong Street",NULL,Jilin,82ea1af1-ea6c-4a16-877a-48e4d1e7ef73,69953.0,488600270038.0,...,"2014-09-26 11:00:30"
641693c7-5806-42e7-a0a5-5facd918760b,"1407 Pachuca de Soto Place",NULL,"Rio Grande do Sul",bec79f9d-709c-4da5-97b7-265b9d52142d,26284.0,380077794770.0,...,"2014-09-26 11:00:14"
662bba08-7a76-48e2-a82c-acb53eb2fe89,"1944 Bamenda Way",NULL,Michigan,1991bc74-f194-4170-8b6f-7f1ba441a517,24645.0,75975221996.0,...,"2014-09-26 11:04:03"
6655eadb-0856-486d-8355-bf41af96c9d9,"1641 Changhwa Place",NULL,Nord-Ouest,b065f4bb-3ede-4e31-8a2e-7f997d8ae0ff,37636.0,256546485220.0,...,"2014-09-26 11:00:25"
66b8ee26-4257-4938-bb76-f5292764fe2a,"651 Pathankot Loop",NULL,Maharashtra,9c34a77d-cd8d-46ec-bb43-954f2037a74b,59811.0,139378397418.0,...,"2014-09-26 11:01:20"
66f9f669-fb17-4808-a9c2-94d0bf0a9547,"951 Stara Zagora Manor",NULL,Punjab,f075292a-0b98-49b9-9972-8f73669fc23c,98573.0,429925609431.0,...,"2014-09-26 11:01:22"
67162b88-0d06-4ec5-8826-4ad4b8a9254c,"482 Kowloon and New Kowloon Manor",NULL,Bratislava,b1a08ae6-1240-4a6f-8ceb-d7a179492ab9,97056.0,738968474939.0,...,"2014-09-26 11:03:02"
682d0a81-158d-4395-a840-84eced1a4b27,"999 Sanaa Loop",NULL,Gauteng,522f052e-4a7e-47f0-b9ca-45f61cc1de75,3439.0,918032330119.0,...,"2014-09-26 11:03:05"
683942c4-ab47-4626-bec4-a72551338111,"1936 Lapu-Lapu Parkway",NULL,"Bauchi & Gombe",ff6b3e53-25ae-42a4-9e06-c42b1887b5fe,7122.0,653436985797.0,...,"2014-09-26 11:02:23"
6907a5ab-9953-45e2-815c-3b70e340c321,"45 Aparecida de Goinia Place",NULL,"Madhya Pradesh",b7742266-08aa-4e6e-8c7c-4df04e46fcc7,7431.0,650496654258.0,...,"2014-09-26 11:01:26"
6956f7de-8476-4651-9abb-8eb75706c74c,"614 Pak Kret Street",NULL,"Addis Abeba",07511659-b222-4a91-911e-3b9751122918,27796.0,47808359842.0,...,"2014-09-26 11:00:59"
69663390-42a8-46ae-9cdf-c74bcdca0a6a,"1936 Cuman Avenue",NULL,Virginia,a5971444-c4fc-4f3c-82b7-d024826dea5c,61195.0,976798660411.0,...,"2014-09-26 11:03:58"
6a85426b-d86a-41d1-af37-cb7eb6f3b59d,"617 Klerksdorp Place",NULL,"Khanh Hoa",a4a5e562-4407-4691-bdcc-38296b9913f4,94707.0,574973479129.0,...,"2014-09-26 11:04:07"
6ad3b388-76e2-4c85-9147-58149e2533ce,"816 Cayenne Parkway",NULL,Manab,4c9cb1da-f434-4c75-94e7-7b65a2bc787f,93629.0,282874611748.0,...,"2014-09-26 11:00:56"
6ad80ecb-9e70-4b7a-abfd-71bacaad0242,"1926 El Alto Avenue",NULL,"Buenos Aires",73d7215c-e53e-4a4b-af74-c35aaec2d538,75543.0,846225459260.0,...,"2014-09-26 11:00:05"
6b42c7cf-d77c-4a2b-90df-fc6efdee5a0f,"98 Stara Zagora Boulevard",NULL,Valle,0fad58c2-d41a-4f70-9b50-12f118832d34,76448.0,610173756082.0,...,"2014-09-26 11:00:51"
6b4fdbb8-4f97-42b9-a807-9a815bc7af97,"1926 Gingoog Street",NULL,Sisilia,05c645da-895f-4c1f-aa5b-d316c44df2bf,22824.0,469738825391.0,...,"2014-09-26 11:01:44"
6bee9e91-60e2-4f24-8424-90d8d5a60216,"345 Oshawa Boulevard",NULL,Tokyo-to,ce90499b-9386-4d2d-92ce-6a49d36cfdb0,32114.0,104491201771.0,...,"2014-09-26 11:01:45"
6c307ead-b9bd-49c6-afde-c5aad9d98839,"1789 Saint-Denis Parkway",NULL,"Coahuila de Zaragoza",33702712-2370-4d3f-a277-5b7f953facc7,8268.0,936806643983.0,...,"2014-09-26 11:02:01"
6c835c80-bbd7-4d00-ad65-3e09eddef507,"1427 Tabuk Place",NULL,Florida,de274bb5-1fe0-4e86-9401-e26420911ea3,31342.0,214756839122.0,...,"2014-09-26 11:03:47"
6cb8977e-5651-42e8-8a8b-3ac63b961e1c,"186 Skikda Lane",NULL,Morelos,74ae3319-1fe7-49b9-8936-fde7bceb5435,89422.0,14465669789.0,...,"2014-09-26 11:02:05"
6d24358d-bc7f-4cb8-80e5-d3984ec78ab6,"1623 Baha Blanca Manor",NULL,Moskova,1e40d8f9-2a8f-4e57-b435-88a461fade57,81511.0,149981248346.0,...,"2014-09-26 11:02:54"
6d54f597-1d46-4a3f-988a-6979b1a5e19a,"909 Garland Manor",NULL,Tatarstan,0fa985f0-3610-4ce6-badd-b5dae965fc29,69367.0,705800322606.0,...,"2014-09-26 11:02:55"
6d78cde5-96d3-481a-b877-eaec169e0467,"47 Syktyvkar Lane",NULL,"West Java",a324b835-f996-42d6-b021-a62bc7ee8a14,22236.0,63937119031.0,...,"2014-09-26 11:01:31"
6e09fba0-9860-416b-9a0e-51164fe3cf8e,"850 Salala Loop",NULL,Kitaa,207c8ac9-c442-4fa0-9957-1d8c1a7afe8e,10800.0,403404780639.0,...,"2014-09-26 11:01:07"
6e19f679-e178-49d1-a8ce-84835f956caa,"1947 Poos de Caldas Boulevard",NULL,Chiayi,982f0279-1b11-454d-bd46-5e4e927e08f0,60951.0,427454485876.0,...,"2014-09-26 11:03:14"
6e2fec47-547c-4b67-83ad-6e42d763f432,"801 Hagonoy Drive",NULL,Smolensk,0f8f6b59-ee66-40a3-8e28-4b6c49358a6c,8439.0,237426099212.0,...,"2014-09-26 11:02:57"
6e60c41d-ab30-47bb-bd42-a4177e3f45e8,"300 Junan Street",NULL,Kyonggi,ed4df939-6e17-45bd-97f6-a6f66912b7ea,81314.0,890289150158.0,...,"2014-09-26 11:03:08"
6ec684f0-f3ad-4f1d-ba52-a3d98e0f7d7f,"251 Florencia Drive",NULL,"Michoacn de Ocampo",889426d6-3e93-4334-9ff8-adfe38c9a204,16119.0,118011831565.0,...,"2014-09-26 11:02:13"
6eedc144-5fd4-4e96-8d72-7e4e25a5f607,"1367 Yantai Manor",NULL,"Ondo & Ekiti",21ccc37d-5284-4557-9a86-1a6d3b3b93ad,21294.0,889538496300.0,...,"2014-09-26 11:02:26"
6ef13efe-493e-42d3-b3da-0dff4e1791c9,"9 San Miguel de Tucumn Manor",NULL,"Uttar Pradesh",3b919188-99f4-4841-ba44-76614aa38657,90845.0,956188728558.0,...,"2014-09-26 11:01:15"
6f234fba-dad8-42d6-a767-6ca7b3a4e04f,"1964 Allappuzha (Alleppey) Street",NULL,Yamaguchi,f2fb72df-264e-4f9a-baee-db609121f447,48980.0,920811325222.0,...,"2014-09-26 11:01:47"
6f386709-38b1-4b55-9e6d-a7fc6ea329ed,"1152 al-Qatif Lane",NULL,"Kalimantan Barat",8561baaf-53b1-44da-b227-e71dde2859da,44816.0,131370665218.0,...,"2014-09-26 11:01:34"
6fbd6d70-8932-4cea-9adf-167c3419df84,"125 Citt del Vaticano Boulevard",NULL,Puebla,10fc72ee-0fb8-4617-97c5-44e6713eccf4,67912.0,48417642933.0,...,"2014-09-26 11:02:02"
70249390-9578-4433-bbf7-67e3284dd815,"1632 Bislig Avenue",NULL,Nonthaburi,983eb572-9cae-4a6f-965d-c8f6e0621bb4,61117.0,471675840679.0,...,"2014-09-26 11:03:20"
704d08ac-96a9-43ae-9c13-149068b66118,"587 Benguela Manor",NULL,Illinois,86842fbe-51a8-44a1-859e-5afe5e225142,91590.0,165450987037.0,...,"2014-09-26 11:03:44"
70e405c4-594f-4003-8d07-8c5cf4ada7c8,"947 Trshavn Place",NULL,"Central Luzon",7c3ae781-850f-49f1-9d2a-a2a56d4c0e6d,841.0,50898428626.0,...,"2014-09-26 11:02:40"
70f2dfa7-a4bd-48f9-9b8e-08dbc3fae5d0,"1889 Valparai Way",NULL,Ziguinchor,402a446f-d4f2-4cfd-9e7b-36b1ba20dbea,75559.0,670370974122.0,...,"2014-09-26 11:03:01"
7129601d-22f3-4473-94ab-af63870fc71f,"913 Coacalco de Berriozbal Loop",NULL,Texas,a934374b-773f-454e-9e6d-d18d02eb356b,42141.0,262088367001.0,...,"2014-09-26 11:03:43"
7193929b-a9a8-4a16-ae0e-0c56afe3e021,"166 Jinchang Street",NULL,"Buenos Aires",0eb49b76-7829-475c-ba1b-0082024215a0,86760.0,717566026669.0,...,"2014-09-26 11:00:05"
71b7616b-a3d7-40bf-bb23-eb773c2c79c5,"1542 Tarlac Parkway",NULL,Kanagawa,fca170b9-b2ad-46ae-be85-84e182ac92aa,1027.0,635297277345.0,...,"2014-09-26 11:01:53"
7248ba15-75bd-4035-9dc9-3f6b55b69629,"659 Vaduz Drive",NULL,"Ha Darom",23dfe5b9-200a-455d-a0c9-dc13e5cdaf59,49708.0,709935135487.0,...,"2014-09-26 11:01:40"
726ff907-9fff-40fa-9276-b9d33c4cd831,"533 al-Ayn Boulevard",NULL,California,cb8b5ad7-0978-429b-933e-b537812da1de,8862.0,662227486184.0,...,"2014-09-26 11:03:48"
737d232e-0522-46ab-8747-40f573343f85,"203 Tambaram Street",NULL,"Buenos Aires",ff1086af-cb76-4f77-b0ff-97799ba277bb,73942.0,411549550611.0,...,"2014-09-26 11:00:05"
74821634-2f5c-496d-bc6b-d4dbe58a7680,"1679 Antofagasta Street",NULL,"Alto Paran",43eb8a3d-53c3-42e2-a757-7b2b24f64747,86599.0,905903574913.0,...,"2014-09-26 11:02:32"
74864c1c-ac40-42f9-aba1-0bb9d12494f8,"588 Vila Velha Manor",NULL,Kyongsangbuk,63d14107-436a-4cc2-88f5-37763b3255d0,51540.0,333339908719.0,...,"2014-09-26 11:03:07"
74a353ea-19b4-43c7-91ba-c61efe3beabc,"760 Miyakonojo Drive",NULL,Guerrero,f523be58-ebad-4846-b759-886877d3f0f2,64682.0,294449058179.0,...,"2014-09-26 11:02:08"
74b280e5-88d0-4368-8b13-8dd6b54743e7,"1155 Liaocheng Place",NULL,"Oyo & Osun",18b8bb4a-08d8-4ec9-b603-77647476af9d,22650.0,558236142492.0,...,"2014-09-26 11:02:23"
766e9f1a-e8c6-485c-a779-557c8be1f3d8,"1074 Binzhou Manor",NULL,Baden-Wrttemberg,e7aeb96c-a594-404c-96f1-89347c0d407b,36490.0,331132568928.0,...,"2014-09-26 11:01:05"
76d14b65-32f9-4c9e-9196-0744b90f5546,"270 Toulon Boulevard",NULL,Kalmykia,80c92f92-361f-44ed-bbad-0c80c0c7608e,81766.0,407752414682.0,...,"2014-09-26 11:02:48"
7721aba6-ee19-46b7-beba-3a319c3c38b7,"1124 Buenaventura Drive",NULL,Mekka,793e8005-72c8-4f82-ba45-681e90c642f9,6856.0,407733804223.0,...,"2014-09-26 11:02:59"
77459d44-d10e-4098-8cbf-da45f69b9b1e,"217 Botshabelo Place",NULL,"Southern Mindanao",7efbe61a-d448-4a93-b7ad-8f4f49f7f683,49521.0,665356572025.0,...,"2014-09-26 11:02:36"
77937d57-35c6-4954-ad36-f00646e52fbf,"433 Florencia Street",NULL,Chihuahua,2d3185e0-50a4-4acd-a3dc-1b2d68d1a03d,91330.0,561729882725.0,...,"2014-09-26 11:02:08"
77c4781a-2585-47bf-bd2f-4cffa5fa0092,"1778 Gijn Manor",NULL,Hubei,0d077147-7127-4db8-9bb3-44e4bf7a66b7,35156.0,288910576761.0,...,"2014-09-26 11:00:50"
782af448-cd11-41a0-8338-9d9eabf285e1,"1256 Bislig Boulevard",NULL,Botosani,b4fd122e-6b6e-42be-9127-5e58141d7a4f,50598.0,479007229460.0,...,"2014-09-26 11:02:46"
7862ddef-961c-4144-b179-4ac362d64cb1,"1867 San Juan Bautista Tuxtepec Avenue",NULL,Ivanovo,a06571e5-cfa5-45b3-b39b-9d3cc364ef61,78311.0,547003310357.0,...,"2014-09-26 11:02:48"
7885331d-cfb5-4f29-8979-2c65a1e7cff9,"1913 Hanoi Way",NULL,Nagasaki,9e9f43d0-1bb3-4e99-9d53-e3fd689d71de,35200.0,28303384290.0,...,"2014-09-26 11:01:53"
793335a3-e89b-421a-8d90-118afec26652,"619 Hunuco Avenue",NULL,Shimane,da872d28-a1f7-4476-ae22-455844e72f53,81508.0,142596392389.0,...,"2014-09-26 11:01:50"
7988ab83-5d27-4778-bc30-5cb60c3de2d7,"544 Tarsus Boulevard",NULL,Gurico,bf513bc0-3ac1-4179-9654-60cb3a02ca59,53145.0,892523334.0,...,"2014-09-26 11:04:05"
79b90d9e-187c-45cd-8498-09e46facb6d5,"500 Lincoln Parkway",NULL,Ji´angsu,afbd3f1d-3d6a-4d14-9436-370f2890092d,95509.0,550306965159.0,...,"2014-09-26 11:00:35"
79e89b0d-ddf0-4a5a-a912-9db3396cd7fe,"316 Uruapan Street",NULL,Perak,a05d6dbf-bf39-45dd-889c-7552dbfa28fa,58194.0,275788967899.0,...,"2014-09-26 11:01:59"
7a43ed4f-d290-49b1-9067-cfd93b39c358,"663 Baha Blanca Parkway",NULL,Adana,ba92ee30-8c37-46dc-a23b-324c4842aa57,33463.0,834418779292.0,...,"2014-09-26 11:03:22"
7a6f54a2-37f9-42cd-bf4b-527d31cc85f7,"949 Allende Lane",NULL,"Uttar Pradesh",f8b8a677-ffeb-4667-b02b-3caded1d89ab,67521.0,122981120653.0,...,"2014-09-26 11:01:11"
7ab8b5ee-98b6-484b-80d5-2f00e5f7ab56,"1014 Loja Manor",NULL,"Tamil Nadu",b505faec-b0c3-4f69-96b7-45ca2762a953,66851.0,460795526514.0,...,"2014-09-26 11:01:10"
7acfe3ac-5dcf-42a3-8541-19e0c91d75fb,"929 Tallahassee Loop",NULL,Gauteng,a98f17c1-6cf4-4b56-9f5e-b14c936af025,74671.0,800716535041.0,...,"2014-09-26 11:03:06"
7b399c67-81bb-4073-aa4a-e767a0a52bef,"1447 Imus Place",NULL,Gujarat,6f5bd19a-ef00-4de5-9b25-24ae24f4e819,12905.0,62127829280.0,...,"2014-09-26 11:01:25"
7b4f6334-0d22-4b90-aa10-bf0bad5a354a,"1176 Southend-on-Sea Manor",NULL,"Southern Tagalog",683befca-1e62-429b-805f-378b1c85793c,81651.0,236679267178.0,...,"2014-09-26 11:02:39"
7cb3c2f9-9a9d-4e30-b969-11e7fc1f70b0,"1839 Szkesfehrvr Parkway",NULL,Gois,65c44b68-d9d2-4dfc-b42e-736f67353f2b,55709.0,947468818183.0,...,"2014-09-26 11:00:20"
7d205f35-7962-4ab1-b76b-b1c7f3119212,"211 Chiayi Drive",NULL,"Uttar Pradesh",3cccf196-3888-4a02-9e7c-6309b627b979,58186.0,665993880048.0,...,"2014-09-26 11:01:15"
7e2abb9a-e484-4a68-ae90-1a39315cbdf1,"1877 Ezhou Lane",NULL,Rajasthan,6f8346af-f7f0-4111-9df6-2eaccd29e2b0,63337.0,264541743403.0,...,"2014-09-26 11:01:28"
7e69e251-382c-432a-9ef8-5da021de5fee,"1566 Inegl Manor",NULL,Mandalay,0ed6c016-49ba-41b3-adf5-317b5906aa41,53561.0,705814003527.0,...,"2014-09-26 11:02:18"
7f0013e5-51fe-4825-b5ca-b51deb1314ab,"1148 Saarbrcken Parkway",NULL,Fukushima,1a8d4701-ad2c-4333-9891-6c1bf8a59dac,1921.0,137773001988.0,...,"2014-09-26 11:01:47"
7fae651a-2b6e-4e7a-b57f-ce8796dbd7f7,"1618 Olomouc Manor",NULL,Kurgan,0f82efa8-f85d-4447-af3e-5f290d4a43c5,26385.0,96846695220.0,...,"2014-09-26 11:02:51"
7fd36cf8-67c8-4542-bf6d-1e08f8fc2af7,"454 Patiala Lane",NULL,Fukushima,aec79814-acec-45f1-9230-2931a765dcd1,13496.0,794553031307.0,...,"2014-09-26 11:01:49"
80021726-7801-477a-84ba-d7af5fec9afc,"514 Ife Way",NULL,Shaba,571e6e86-e773-4874-aede-3643c4bab913,69973.0,900235712074.0,...,"2014-09-26 11:00:53"
80d0421f-231c-4301-8802-e065f5291a89,"1443 Mardan Street",NULL,"Western Cape",6e967dd6-c7ef-43c5-8e40-927116875526,31483.0,231383037471.0,...,"2014-09-26 11:03:05"
810d2b60-9c65-4b70-8439-9acb954fe025,"270 Tambaram Parkway",NULL,Gauteng,0388646a-b580-4ad6-acea-a8321dd3893e,9668.0,248446668735.0,...,"2014-09-26 11:03:03"
81915f1e-b378-417d-b96f-f022e9dbe09a,"1338 Zalantun Lane",NULL,"Minas Gerais",5b6f4179-332d-4779-aec9-5a511e845690,45403.0,840522972766.0,...,"2014-09-26 11:00:21"
8193ab99-d0d1-41f4-aaba-fb3f595bc740,"154 Oshawa Manor",NULL,"East Java",7e1069ae-49cb-471d-959e-33c640b8b050,72771.0,440365973660.0,...,"2014-09-26 11:01:34"
81ff920e-ae36-4a63-ab66-463ea80c7a57,"32 Pudukkottai Lane",NULL,Ohio,0427b96c-4eb2-44e0-9d03-3183df3bb0de,38834.0,967274728547.0,...,"2014-09-26 11:03:49"
81ffe535-9261-49e9-8bc2-41a4a735f95f,"1740 Portoviejo Avenue",NULL,Sucre,d610f398-b81a-43ff-8e78-1339104ff93b,29932.0,198123170793.0,...,"2014-09-26 11:00:53"
8277aa75-5b73-4ac8-bee2-7ffa243a8411,"390 Wroclaw Way",NULL,Hainan,b96ed62e-8fb7-4ee3-93fd-1a97d43d80be,5753.0,357593328658.0,...,"2014-09-26 11:00:41"
82a35ca5-e446-44e3-9b8d-cfb2e909e7b5,"1766 Almirante Brown Street",NULL,KwaZulu-Natal,ad3864c4-5eaa-4e9d-994e-5704c774c2de,63104.0,617567598243.0,...,"2014-09-26 11:03:04"
843e757f-3920-4022-ba01-4e68aa8bc554,"1404 Taguig Drive",NULL,Okayama,c1eac3b0-7366-4231-8899-cd09c2bc3df5,87212.0,572068624538.0,...,"2014-09-26 11:01:54"
84a6b057-a671-453b-bb2d-d37c5f28757f,"1854 Tieli Street",NULL,Shandong,84659176-9c32-4c4b-ba16-8abaad953a3c,15819.0,509492324775.0,...,"2014-09-26 11:00:39"
85096d57-0393-430c-b5e8-72c18e509909,"1628 Nagareyama Lane",NULL,Central,f7e8c06a-31cb-4eb7-bc86-4ec3a7c5edbc,60079.0,20064292617.0,...,"2014-09-26 11:02:32"
8529deb2-7098-4ab9-98e6-bbac904000a4,"1197 Sokoto Boulevard",NULL,"West Bengali",1c7c0500-9dc7-44aa-a49c-9550225cc5d4,87687.0,868602816371.0,...,"2014-09-26 11:01:27"
85a324ae-4827-482b-9107-d44f42bbb379,"669 Firozabad Loop",NULL,"Abu Dhabi",136324f4-a0c3-4fff-a505-4756a24dcfb7,92265.0,412903167998.0,...,"2014-09-26 11:03:35"
86aa6a4d-7a41-4cf5-8663-fdc3d81aa808,"568 Dhule (Dhulia) Loop",NULL,Coquimbo,7a3ec11a-d3d8-492c-9c53-984a47e5bbfc,92568.0,602101369463.0,...,"2014-09-26 11:00:30"
879b1896-109d-4f5b-b615-716e16bb6f81,"1698 Southport Loop",NULL,Hidalgo,7c70aab6-539d-443b-8da1-4473368fbf05,49009.0,754358349853.0,...,"2014-09-26 11:02:11"
882a3e23-50ae-4995-ba3a-37069902ac7f,"953 Hodeida Street",NULL,"Southern Tagalog",6495dbec-1ba3-4f1d-9a42-2f9bfb967947,18841.0,53912826864.0,...,"2014-09-26 11:02:37"
883a5f73-ac31-472b-b071-f6a6f17e876e,"771 Yaound Manor",NULL,Sofala,c6000046-5bf0-40cd-80a2-0ba10a48a3a6,86768.0,245477603573.0,...,"2014-09-26 11:02:17"
8844ea5e-338d-4554-abc7-074563712593,"319 Springs Loop",NULL,Baijeri,a97b0aba-2b72-4ea4-be8e-701b2a338664,99552.0,72524459905.0,...,"2014-09-26 11:01:05"
8957e688-6f14-4cbe-a2cb-c5a8b967ae89,"1675 Xi´angfan Manor",NULL,"Tamil Nadu",6abe6a68-176d-4ccb-ba30-f3f177cb65fc,11763.0,271149517630.0,...,"2014-09-26 11:01:20"
898904de-dc35-4320-b67b-30e65acda816,"1229 Varanasi (Benares) Manor",NULL,"Buenos Aires",264fab4c-f425-4edd-8af5-ca86d0ef7c81,40195.0,817740355461.0,...,"2014-09-26 11:00:04"
8a21ad9f-54e1-4d12-8421-dbc16876ea59,"1368 Maracabo Boulevard",NULL,NULL,b1955c52-ba16-4f18-99b1-f8df24c9e884,32716.0,934352415130.0,...,"2014-09-26 11:00:03"
8a467768-8110-455b-8429-11daff7915d4,"613 Korolev Drive",NULL,Masqat,1c66bc49-307d-45aa-af73-d53758da9571,45844.0,380657522649.0,...,"2014-09-26 11:02:29"
8a573d68-2261-4057-a68a-f99189eb8af2,"1006 Santa Brbara dOeste Manor",NULL,"Ondo & Ekiti",2c8f558f-c105-4f7f-8bae-0464f57f4d68,36229.0,85059738746.0,...,"2014-09-26 11:02:26"
8ab1cb54-c655-4bbd-ba64-a99af019c259,"1332 Gaziantep Lane",NULL,Shandong,aeefc319-6167-40ea-92e7-bef028b494f7,22813.0,383353187467.0,...,"2014-09-26 11:00:31"
8ad813fa-8603-4439-8e5c-d7be18e1cdcc,"1337 Mit Ghamr Avenue",NULL,"Nakhon Sawan",ef9271f6-ddbd-44ca-9279-79a8e8071a05,29810.0,175283210378.0,...,"2014-09-26 11:03:19"
8b1a8097-dd81-416f-af27-6eae46c88b63,"1912 Allende Manor",NULL,"Kowloon and New Kowl",fadeed3c-a934-4c26-bf32-914c92f74aa9,58124.0,172262454487.0,...,"2014-09-26 11:01:09"
8b8c55ed-38ae-4899-83d2-c6a9bc4abbcc,"261 Saint Louis Way",NULL,"Coahuila de Zaragoza",ce69c211-2226-4791-9ee9-4753358a425e,83401.0,321944036800.0,...,"2014-09-26 11:02:13"
8bef3738-0f41-46d9-9139-150e5a1871a6,"954 Lapu-Lapu Way",NULL,Moskova,87444fd9-8058-4ec7-afb7-02abcc6d67b0,8816.0,737229003916.0,...,"2014-09-26 11:02:51"
8cbbf2a1-b9c8-47ee-8826-36acde53a423,"163 Augusta-Richmond County Loop",NULL,Carabobo,e91555e9-7f65-40f9-931e-571f3e413b18,33030.0,754579047924.0,...,"2014-09-26 11:04:05"
8cf6812d-e735-4f72-ada2-f5713b19558b,"808 Naala-Porto Parkway",NULL,England,ce5aa36c-e0e5-427f-b36c-67f3df5f7b35,41060.0,553452430707.0,...,"2014-09-26 11:03:41"
8d667002-a071-481e-b7a1-cf00ee29019c,"758 Junan Lane",NULL,Gois,90c6e6da-3c0b-4e29-97d4-ae8cefea7d42,82639.0,935448624185.0,...,"2014-09-26 11:00:18"
8da0046e-d406-4745-955f-35934b423578,"381 Kabul Way",NULL,Taipei,3eeb752f-b624-4b16-9bbe-081935308a99,87272.0,55477302294.0,...,"2014-09-26 11:03:15"
8dfb5e91-8073-41e2-a64b-c4b0a202a7c3,"1001 Miyakonojo Lane",NULL,Taizz,742d37f2-7876-4a16-8b85-91e1ca6ce168,67924.0,584316724815.0,...,"2014-09-26 11:04:11"
8e7c123d-4a6e-4bfd-943e-7993b0b368b9,"176 Mandaluyong Place",NULL,"Uttar Pradesh",c42f72d9-c4f4-4857-9210-849e6910a58b,65213.0,627705991774.0,...,"2014-09-26 11:01:17"
8ebe8352-4cc9-4d8b-add4-c8cbb8288500,"1483 Pathankot Street",NULL,Tucumn,04da0cfc-b99c-4fca-950c-2a68db1ffa1f,37288.0,686015532180.0,...,"2014-09-26 11:00:06"
8f32faee-d737-44fd-8397-f697d7b460ba,"1599 Plock Drive",NULL,Tete,37c170ab-5d4d-4c75-b7f4-7f4292fc3fdb,71986.0,817248913162.0,...,"2014-09-26 11:02:18"
8f33d157-d738-4cf7-b7d7-66c793a87d5d,"1061 Ede Avenue",NULL,"Southern Tagalog",005fd28d-2642-4d66-8aa7-1cb4b81c7a40,57810.0,333390595558.0,...,"2014-09-26 11:02:35"
8fa362c0-a699-4044-8377-93e50910e7b6,"1469 Plock Lane",NULL,Galicia,7bb9aef8-1c0e-49ee-87b8-c688908dbe00,95835.0,622884741180.0,...,"2014-09-26 11:03:09"
9017e0dc-1dcb-4d39-bcf6-533ca9a59c51,"29 Pyongyang Loop",NULL,Batman,8f02079e-5ff5-4755-bf29-6e6eef3703f6,47753.0,734780743462.0,...,"2014-09-26 11:03:23"
9078c095-908d-4f0a-ae42-0026238e858a,"146 Johannesburg Way",NULL,Tamaulipas,d76b7b43-e671-4610-81fc-b246eba18c6b,54132.0,953689007081.0,...,"2014-09-26 11:02:09"
90deb57a-2b64-4407-b480-285034bb0311,"904 Clarksville Drive",NULL,Zhejiang,7bf88c0d-ba93-47e5-a042-5b2a33517860,52234.0,955349440539.0,...,"2014-09-26 11:00:34"
9139556f-2db9-4369-b29c-5011556f0058,"1688 Okara Way",NULL,"Nothwest Border Prov",5df25e79-884e-4565-8281-1db1bb72fac5,21954.0,144453869132.0,...,"2014-09-26 11:02:30"
91a499f7-dfce-4766-87b1-e58fff0210be,"1244 Allappuzha (Alleppey) Place",NULL,"Buenos Aires",c48bf0a2-c1ed-4cfc-a9bb-4d1538c95a3f,20657.0,991802825778.0,...,"2014-09-26 11:00:08"
92c6edda-117f-45a1-a243-7fb7ef685bd2,"954 Kimchon Place",NULL,"West Bengali",9579405a-a322-4ca1-a67a-846078b796b4,42420.0,541327526474.0,...,"2014-09-26 11:01:28"
9357a8a9-ac0d-484d-a5fc-59e5fc053b3a,"1519 Ilorin Place",NULL,Kerala,f7465e2e-0d94-4691-8120-bcff76575008,49298.0,357445645426.0,...,"2014-09-26 11:01:21"
938ade36-9ddc-4bdb-a5b2-dd90a8f32693,"1331 Usak Boulevard",NULL,Vaud,bcbfab8c-31ce-4e97-a805-c371680dfc83,61960.0,145308717464.0,...,"2014-09-26 11:03:14"
93d75896-cc0f-4db3-afb0-34700d4c9519,"1913 Kamakura Place",NULL,Lipetsk,3796af53-35cd-4fce-9cf6-5b2d4702c7e8,97287.0,942570536750.0,...,"2014-09-26 11:02:49"
93dc4ef5-63d3-4431-9d11-a52fcbc8849a,"1795 Santiago de Compostela Way",NULL,Texas,b100292d-8041-4c35-be15-a8c5d2e2dda5,18743.0,860452626434.0,...,"2014-09-26 11:03:55"
9419edef-8ef2-462c-8f22-95eb52adaf9e,"1697 Tanauan Lane",NULL,Punjab,d177fba2-7e96-4c27-a882-b0caf14de0f5,22870.0,4764773857.0,...,"2014-09-26 11:01:22"
94356d0d-1b94-4331-885d-c4891114967e,"1077 San Felipe de Puerto Plata Place",NULL,Rostov-na-Donu,41418fb2-22d6-449e-802f-64158392d4d4,65387.0,812824036424.0,...,"2014-09-26 11:02:56"
943d89bc-841a-43aa-b5ad-146268e248a3,"1964 Gijn Manor",NULL,Karnataka,51d9a2cf-9cc6-426e-a2b9-4a5f99e7a732,14408.0,918119601885.0,...,"2014-09-26 11:01:26"
944524e2-9c82-4e4b-b4d6-06e647f881c0,"419 Iligan Lane",NULL,"Madhya Pradesh",c57f4760-edf5-4b45-acff-fa159368aa28,72878.0,990911107354.0,...,"2014-09-26 11:01:13"
94698a9a-5ca7-4e2d-8d40-4cc839c5d66e,"966 Arecibo Loop",NULL,Sind,1b3d2ac9-bf9f-4c92-abce-a2376614de00,94018.0,15273765306.0,...,"2014-09-26 11:02:30"
9496f69f-bc0c-4e35-9840-b1e4a6f5173d,"81 Hodeida Way",NULL,Rajasthan,40540a14-4b18-4cb3-bd1c-2bc5bda6afaa,55561.0,250767749542.0,...,"2014-09-26 11:01:17"
9661b724-dafa-48d0-a5e4-bdd4d04c1785,"722 Bradford Lane",NULL,Shandong,9e2d0a14-d623-46b9-8481-6657661ff5db,90920.0,746251338300.0,...,"2014-09-26 11:00:37"
9673fa02-a413-4d4b-bfd8-fad9ea302a3a,"1416 San Juan Bautista Tuxtepec Avenue",NULL,Zufar,7c971561-6941-47b9-a835-6324569980aa,50592.0,144206758053.0,...,"2014-09-26 11:02:29"
9709dd7d-901b-4c1f-8ab8-b38ee46533c8,"1922 Miraj Way",NULL,Esfahan,fca2bfb1-6089-4564-8dc8-9bca5a785a2e,13203.0,320471479776.0,...,"2014-09-26 11:01:37"
97a16cab-3e49-4029-b5f6-ded911994cfb,"1760 Oshawa Manor",NULL,Tianjin,21224e4e-f73f-46bb-b590-bfb6da47c713,38140.0,56257502250.0,...,"2014-09-26 11:00:43"
9841aaab-871d-4521-bc24-80ddc0d94575,"698 Otsu Street",NULL,Cayenne,3fca564e-1dd1-467a-a128-32fd008a6e05,71110.0,409983924481.0,...,"2014-09-26 11:01:02"
99369445-13f4-40b3-959f-4e359d38c698,"1793 Meixian Place",NULL,Hmelnytskyi,d5227c89-a197-4ce4-a62a-6111207453bd,33535.0,619966287415.0,...,"2014-09-26 11:03:31"
99cbf78d-e285-4d35-b37b-ab73570f6564,"1342 Abha Boulevard",NULL,Bukarest,3085b71b-fe83-495c-8a9d-9c10f4fdbecb,10714.0,997453607116.0,...,"2014-09-26 11:02:46"
9a101444-9d35-4072-967d-75db09ad6c4a,"519 Nyeri Manor",NULL,"São Paulo",036021c0-8f62-490e-9b65-70443bfff045,37650.0,764680915323.0,...,"2014-09-26 11:00:21"
9a52b894-d97f-4898-9565-4d82acdb45a8,"1245 Ibirit Way",NULL,"La Romana",5f63375f-d7df-46f6-8d38-42b726bd901c,40926.0,331888642162.0,...,"2014-09-26 11:00:54"
9a697fcc-f8f5-49ef-9b36-150d6bc81fb9,"710 San Felipe del Progreso Avenue",NULL,Lilongwe,51c4c35a-6a46-441d-9217-84cf8d65ac93,76901.0,843801144113.0,...,"2014-09-26 11:01:59"
9c2325a7-dbca-4fa7-a4d2-0da1bd97a364,"781 Shimonoseki Drive",NULL,"Michoacn de Ocampo",33bd3ff8-a228-4dba-b3e7-a4fdbe054a40,95444.0,632316273199.0,...,"2014-09-26 11:02:06"
9c802d87-949f-485c-8862-b0239a0d9461,"430 Alessandria Loop",NULL,Saarland,56c48439-caf6-4a17-838f-5b851efc37d6,47446.0,669828224459.0,...,"2014-09-26 11:01:06"
9cef952a-a330-4092-9699-6471c309938b,"182 Nuku´alofa Drive",NULL,Sumy,e6f445b0-94c0-4f28-8c5c-cd33a1041bf0,15414.0,426346224043.0,...,"2014-09-26 11:03:32"
9d3c3deb-7461-41ed-842f-55083b9d0a66,"1780 Hino Boulevard",NULL,Liepaja,69b0e3e3-6424-4d6c-8eab-49f3fc6c4c8b,7716.0,902731229323.0,...,"2014-09-26 11:01:58"
9e8c2f7a-3e70-4ad4-8ead-8298e0d3ddc6,"1715 Okayama Street",NULL,"São Paulo",12859669-b817-4278-96a7-ad6b4a36c973,55676.0,169352919175.0,...,"2014-09-26 11:00:22"
a06616d4-d4cf-42ef-8850-66722a40a94a,"519 Brescia Parkway",NULL,"East Java",befa2e72-e4b4-4233-8ec3-ab64a01d4baa,69504.0,793996678771.0,...,"2014-09-26 11:01:33"
a08189d0-f17d-4a16-9f13-d05a4f9d87ca,"1294 Firozabad Drive",NULL,Ji´angxi,bdfade6a-3af8-40db-acf1-139a407c327d,70618.0,161801569569.0,...,"2014-09-26 11:00:40"
a0dc01d2-d540-44df-8297-c2966b111d15,"431 Xi´angtan Avenue",NULL,Kerala,98f6acb7-237c-43e3-bfec-f0ede525a305,4854.0,230250973122.0,...,"2014-09-26 11:01:10"
a124bfbe-793c-4ee5-b1f4-0c0a969a1eb2,"1621 Tongliao Avenue",NULL,Irkutsk,cb92a54b-a2e6-4ab1-8d07-d40497367095,22173.0,209342540247.0,...,"2014-09-26 11:02:58"
a134edda-b4d4-4566-a511-24bee4ee0f73,"1246 Boksburg Parkway",NULL,Hebei,15c886ce-23c3-4b16-b572-393e7e58e641,28349.0,890283544295.0,...,"2014-09-26 11:00:41"
a2148073-9e83-4b77-b5c6-0f20055a0cef,"767 Pyongyang Drive",NULL,Osaka,ebfdc81c-9dda-44a6-acc2-fef26780ce53,83536.0,667736124769.0,...,"2014-09-26 11:01:48"
a2371717-4e0e-414c-a458-266d1592a415,"1447 Chatsworth Place",NULL,Chihuahua,b89dca41-16ec-4d9c-b04f-2c9acec51e73,41545.0,769370126331.0,...,"2014-09-26 11:02:04"
a28c805a-5c5f-4497-bc12-a8a991e5b94d,"269 Cam Ranh Parkway",NULL,Chisinau,47a0e0f4-05ad-43dc-aed9-2103254d61ec,34689.0,489783829737.0,...,"2014-09-26 11:02:15"
a2a6c91d-d5bb-46bf-95b9-b33e14a998b3,"456 Escobar Way",NULL,"Jakarta Raya",8e9cbef6-68eb-47a3-a5d7-d309a78ad248,36061.0,719202533520.0,...,"2014-09-26 11:01:33"
a2d0cd6e-7ac8-444b-8a8d-bb706764188f,"1402 Zanzibar Boulevard",NULL,Guanajuato,ef65a06d-3ad8-4f19-b25a-f43f73f3928f,71102.0,387448063440.0,...,"2014-09-26 11:02:03"
a4956d3d-ea5a-4123-84d2-e0cc21f1d1f2,"867 Benin City Avenue",NULL,Henan,5a604329-4079-4d6e-8b16-dbde0cc42293,78543.0,168884817145.0,...,"2014-09-26 11:00:50"
a4af9a97-da94-433d-9547-47214889987a,"1557 Cape Coral Parkway",NULL,Hubei,b08feb76-9872-41ce-b595-b3f0ae1fe34c,46875.0,368284120423.0,...,"2014-09-26 11:00:38"
a4bc50d1-396c-4a96-ae88-ed31f28e7ec7,"1266 Laredo Parkway",NULL,Saitama,1eb63025-6dd9-47f2-9a90-448a5476865f,7664.0,1483365694.0,...,"2014-09-26 11:01:52"
a4e52f27-70a8-49c7-be1d-de18e86a6f6e,"1103 Quilmes Boulevard",NULL,Piura,929beb29-41d7-4b1c-b4bd-ddee38278309,52137.0,644021380889.0,...,"2014-09-26 11:02:34"
a4ede0de-16b4-476e-8787-314b33565a1f,"1215 Pyongyang Parkway",NULL,Usak,48fdffad-82fa-4899-bbd5-e96b2955d75f,25238.0,646237101779.0,...,"2014-09-26 11:03:30"
a55ff24a-bb37-405d-a05c-5a06b3169c25,"1322 Mosul Parkway",NULL,Shandong,efb16514-564f-4562-be6a-5f3214d0c4d5,95400.0,268053970382.0,...,"2014-09-26 11:00:32"
a5a46618-f8b0-4342-ab32-b9c1f3ca4a73,"770 Bydgoszcz Avenue",NULL,California,2f9a4dce-24bc-4d63-be32-6ca5ad864135,16266.0,517338314235.0,...,"2014-09-26 11:03:47"
a61cb8c9-a5a7-476e-912d-e0698ebbc801,"848 Tafuna Manor",NULL,Kütahya,e5aced0d-b09a-410e-990b-3fe9abe76b30,45142.0,614935229095.0,...,"2014-09-26 11:03:27"
a6618195-4b97-40e0-a842-29c04808076f,"414 Mandaluyong Street",NULL,Lubelskie,cbf261b0-65f5-4d69-9a08-bee8a5c2f047,16370.0,52709222667.0,...,"2014-09-26 11:02:43"
a755dc73-f0e6-473a-9272-bef1e6af69d0,"1920 Weifang Avenue",NULL,"Uttar Pradesh",4a73871b-1b48-4b69-ba50-9a037cd2b4cc,15643.0,869507847714.0,...,"2014-09-26 11:01:25"
a8265db9-3423-43f7-80fe-f3eaf7cfaa7f,"773 Dallas Manor",NULL,"Buenos Aires",ae58916a-4969-4036-ac4d-c2cf8bd82166,12664.0,914466027044.0,...,"2014-09-26 11:00:06"
a916f09a-9663-400d-a4aa-053a1cc6ac7e,"1909 Benguela Lane",NULL,Henan,8970e13a-9bf4-4f93-97ab-e5a104b0b79c,19913.0,624138001031.0,...,"2014-09-26 11:00:47"
a936ae90-2b9e-4335-86a6-cc64103ef75f,"1587 Sullana Lane",NULL,"Inner Mongolia",57f01ef4-168a-4252-b17c-25c1eb3423b0,85769.0,468060467018.0,...,"2014-09-26 11:00:35"
a98419cb-d89e-4d85-a3a7-248e7a5df146,"898 Belm Manor",NULL,"Free State",031c40f4-6931-45f7-b9a5-218bf744d0e3,49757.0,707169393853.0,...,"2014-09-26 11:03:02"
a9905dbb-fa8e-4141-a6a5-8d7cd7e6727e,"1485 Bratislava Place",NULL,Illinois,55556829-3edc-40b4-bf9c-4095f9c19132,83183.0,924663855568.0,...,"2014-09-26 11:03:59"
a9d23595-a656-4f89-a124-023d701135c2,"1405 Chisinau Place",NULL,Ponce,f03cc3cc-8160-4a64-b825-5c67a759bc84,8160.0,62781725285.0,...,"2014-09-26 11:02:45"
abb074f7-0f73-4e92-8f73-4e79242c63d7,"374 Bat Yam Boulevard",NULL,Kilis,9b41ab5e-77c6-4943-ae37-a8b2dfa0f75f,97700.0,923261616249.0,...,"2014-09-26 11:03:26"
abb71759-bda2-4d5b-ae8d-c9b47c78ec01,"333 Goinia Way",NULL,Texas,50b8b7ef-b06d-4d8f-9868-fae54d9c7933,78625.0,909029256431.0,...,"2014-09-26 11:03:51"
ac2e6d3b-104f-4196-8c54-6be86c3cb702,"98 Pyongyang Boulevard",NULL,Ohio,e9677ea8-3177-4759-8310-e73cacdce5c2,88749.0,191958435142.0,...,"2014-09-26 11:03:42"
ac8d8169-68d5-4964-a882-3d8265d68378,"990 Etawah Loop",NULL,"Tamil Nadu",90406337-a250-4556-8859-20f8e1394afc,79940.0,206169448769.0,...,"2014-09-26 11:01:29"
acfd92c7-9bd0-4132-94d5-4454294e6fd4,"1060 Tandil Lane",NULL,Shandong,91e7329b-330d-491a-a341-e7c4a533e735,72349.0,211256301880.0,...,"2014-09-26 11:00:41"
ad5e4334-24bd-489e-9bf6-e7b91d4a614b,"984 Novoterkassk Loop",NULL,Gaziantep,fa515f08-498b-4be7-a0c8-f196247cabac,28165.0,435118527255.0,...,"2014-09-26 11:03:25"
ad6c9bcd-b1fc-4dd1-9c44-f3e60017cfe4,"680 A Corua (La Corua) Manor",NULL,Sivas,6e384061-3598-4d1e-ba57-a8c4947674a4,49806.0,158326114853.0,...,"2014-09-26 11:03:28"
aee72cad-53f2-47eb-b1bb-6cc465151d5d,"1924 Shimonoseki Drive",NULL,Batna,3456dde1-efc6-4e1d-a15c-160a34fc8276,52625.0,406784385440.0,...,"2014-09-26 10:59:59"
b064f78b-5bfd-4d9d-b67c-c53fd07ff3cd,"829 Grand Prairie Way",NULL,Paraná,ef77d1b1-8091-43a3-994c-5fa15b246f5b,6461.0,741070712873.0,...,"2014-09-26 11:00:20"
b0a70719-73c3-44ef-aa9b-3d4e5fbf26bc,"958 Sagamihara Lane",NULL,Mie,4fc73b4a-aa9e-4e5d-8cf8-4308b2b2dc00,88408.0,427274926505.0,...,"2014-09-26 11:01:50"
b17a6386-8c5b-4ac6-83a9-acdf1fb8b1ac,"1623 Kingstown Drive",NULL,"Buenos Aires",f060b1b7-03b7-4c35-862d-0a22c6f69f59,91299.0,296394569728.0,...,"2014-09-26 11:00:04"
b18f5133-cb37-4686-9d2c-c0d9e2fd3ac8,"1464 Kursk Parkway",NULL,Shandong,c112d7a1-9b6c-4243-8f7f-7b1d766c6be5,17381.0,338758048786.0,...,"2014-09-26 11:00:44"
b29507c1-3b95-4e0c-adb9-558eb02f1228,"1747 Rustenburg Place",NULL,Bihar,2e84d993-0810-46e9-8b75-2e4951c3e043,51369.0,442673923363.0,...,"2014-09-26 11:01:14"
b2b8c1fc-fde0-410d-943a-363328c223e0,"115 Hidalgo Parkway",NULL,Khartum,a501047c-fcbc-4094-8ef8-006f74637a1c,80168.0,307703950263.0,...,"2014-09-26 11:03:11"
b31e72a6-db2f-43df-a234-eb0560a96f7c,"600 Purnea (Purnia) Avenue",NULL,"Nghe An",5c8539f8-b483-4588-be3a-fff5f2164466,18043.0,638409958875.0,...,"2014-09-26 11:04:07"
b3cfc535-f9aa-435f-ac3b-9ca9560c1844,"1079 Tel Aviv-Jaffa Boulevard",NULL,Sucre,152d24af-1c5c-4e91-9de4-6f9c30f8a798,10885.0,358178933857.0,...,"2014-09-26 11:04:04"
b440d5d3-29e4-408b-b770-9b1a6ec821f9,"88 Nagaon Manor",NULL,"Buenos Aires",1ce6384a-d76d-4175-961b-d27f6d51f4b6,86868.0,779461480495.0,...,"2014-09-26 11:00:07"
b4488307-b10f-4b63-a90f-4587a37bab46,"287 Cuautla Boulevard",NULL,Chuquisaca,516bf5b8-43a4-486d-99b1-308f446ccd69,72736.0,82619513349.0,...,"2014-09-26 11:00:14"
b4e1fbbb-911e-490a-9220-54e687099b92,"1101 Bucuresti Boulevard",NULL,"West Greece",1a7da663-bc1e-4987-821c-057bea131588,97661.0,199514580428.0,...,"2014-09-26 11:01:07"
b6941b02-a407-4d2f-8ce5-f2f7242b0c5f,"870 Ashqelon Loop",NULL,Songkhla,e6b98145-46e7-4463-b587-a06562922764,84931.0,135117278909.0,...,"2014-09-26 11:03:20"
b6998b21-c9ac-4bca-9a55-c62101b3e77f,"891 Novi Sad Manor",NULL,Ontario,a150588d-b436-4a2a-bb3c-bd1480300756,5379.0,247646995453.0,...,"2014-09-26 11:00:28"
b7f3a1b8-da8b-4160-bee5-fb6a38ccbdb7,"185 Novi Sad Place",NULL,Bern,96e0ed01-b665-460a-8fd8-eac291c9ffcb,41778.0,904253967161.0,...,"2014-09-26 11:03:13"
b839e553-d0a7-41f0-8661-32b2c5eda961,"956 Nam Dinh Manor",NULL,Kerman,26991ffa-c25b-4cac-b762-0456c61b3c22,21872.0,474047727727.0,...,"2014-09-26 11:01:39"
b8da7cce-a2bb-425f-8bbb-0cd1092b4d93,"319 Plock Parkway",NULL,Istanbul,69229226-31d2-439f-98a7-d890232f43aa,26101.0,854259976812.0,...,"2014-09-26 11:03:28"
b902f577-e5e5-4436-81b6-5834d3df9823,"962 Tama Loop",NULL,NULL,134508b1-f408-41df-8ccb-2c1458e24d12,65952.0,282667506728.0,...,"2014-09-26 11:02:19"
b97e50df-ad86-4c4e-98f6-7b0e5cf72476,"1002 Ahmadnagar Manor",NULL,Mxico,17630273-22b4-468a-a7f8-b7dc81fb1901,93026.0,371490777743.0,...,"2014-09-26 11:02:07"
b9fd4e62-1818-4867-b3f1-a3a9e8b727ff,"1917 Kumbakonam Parkway",NULL,Vojvodina,3396b4f8-2447-491f-b4d4-67d6bafb061f,11892.0,698182547686.0,...,"2014-09-26 11:04:11"
ba40f0fb-da94-4b97-bc25-a1003b7533e1,"1346 Mysore Drive",NULL,Bretagne,0e591f1c-aa85-4689-8b26-875297791bf4,61507.0,516647474029.0,...,"2014-09-26 11:01:00"
bab9e1f3-f6ce-4da0-ba20-46067352117a,"939 Probolinggo Loop",NULL,Galicia,3dce4cc2-2d7a-4591-aa95-45c6c41eb7a2,4166.0,680428310138.0,...,"2014-09-26 11:03:08"
bb3125a0-d4f0-4d90-a77c-98860a37ec8f,"1163 London Parkway",NULL,Par,ffe2d5e6-301a-4e71-ba0e-3698bbfd1591,6066.0,675120358494.0,...,"2014-09-26 11:00:16"
bc231eda-cacf-49c3-9f5e-695ebdd638d1,"140 Chiayi Parkway",NULL,Sumy,1e723159-dbc2-4599-8972-0ffaa0cc5705,38982.0,855863906434.0,...,"2014-09-26 11:03:34"
bc43f90f-861e-4d2f-a499-7b7ad97d82a1,"602 Paarl Street",NULL,Pavlodar,ed06890a-e817-459b-9cb4-213fbf6116f5,98889.0,896314772871.0,...,"2014-09-26 11:01:55"
bd5fe70c-54d3-4fc7-ac95-3086ecab5a74,"804 Elista Drive",NULL,Hubei,3962d02d-5464-4121-b920-c77d0c9b8f8e,61069.0,379804592943.0,...,"2014-09-26 11:00:33"
bdef82e7-4327-41c3-8496-389bed6dcd90,"1540 Wroclaw Drive",NULL,Maharashtra,21700153-0efc-49a3-b5cb-215e33c03b8c,62686.0,182363341674.0,...,"2014-09-26 11:01:14"
be1c5be5-18c0-41ce-991f-52b61db760e3,"866 Shivapuri Manor",NULL,"Uttar Pradesh",2160a42c-8f82-479c-a2ee-f705feeef6af,22474.0,778502731092.0,...,"2014-09-26 11:01:26"
be385ca5-f36c-4596-bb6d-8aa593f16e8b,"798 Cianjur Avenue",NULL,Shanxi,3a4317e0-1627-41a4-bc43-7f9bb0982689,76990.0,499408708580.0,...,"2014-09-26 11:00:49"
beba1de1-c3d6-4e38-8533-b8baf9c8bdf9,"1697 Kowloon and New Kowloon Loop",NULL,Moskova,68b9ba4b-098f-43dc-907c-8504da8abbfc,57807.0,499352017190.0,...,"2014-09-26 11:02:47"
bece50e4-0fa6-4ed0-a06f-d1f1cf6ecd12,"1515 Korla Way",NULL,England,d4c1b27c-e231-48c2-be59-961373563866,57197.0,959467760895.0,...,"2014-09-26 11:03:42"
bf2fbeb0-0c7a-4df9-af6b-65728c28e59c,"746 Joliet Lane",NULL,Kursk,2cb8d538-89af-4195-8563-c7f5b35ecd81,94878.0,688485191923.0,...,"2014-09-26 11:02:52"
bf8202f8-0a48-4809-83d2-c5f7c346917a,"64 Korla Street",NULL,Mwanza,c4bd2f5b-28eb-46a0-b9eb-c593a1b40432,25145.0,510383179153.0,...,"2014-09-26 11:03:17"
c03674cd-80d8-4ff4-8cb6-c92acfbf94b0,"642 Nador Drive",NULL,Maharashtra,bf14f3d7-8b0d-494d-b781-8441008d4153,3924.0,369050085652.0,...,"2014-09-26 11:01:13"
c199cd0a-8050-4c0c-bca7-12e8efa773ae,"231 Kaliningrad Place",NULL,Lombardia,c10972e7-1d6b-4fa0-987c-3f9cf5ce9fa5,57833.0,575081026569.0,...,"2014-09-26 11:01:42"
c20523e8-0b18-44af-881f-3f0f6b255ff5,"992 Klerksdorp Loop",NULL,Utrecht,a00df4a9-6079-48fe-a3f8-4fbe0728ffc7,33711.0,855290087237.0,...,"2014-09-26 11:02:19"
c3154288-3cb2-4b8b-bba1-382f80b7b303,"102 Chapra Drive",NULL,Ibaragi,38d9e6df-9dba-4da1-8bd2-2cf22f3e3da3,14073.0,776031833752.0,...,"2014-09-26 11:01:54"
c41dfe8f-881b-469e-9c67-75dab3d1afe6,"544 Malm Parkway",NULL,"Central Java",9336fbd1-2362-4ce9-927f-fb30770aa316,63502.0,386759646229.0,...,"2014-09-26 11:01:34"
c42ee179-b22f-4666-9783-c8f665b02a7f,"1532 Dzerzinsk Way",NULL,"Buenos Aires",957bdace-af2a-4742-af68-8532d2dfe566,9599.0,330838016880.0,...,"2014-09-26 11:00:06"
c43ff68b-25b5-4af3-8e39-98b596e62c5c,"624 Oshawa Boulevard",NULL,"West Bengali",bc4cdad6-4b3e-4226-9818-92b79e35b4b9,89959.0,49677664184.0,...,"2014-09-26 11:01:11"
c45b446b-6e5c-44ba-ae12-623c3e3673b1,"927 Baha Blanca Parkway",NULL,Krim,3c293c65-cfcf-462f-b208-93c7f09dbaa2,9495.0,821972242086.0,...,"2014-09-26 11:03:33"
c537388d-a279-45a5-ab8c-8f3bc529c606,"1872 Toulon Loop",NULL,OHiggins,7cea708d-f158-409c-8634-83f36bf8b234,7939.0,928809465153.0,...,"2014-09-26 11:00:30"
c5c7be30-8ac3-451a-9050-44c5d40bf7bc,"346 Skikda Parkway",NULL,Hawalli,15af598f-5b4b-46b8-8f82-e14a628ad43f,90628.0,630424482919.0,...,"2014-09-26 11:01:57"
c6ade3aa-66d4-41b4-becf-259002a4b0bf,"1378 Alvorada Avenue",NULL,"Distrito Federal",0649daea-c8b4-499a-949d-609b3ed6099e,75834.0,272234298332.0,...,"2014-09-26 11:04:03"
c6c4c52a-ff3f-4ddc-a380-33cec9ff6855,"118 Jaffna Loop",NULL,"Northern Mindanao",e1eb3709-9bc4-4ea1-84ff-057ffc8f9795,10447.0,325526730021.0,...,"2014-09-26 11:02:36"
c6e999fd-4deb-49c3-a60d-532096bfe6e2,"1908 Gaziantep Place",NULL,Liaoning,442098cd-e3ac-433e-9f93-173003977f38,58979.0,108053751300.0,...,"2014-09-26 11:00:43"
c88ef63e-c71b-43ad-abaa-03854c7ea0ef,"532 Toulon Street",NULL,Santiago,15556f20-352e-4455-b8ab-8289745de2e2,69517.0,46871694740.0,...,"2014-09-26 11:00:55"
c90400f2-875e-4558-80db-ccb6d2fdeee0,"503 Sogamoso Loop",NULL,Sumqayit,b9087e26-84a3-48d1-ad30-cdd08254bdcd,49812.0,834626715837.0,...,"2014-09-26 11:00:11"
c937eaaa-8445-4041-99d5-f9fc5716a8e6,"539 Hami Way",NULL,Tokat,f42a9920-ead2-4671-a58a-ed244a591a66,52196.0,525518075499.0,...,"2014-09-26 11:03:29"
c9d1b7de-593e-45d5-8c61-5fc4cb8769a9,"1844 Usak Avenue",NULL,"Nova Scotia",385acbd6-56a3-4333-98aa-899b2481f1cf,84461.0,164414772677.0,...,"2014-09-26 11:00:27"
ca295dba-5c7e-4e8c-b155-9c068143c410,"355 Vitria de Santo Anto Way",NULL,Oaxaca,a70dabfb-60d6-47bc-8642-46be6f1997af,81758.0,548003849552.0,...,"2014-09-26 11:02:13"
ca79646c-f17a-415a-8163-5b96be139189,"1217 Konotop Avenue",NULL,Gelderland,f61e9236-fdbe-4fd1-8ee0-cbfe50591d64,504.0,718917251754.0,...,"2014-09-26 11:02:20"
cc210b7d-21e4-450a-9fc7-e15d95e5820e,"1836 Korla Parkway",NULL,Copperbelt,f8c2b5e0-370f-4571-8047-2e3c38cff798,55405.0,689681677428.0,...,"2014-09-26 11:04:11"
cd12722f-1a01-4212-bf02-5e6a2744100f,"1325 Fukuyama Street",NULL,Heilongjiang,49d6b16c-4bf4-4bfa-b3b5-bbff752a6b07,27107.0,288241215394.0,...,"2014-09-26 11:00:44"
cd9c917d-256c-4cd3-8921-5f85d5988416,"1407 Surakarta Manor",NULL,Moskova,e69fcbb0-d1d9-4d66-9045-e2d76b300924,33224.0,324346485054.0,...,"2014-09-26 11:02:56"
cdb317e8-8483-4f7b-adf5-65e2413fcecb,"454 Qinhuangdao Drive",NULL,Tadla-Azilal,040341ef-1271-4dbc-96f3-f3276ce67344,25866.0,786270036240.0,...,"2014-09-26 11:02:16"
ce24d370-c006-4e77-8063-f91060daf145,"1587 Loja Manor",NULL,Salzburg,2aa5fa6e-cfd9-4f85-800c-f5b7655d9e36,5410.0,621625204422.0,...,"2014-09-26 11:00:10"
ce95745f-85bb-4649-be57-6d478070bcb2,"660 Jedda Boulevard",NULL,Washington,c4b0d2b1-57dc-44be-9fdf-2241fce8327c,25053.0,168758068397.0,...,"2014-09-26 11:03:45"
cf06e007-268a-486e-9cb5-d34215a64885,"632 Usolje-Sibirskoje Parkway",NULL,"Ha Darom",e6764f72-04c8-4a4f-b97a-b491dd0d667b,73085.0,667648979883.0,...,"2014-09-26 11:01:41"
cf06e4f6-0fd8-4244-a76b-467b0b375535,"1150 Kimchon Manor",NULL,"Skne ln",6f33efaf-2e6f-43a3-a5ff-f94fa5b93fe7,96109.0,663449333709.0,...,"2014-09-26 11:03:11"
cf512576-d310-4f43-8cf5-d867c83c49cf,"1445 Carmen Parkway",NULL,"West Java",7110d566-20e7-4f24-8e1b-17f98633d3bc,70809.0,598912394463.0,...,"2014-09-26 11:01:30"
cfa3c162-94b3-43ac-9ae7-e0c40120983e,"832 Nakhon Sawan Manor",NULL,"Inner Mongolia",2dcbbddd-ecc8-4881-af58-b3901648f287,49021.0,275595571388.0,...,"2014-09-26 11:00:50"
cfb650a6-8cd0-48cc-9899-a8e38e464a20,"1279 Udine Parkway",NULL,"Edo & Delta",61deb1b8-c352-4508-abda-342e9b1acaac,75860.0,195003555232.0,...,"2014-09-26 11:02:23"
d06984fa-04e1-4cf1-8e56-8fa52d32db64,"1584 Ljubertsy Lane",NULL,England,c347c1c2-eada-4e17-8ca8-5224ae6b364a,22954.0,285710089439.0,...,"2014-09-26 11:03:38"
d06cecd3-70f9-49b4-af4c-640b76029122,"1764 Jalib al-Shuyukh Parkway",NULL,Galicia,b6623e3f-83f2-4b03-bc06-a6b67c3df99d,77642.0,84794532510.0,...,"2014-09-26 11:03:10"
d074a33f-2987-4967-bb22-bc19c4708cd6,"1817 Livorno Way",NULL,"Khanh Hoa",0f0061c6-fff8-4e3f-a75f-32b277f38e38,79401.0,478380208348.0,...,"2014-09-26 11:04:05"
d09def00-a1c7-49dd-8171-52fdda3cd0a8,"1213 Ranchi Parkway",NULL,Karnataka,9b5ae90b-188c-43ee-8ec6-4d1024f5e9d6,94352.0,800024380485.0,...,"2014-09-26 11:01:21"
d0a31c89-6327-4885-b0a8-4c19ef720dcd,"943 Tokat Street",NULL,Vaduz,de63c513-3ce8-4ee0-a4f0-abfbe5003c8a,45428.0,889318963672.0,...,"2014-09-26 11:01:58"
d17cc96e-bc46-4734-b3e8-b0c2dc60ddf5,"782 Mosul Street",NULL,Massachusetts,3154e2b9-cfaf-49ef-94da-749c3b4a27b1,25545.0,885899703621.0,...,"2014-09-26 11:03:46"
d25e87fd-0ec5-46b1-a712-8889f3218f93,"1425 Shikarpur Manor",NULL,Bihar,6c0c0e4b-a95f-4185-b60c-fbf0efb7179e,65599.0,678220867005.0,...,"2014-09-26 11:01:20"
d351c3a7-a2b0-4928-9e39-f588610afc7a,"47 MySakila Drive",NULL,Alberta,9469023e-8537-4ef5-a4f4-eb517ca7be16,NULL,NULL,...,"2014-09-26 11:00:27"
d3733c69-6adf-4cb1-a946-0bfd21748b2a,"1986 Sivas Place",NULL,"Friuli-Venezia Giuli",ff43b23d-66f6-4abf-bb7d-bf84e978b0aa,95775.0,182059202712.0,...,"2014-09-26 11:01:44"
d3a5e911-af1b-4adf-bb66-d1f7d08de623,"259 Ipoh Drive",NULL,"São Paulo",0d8b3a8a-560a-4a8c-b359-9570ce7f7988,64964.0,419009857119.0,...,"2014-09-26 11:00:18"
d3b5ba9e-a4d9-4877-8409-22bf039a0375,"1894 Boa Vista Way",NULL,Texas,cf34a94e-5fcb-4679-8d10-1e3eb5f144dd,77464.0,239357986667.0,...,"2014-09-26 11:03:51"
d492f854-9d67-48b1-8c5f-f495408b825e,"1293 Nam Dinh Way",NULL,Roraima,c36a2845-55cd-47be-9ef3-39707f2b9435,71583.0,697656479977.0,...,"2014-09-26 11:00:17"
d4d97183-0e57-4871-b131-72d9929af57c,"808 Bhopal Manor",NULL,Haryana,e27fd756-eb61-4b8a-8f31-477743581c65,10672.0,465887807014.0,...,"2014-09-26 11:01:30"
d5a3ee35-4d85-4a7e-893f-4adc63cfa2e1,"57 Arlington Manor",NULL,"Madhya Pradesh",40dce4de-2d1b-425d-8951-759b2113645c,48960.0,990214419142.0,...,"2014-09-26 11:01:27"
d5d892fc-6236-4e06-84bb-a3fdf26f0280,"23 Workhaven Lane",NULL,Alberta,9469023e-8537-4ef5-a4f4-eb517ca7be16,NULL,14033335568.0,...,"2014-09-26 11:00:27"
d6e87a16-9e00-4d03-85ba-0bbaf6c54efa,"1565 Tangail Manor",NULL,Okinawa,48c936e2-3195-45d8-81df-3c191f07a084,45750.0,634445428822.0,...,"2014-09-26 11:01:52"
d703094b-c80a-46fb-afc6-1f90c22240e8,"765 Southampton Drive",NULL,al-Qalyubiya,6ad56c01-dba9-48b7-8aeb-1c2fbdc59fb7,4285.0,23712411567.0,...,"2014-09-26 11:00:57"
d7527f8e-3132-4f55-a7d2-6b31ee56c382,"1152 Citrus Heights Manor",NULL,al-Qadarif,834a0916-94fc-471e-ba85-aa142bf4b41b,5239.0,765957414528.0,...,"2014-09-26 11:03:11"
d863e2eb-5a89-4a4b-8c58-a0ba73f88d78,"788 Atinsk Street",NULL,Karnataka,eadaca8a-1972-4f55-8336-b6c56eb56235,81691.0,146497509724.0,...,"2014-09-26 11:01:17"
d8f71020-c36a-4e0c-8aa9-9ea1948444d6,"505 Madiun Boulevard",NULL,Dolnoslaskie,4e1eee3b-48f1-411c-8512-3bb3f5dac6e6,97271.0,970638808606.0,...,"2014-09-26 11:02:44"
d90a10d4-dc16-4399-b940-175b1b447e37,"127 Iwakuni Boulevard",NULL,"Central Luzon",d5b26fcb-31fb-47d3-b5a8-3b5104ae8d19,20777.0,987442542471.0,...,"2014-09-26 11:02:37"
d94fe5f5-3827-4882-bf8c-ffa215b2df77,"1052 Pathankot Avenue",NULL,Sichuan,3fc163ad-c598-4b9c-b848-ca999697205f,77397.0,128499386727.0,...,"2014-09-26 11:00:39"
d9cdb03f-6f44-4533-ae52-a24d0099662c,"1895 Zhezqazghan Drive",NULL,California,b060672e-10b8-46b5-9522-6566ac9fe827,36693.0,137809746111.0,...,"2014-09-26 11:03:51"
d9f5eade-2eac-402c-b070-4c9c609ea719,"943 Johannesburg Avenue",NULL,Maharashtra,431df3f1-ef69-44d2-accf-f404ffa89e7e,5892.0,90921003005.0,...,"2014-09-26 11:01:24"
daa1a0b9-d147-4696-b36b-064c22818bf6,"616 Hagonoy Avenue",NULL,Krasnojarsk,091b334e-905a-4859-a57e-047464ebd70e,46043.0,604177838256.0,...,"2014-09-26 11:02:47"
dab6e469-3576-4570-93ee-a6acccc0603c,"1427 A Corua (La Corua) Place",NULL,"Buenos Aires",47044ac3-cf6f-44be-8a1f-ab02add9dad0,85799.0,972574862516.0,...,"2014-09-26 11:00:04"
dad4c253-4825-4ae3-9e00-0e61579d130c,"757 Rustenburg Avenue",NULL,Skikda,1dc05f94-ef04-43f7-b6fc-98a09a65a8e2,89668.0,506134035434.0,...,"2014-09-26 11:00:01"
db2c6fdd-6fcc-42ca-adff-446c00d9bd11,"1177 Jelets Way",NULL,"Kwara & Kogi",30bf60c1-2cb4-4e4e-9f48-fa8f77744de1,3305.0,484292626944.0,...,"2014-09-26 11:02:24"
dbe15f9e-a208-4f08-b507-771caefd8163,"741 Ambattur Manor",NULL,Noord-Brabant,85ee7cea-fb88-4298-8d5e-b898562ae643,43310.0,302590383819.0,...,"2014-09-26 11:02:21"
dbf778e1-a80f-44a9-9213-6453e0d713ad,"1003 Qinhuangdao Street",NULL,"West Java",c67e053f-0b01-456d-b1f7-63d201189cf9,25972.0,35533115997.0,...,"2014-09-26 11:01:35"
dcfd32ed-b16f-4854-9bde-b90d99866fc7,"569 Baicheng Lane",NULL,Gauteng,f50127de-c3e7-4788-862e-24d7622f660c,60304.0,490211944645.0,...,"2014-09-26 11:03:02"
dd000927-1cd5-49dc-89cf-7b7ec9dea411,"1342 Sharja Way",NULL,"Sokoto & Kebbi & Zam",da331d62-abfe-4350-af1a-79da1903ace6,93655.0,946114054231.0,...,"2014-09-26 11:02:27"
dd33e7be-9101-4ca3-a822-6c3129ecba5b,"1819 Alessandria Loop",NULL,Campeche,9e824e58-e74f-43f5-802d-ed87deee2785,53829.0,377633994405.0,...,"2014-09-26 11:02:02"
ddd4e918-d6f7-41f9-b356-0891c486a8c2,"966 Asuncin Way",NULL,Hidalgo,a8f2c89e-4484-4b2e-8256-08fc38324961,62703.0,995527378381.0,...,"2014-09-26 11:02:07"
dea3c8d4-a2af-4dcc-80ae-abe63e2313fa,"360 Toulouse Parkway",NULL,England,7e93377f-4cff-44f6-8a5a-ea56077609a3,54308.0,949312333307.0,...,"2014-09-26 11:03:40"
df2014df-ebe8-4c84-bacd-f653797e6a54,"842 Salzburg Lane",NULL,Adana,c23740b6-99c7-4ad2-8dfe-40b4ec56bb9c,3313.0,697151428760.0,...,"2014-09-26 11:03:29"
df29138e-7a95-4625-9f86-2e3464244f11,"1149 A Corua (La Corua) Boulevard",NULL,Haiphong,2b9690e1-9f54-4c42-abd4-e5eb1c5a73e4,95824.0,470884141195.0,...,"2014-09-26 11:04:06"
df3c4b72-9056-4967-b2fc-5a19070b11cd,"1497 Yuzhou Drive",NULL,England,27461bb3-4e3d-414e-b1fc-8497bd9fc5b9,3433.0,246810237916.0,...,"2014-09-26 11:03:37"
df836b3a-daa6-4fba-ab21-9f698d8f92f5,"1501 Pangkal Pinang Avenue",NULL,Mazowieckie,4bac10fc-4623-440e-bc73-6306bdd30f57,943.0,770864062795.0,...,"2014-09-26 11:02:43"
e0112e45-9a24-474d-903d-f5ab3dca4b9a,"105 Dzerzinsk Manor",NULL,"Inner Mongolia",6cee6da2-8cab-493f-b3df-ed2269f52a17,48570.0,240776414296.0,...,"2014-09-26 11:00:44"
e06e2e1c-74d2-43c5-a7f1-9e12f85a7480,"733 Mandaluyong Place",NULL,Asir,94b3a80d-232e-4633-a5b3-b15919e95f73,77459.0,196568435814.0,...,"2014-09-26 11:02:59"
e137484e-9c09-492e-aea5-79c34dad4329,"479 San Felipe del Progreso Avenue",NULL,Morelos,9760dfd4-3d00-4e25-ae41-d459d2c4f0b3,54949.0,869051782691.0,...,"2014-09-26 11:02:04"
e15f40e4-2e04-44e4-a414-49afad864a05,"496 Celaya Drive",NULL,Nagano,48feb1d9-826a-4d8b-bfea-d2ba2f968e17,90797.0,759586584889.0,...,"2014-09-26 11:01:54"
e249d863-673b-4008-bf11-86e69a27468c,"184 Mandaluyong Street",NULL,"Baja California Sur",a6d68eb5-e469-48e8-810b-62a52782d5df,94239.0,488425406814.0,...,"2014-09-26 11:02:09"
e2957796-6e35-460f-852f-a264992e1780,"502 Mandi Bahauddin Parkway",NULL,Anzotegui,27daa2cc-afef-4fde-a337-5cfc545a43f5,15992.0,618156722572.0,...,"2014-09-26 11:04:03"
e2d19492-bd2e-4e75-a890-0769c8f2a386,"368 Hunuco Boulevard",NULL,Namibe,cbba99dc-08ce-4026-99c3-71ecaa9c8280,17165.0,106439158941.0,...,"2014-09-26 11:00:03"
e31ee84f-9ed6-4157-89e9-2e22f8c42b21,"1883 Maikop Lane",NULL,Kaliningrad,c9adde1b-780b-4e1e-95e4-e5fcf7d05133,68469.0,96110042435.0,...,"2014-09-26 11:02:50"
e3f748a2-0dff-45d7-b148-453108c7f4ca,"1410 Benin City Parkway",NULL,Risaralda,b15cd4c0-e666-4059-89b9-e7c343429fd5,29747.0,104150372603.0,...,"2014-09-26 11:00:52"
e42c4faf-391c-47ab-8055-4d6a10e1a56e,"124 al-Manama Way",NULL,Hiroshima,0225ba61-06f5-4ef5-8b61-de2343aa978f,52368.0,647899404952.0,...,"2014-09-26 11:01:52"
e49dcc9a-7f28-47a0-8126-71b933b25f5e,"1954 Kowloon and New Kowloon Way",NULL,Chimborazo,7a68cb2b-f812-4a87-a879-bb409d335a30,63667.0,898559280434.0,...,"2014-09-26 11:00:56"
e4e395ee-9628-4d6a-81eb-3e7c87247879,"1135 Izumisano Parkway",NULL,California,58015fa7-fe15-4b53-832c-514122befbb9,48150.0,171822533480.0,...,"2014-09-26 11:03:50"
e51a922e-88c2-49c3-9a9f-53e5cc5bcf48,"543 Bergamo Avenue",NULL,"Minas Gerais",ef0e27cc-827e-4548-8d37-f2caba1eca39,59686.0,103602195112.0,...,"2014-09-26 11:00:18"
e5e3a25e-1099-4e26-88a0-7cf959149882,"1016 Iwakuni Street",NULL,"St George",df0faeae-8a6e-46d1-9683-e0bb401839c9,49833.0,961370847344.0,...,"2014-09-26 11:02:59"
e7068e97-c5de-4eac-9c33-f8b956fd3ff9,"397 Sunnyvale Avenue",NULL,Guanajuato,5a262eef-05f3-4d1c-ad29-3fb51b7a1f50,55566.0,680851640676.0,...,"2014-09-26 11:02:01"
e8741e51-a6e0-4153-9673-b36060874adc,"193 Bhusawal Place",NULL,Kang-won,0a8b1179-5afb-4e86-ad37-260348fa7ed3,9750.0,745267607502.0,...,"2014-09-26 11:03:07"
e90a02e6-fb1a-40d9-ae62-7d2b0d8df0af,"1888 Kabul Drive",NULL,"Oyo & Osun",b54db722-6ac7-4c59-9568-6de1d8c7e7d0,20936.0,701457319790.0,...,"2014-09-26 11:02:24"
e9215407-0211-4771-8b7e-3fc7eb44573a,"605 Rio Claro Parkway",NULL,Tabora,fcc61f77-f9ad-4f13-8602-afe5c2405479,49348.0,352469351088.0,...,"2014-09-26 11:03:18"
e9643ff8-9898-4473-b975-52bc789d7f73,"791 Salinas Street",NULL,Punjab,9dae7d9a-a2f4-4ef5-a805-34894798b80e,40509.0,129953030512.0,...,"2014-09-26 11:01:17"
e974c2bb-66e3-409c-a53d-0d4e480b1ed3,"900 Santiago de Compostela Parkway",NULL,"Central Serbia",1e635b1c-ea5b-4d09-b461-0de4e6ebf112,93896.0,716571220373.0,...,"2014-09-26 11:04:11"
e9ae90dd-ccc8-481d-bba8-04408e01910e,"752 Ondo Loop",NULL,Miyazaki,f00e861a-98b1-43ce-b603-6d2c7e38c6e4,32474.0,134673576619.0,...,"2014-09-26 11:01:50"
e9cac3c6-89f1-4363-8fc0-fb7e4adc5066,"869 Shikarpur Way",NULL,England,f9275032-8033-4dd6-8ee3-7309d7b1a34f,57380.0,590764256785.0,...,"2014-09-26 11:03:40"
ea0d1c59-aeaa-48b1-91b1-ed161c5bc554,"1741 Hoshiarpur Boulevard",NULL,al-Sharqiya,f623a742-1c83-4fea-9c2d-66976095baac,22372.0,855066328617.0,...,"2014-09-26 11:00:56"
ec487850-f637-46ef-b69a-0a6db2fb0140,"1759 Niznekamsk Avenue",NULL,al-Manama,51f46bdf-7a60-4d4f-aabc-19fdf8ed4e8d,39414.0,864392582257.0,...,"2014-09-26 11:00:11"
ec551bc1-b971-47bb-9dcc-62751b3af936,"1145 Vilnius Manor",NULL,Mxico,194419ea-694a-4e96-8293-c1198131b942,73170.0,674805712553.0,...,"2014-09-26 11:02:12"
ec5cff49-58d8-4100-bb6f-295b910ea4d6,"955 Bamenda Way",NULL,"Ondo & Ekiti",368d29fb-9aa9-4c21-8a9e-2ec762f61705,1545.0,768481779568.0,...,"2014-09-26 11:02:24"
eca18424-cfa7-456e-b784-a5c2585472d0,"1736 Cavite Place",NULL,Qina,d36344c0-c644-447f-9210-ebdeffa10306,98775.0,431770603551.0,...,"2014-09-26 11:00:56"
ececa233-a1f9-42f9-8372-fd79e91f30ac,"1688 Nador Lane",NULL,"Sulawesi Utara",86f66aa3-5322-4f7c-af40-9a581db0f9dc,61613.0,652218196731.0,...,"2014-09-26 11:01:32"
edb623a2-abdb-47b9-a76d-3a869e367672,"1333 Haldia Street",NULL,Jilin,b4af249f-6bcf-4f56-849d-440e488cf095,82161.0,408304391718.0,...,"2014-09-26 11:00:33"
ee290e6b-ee14-4de3-816e-28a18a730f2f,"334 Munger (Monghyr) Lane",NULL,Markazi,b6f714c1-4d1e-48e8-a951-33cf2ab79b99,38145.0,481183273622.0,...,"2014-09-26 11:01:36"
ee3bed71-11f7-4f06-8813-7b7b8f55e542,"1785 So Bernardo do Campo Street",NULL,Veracruz,23e30b71-a2f5-4f56-9790-4a75bf0235c6,71182.0,684529463244.0,...,"2014-09-26 11:02:04"
eee5cade-9d3f-4cf3-9ea5-dfda1431b624,"734 Tanshui Avenue",NULL,Caquet,f5c079b1-5c43-4041-9cfa-4f44cf356530,70664.0,366776723320.0,...,"2014-09-26 11:00:52"
ef2092b2-a938-40dd-a4b4-6afc4cf3a5c1,"96 Tafuna Way",NULL,Córdoba,1343ea1c-0c3a-4d8d-a853-132ff88c0853,99865.0,934730187245.0,...,"2014-09-26 11:00:05"
ef350e9e-0ce7-449c-8439-bcf3e3995f95,"922 Vila Velha Loop",NULL,Maharashtra,bf38059c-7d95-456c-86a8-dd6aa5406bfa,4085.0,510737228015.0,...,"2014-09-26 11:01:10"
ef7b981b-4490-4afc-af7a-91d70bf6ec9d,"356 Olomouc Manor",NULL,Gois,38550dab-354f-4585-bdf9-406c9a82eed5,93323.0,22326410776.0,...,"2014-09-26 11:00:15"
f194e194-557e-415c-96ad-d3c89214aa30,"1031 Daugavpils Parkway",NULL,Béchar,0bb1e2dd-e155-40c5-a347-92b9e96e5e63,59025.0,107137400143.0,...,"2014-09-26 10:59:59"
f1b15eed-cb1c-4ce7-a715-5a3ec5106179,"1884 Shikarpur Avenue",NULL,Haryana,9b64cfaf-615e-4a09-b60d-179d0688b4b9,85548.0,959949395183.0,...,"2014-09-26 11:01:19"
f1bf81e9-db0b-4723-b73c-b74a25ce382b,"1947 Paarl Way",NULL,"Central Java",3cd0cd05-d12d-41ab-8218-86a25e053ac6,23636.0,834061016202.0,...,"2014-09-26 11:01:35"
f2578933-4bbf-4220-b21d-1e6f122cd81e,"86 Higashiosaka Lane",NULL,Guanajuato,acc4a376-574e-42c6-9883-dc3648522cd2,33768.0,957128697225.0,...,"2014-09-26 11:02:14"
f25acae8-ab36-4563-8e57-2c6b87f8b8e8,"241 Mosul Lane",NULL,Risaralda,82c3a5b7-a126-4878-9833-0e6d6c7eea06,76157.0,765345144779.0,...,"2014-09-26 11:00:52"
f2dce10e-60a1-412b-b86f-eb9acbefe7d3,"1718 Valencia Street",NULL,Antofagasta,348f7939-f0a8-4e9d-ac07-410bc03c8b0f,37359.0,675292816413.0,...,"2014-09-26 11:00:29"
f2ebf4b0-5337-4d25-9dd0-76ba6c75cd52,"1473 Changhwa Parkway",NULL,Mxico,cfc1d8d9-6796-48cc-a09f-c0f74b1b3e20,75933.0,266798132374.0,...,"2014-09-26 11:02:03"
f30457b3-225c-4700-ad45-1e6b727e4ca4,"1666 Beni-Mellal Place",NULL,Tennessee,4098b3ad-df55-4c39-a27a-f58384d6b4b2,13377.0,9099941466.0,...,"2014-09-26 11:03:48"
f3cd1cec-16c2-44f9-b05a-a7abe48ee314,"43 Dadu Avenue",NULL,Rajasthan,c951849c-96e8-4631-9eba-42ad46fa1864,4855.0,95666951770.0,...,"2014-09-26 11:01:12"
f3f45f67-12c5-451f-8e48-9c702589f3d2,"1574 Goinia Boulevard",NULL,Heilongjiang,60e4e96e-fbc8-43d4-93f3-0957cd008927,39529.0,59634255214.0,...,"2014-09-26 11:00:43"
f43dd870-ec92-4367-8c9f-273398f0c44d,"1666 Qomsheh Drive",NULL,"São Paulo",6f191dc6-4b20-4745-9656-27dae581be6c,66255.0,582835362905.0,...,"2014-09-26 11:00:20"
f48589d7-d25e-4b73-bfbd-d637529f68ed,"604 Bern Place",NULL,Jharkhand,f3750d2a-ec2d-4dd1-bb25-10e25efedc1d,5373.0,620719383725.0,...,"2014-09-26 11:01:25"
f4899b51-1d30-4926-92d0-488cf079b100,"89 Allappuzha (Alleppey) Manor",NULL,"National Capital Reg",bbcbd090-2d34-43db-b835-307d0f4031bc,75444.0,255800440636.0,...,"2014-09-26 11:02:39"
f4e86ba3-07ce-45d1-955e-98d01d8d22e7,"786 Matsue Way",NULL,Illinois,9d6274cb-781c-4f03-b6c2-b509f744e508,37469.0,111177206479.0,...,"2014-09-26 11:03:54"
f644a2f0-5859-4f0c-8449-6ff14b985ad4,"1717 Guadalajara Lane",NULL,Missouri,22edd1a4-8ca9-4bfb-8d1c-54623c1d4f35,85505.0,914090181665.0,...,"2014-09-26 11:03:59"
f7aa2522-ca53-4f20-b317-a0c9a46b2760,"682 Junan Way",NULL,"North West",4b3ae29e-c740-4e88-8db1-7a92e2ea698a,30418.0,622255216127.0,...,"2014-09-26 11:03:04"
f7f31ea7-43d6-4f49-b39d-6f907089cd41,"530 Lausanne Lane",NULL,Texas,aab0f883-7060-421c-9cd2-015b1ba66bd3,11067.0,775235029633.0,...,"2014-09-26 11:03:49"
f826cb20-b297-493a-a729-7932b73aa307,"1993 0 Loop",NULL,Liaoning,b48a2571-fcc3-4517-9654-94fbade03192,41214.0,25865528181.0,...,"2014-09-26 11:00:49"
f901870d-a53b-4e5a-84b3-40ed6fe3d628,"1952 Chatsworth Drive",NULL,Guangdong,1612b973-a087-4c57-946b-31df22b14e2c,25958.0,991562402283.0,...,"2014-09-26 11:00:40"
f911bdf1-3613-428e-bd1e-0870feef0945,"692 Amroha Drive",NULL,Northern,465f0d2a-d3cc-4560-8ad7-d1e489ac0682,35575.0,359478883004.0,...,"2014-09-26 11:03:10"
f976db3b-de4a-48b6-b3f0-a738f1399f9c,"827 Yuncheng Drive",NULL,Callao,a6ac4266-b15a-4bfd-8584-22d2fc41546a,79047.0,504434452842.0,...,"2014-09-26 11:02:32"
fa13bb5d-c2c5-4170-a853-11a1af91ea8b,"1774 Yaound Place",NULL,Hubei,64ea8782-7990-4db7-898b-9cc3a6fa5ce7,91400.0,613124286867.0,...,"2014-09-26 11:00:33"
fa222172-0e89-44e2-8b32-fb77f7aab0c9,"320 Brest Avenue",NULL,Kaduna,9e20309d-c689-4a56-9636-fde3b6ca328a,43331.0,747791594069.0,...,"2014-09-26 11:02:25"
fa54da0f-c189-407d-8a8e-8ac9937aea7c,"97 Mogiljov Lane",NULL,Gujarat,a5ceaa76-78ce-416a-b3c7-072389ab6af1,89294.0,924815207181.0,...,"2014-09-26 11:01:11"
faa719ff-fdd4-4bde-850e-a9f3359843eb,"1191 Sungai Petani Boulevard",NULL,Missouri,ac2db519-c3c2-4b76-81b0-9d6e21a37480,9668.0,983259819766.0,...,"2014-09-26 11:03:54"
facd77d3-fe57-4124-99e5-2ef4df166af7,"1909 Dayton Avenue",NULL,Guangdong,2630e784-fc10-4dfa-8660-7722b234d612,88513.0,702955450528.0,...,"2014-09-26 11:00:42"
facdb00b-eba4-459a-8605-72b2dbb89916,"1568 Celaya Parkway",NULL,Kaohsiung,2445baed-db5f-42ec-99b5-300bc55aec10,34750.0,278669994384.0,...,"2014-09-26 11:03:15"
fb2c6ecc-d85e-4971-95ac-5e8e806a588d,"1727 Matamoros Place",NULL,Sawhaj,ad9929d9-226b-43d5-9dbd-16a33b7c94e3,78813.0,129673677866.0,...,"2014-09-26 11:00:57"
fb573d3b-4e66-44cc-b31a-9a6eefed90fe,"548 Uruapan Street",NULL,Ontario,27461bb3-4e3d-414e-b1fc-8497bd9fc5b9,35653.0,879347453467.0,...,"2014-09-26 11:03:38"
fb62cb3f-afb7-45be-a224-8b756f20e6a8,"454 Nakhon Sawan Boulevard",NULL,Funafuti,359ec5ce-dbeb-4a14-9165-1a002934796e,76383.0,963887147572.0,...,"2014-09-26 11:03:31"
fbdc226b-80d4-49e5-8d1e-a05abbbbbd46,"758 Korolev Parkway",NULL,"Andhra Pradesh",2a5fcd9e-86ba-466a-8fb2-310c8e22324a,75474.0,441628280920.0,...,"2014-09-26 11:01:29"
fcaea1b8-416f-4316-bb86-6ec2456bfca2,"1351 Sousse Lane",NULL,"Coahuila de Zaragoza",3927f129-8ee2-42b8-8fa4-b25107c96059,37815.0,203804046132.0,...,"2014-09-26 11:02:10"
fdadd7bd-4885-4379-b30d-6f5317655b19,"1967 Sincelejo Place",NULL,Gujarat,752bb103-4e48-4c9c-aed1-045fc7de2400,73644.0,577812616052.0,...,"2014-09-26 11:01:16"
fddbb103-06d3-4b89-8699-37b77335a18f,"1121 Loja Avenue",NULL,California,d2fc0cb3-ab93-4012-868c-0a2973230a3b,17886.0,838635286649.0,...,"2014-09-26 11:04:01"
fdf0fd3f-df7b-49f4-9568-43a9a6202ee2,"1980 Kamjanets-Podilskyi Street",NULL,Illinois,422483ef-d550-4cb6-b781-cc286fb52af5,89502.0,874337098891.0,...,"2014-09-26 11:03:57"
fe1c281b-9d86-48dc-b65c-873e4abd705a,"1740 Le Mans Loop",NULL,"Pays de la Loire",30976b62-c460-4b94-abd9-201759774065,22853.0,168476538960.0,...,"2014-09-26 11:01:01"
fe3fc807-7add-4e2f-9d67-e947c1e0d1cf,"1949 Sanya Street",NULL,Gumma,c329b35b-f659-4d8c-80cb-76bdff303531,61244.0,132100972047.0,...,"2014-09-26 11:01:47"
fe743fcc-bf5a-4ede-be8a-a62fd89296e9,"1257 Guadalajara Street",NULL,Karnataka,f32d61de-9b3a-4068-9c46-b19189a6cc6a,33599.0,195337700615.0,...,"2014-09-26 11:01:14"
fea54aaa-8b55-4f51-976e-d7e75b347760,"1912 Emeishan Drive",NULL,Balikesir,ccab453c-6b09-4b38-9e91-76e03253bcc9,33050.0,99883471275.0,...,"2014-09-26 11:03:22"
ff5ec0cb-e043-48aa-b423-62b46e413e4f,"1308 Arecibo Way",NULL,Georgia,0b5e77c0-ef4f-4860-aa27-e5feb202af34,30695.0,6171054059.0,...,"2014-09-26 11:03:43"
ff676c9e-2146-4a4c-b8b8-791e241c07c3,"1998 Halifax Drive",NULL,Lipetsk,aa8c7a16-bffb-4b9f-b983-b85a3b5361d7,76022.0,177727722820.0,...,"2014-09-26 11:02:54"
ff70c978-6903-496c-9b17-3fd7a7807a15,"751 Lima Loop",NULL,Aden,62618023-9a5d-4667-968d-96bcc8b7d6fd,99405.0,756460337785.0,...,"2014-09-26 11:04:08"
