card_id,card_number,card_holder_name,card_type,expiration_date,cvv,user_id,created_at
00acc216-d82e-4a83-8076-d47d55314b15,47060772474631,ANDY_VANHORN,Visa,2028-07-01,505,1085ee5e-67bd-4a04-a939-110506ec0096,"2024-08-26 17:15:11"
0136767a-8d6a-4aaa-8b64-967d8d64a54f,344657325048838,AUDREY_RAY,"American Express",2025-03-01,784,2d72e422-e1db-425b-886c-1052f564c2ae,"2024-08-26 17:15:11"
0174310f-9da8-4565-8360-b60c58635ab8,340497627344201,EUGENE_CULPEPPER,"American Express",2028-02-01,236,3962b16c-4ac6-492a-9f4b-9210c4e822b4,"2024-08-26 17:15:11"
0201bc7f-e65e-4bc0-aceb-86f12470b7cc,44904667584332,MATTIE_HOFFMAN,Visa,2029-03-01,727,fc1e295a-222e-4f1f-a8d6-a10513146a51,"2024-08-26 17:15:12"
026fc6df-9830-48dc-9196-c9d6bcb0f0ce,60116219314002257,TERRENCE_GUNDERSON,Discover,2025-02-01,360,43b074af-a3b7-425e-8168-c80a21a763e3,"2024-08-26 17:15:11"
02b26f62-9111-47a1-beba-c1dc03ea1ee5,60114151313005505,ANNETTE_OLSON,Discover,2028-01-01,658,b7d242bd-1a6e-4ef9-858f-43c9568cfcf7,"2024-08-26 17:15:12"
02e1b9af-c4e7-4afd-b233-40107db52630,342505450836507,DAISY_BATES,"American Express",2024-11-01,538,a0818176-4a35-4eab-a3fb-17b25afa76ba,"2024-08-26 17:15:12"
03895179-7971-4d67-b467-15d14aa049c1,47445296772531,WILMA_RICHARDS,Visa,2024-01-01,308,e9f3cd6f-6c9f-4df4-8883-b2d0c1252095,"2024-08-26 17:15:12"
039990b8-78f4-422b-be4b-6dbafe06f39e,41157480109109,LILLIAN_GRIFFIN,Visa,2026-02-01,875,0442be35-6b14-452d-83b9-4e30128487d7,"2024-08-26 17:15:11"
03b68ccc-3b69-4a7c-9be5-a6fd0a0c14b0,60116841182735049,JANICE_WARD,Discover,2025-05-01,194,cc854398-40da-4d40-a872-0b063bdb8746,"2024-08-26 17:15:12"
042be8b2-f57a-4f49-90bc-337824a780d4,41110798035193,ANGEL_BARCLAY,Visa,2028-10-01,599,4532a31b-9ca7-4ef8-a132-f3d5a0715329,"2024-08-26 17:15:11"
0476c598-36f2-4315-bded-ea563865124c,348109954945345,MELANIE_ARMSTRONG,"American Express",2028-12-01,129,e8a24a41-dea6-4362-95cd-7e160f940797,"2024-08-26 17:15:12"
05265b2a-ad81-46cb-8dd4-697548e4fad6,342469503606615,LESTER_KRAUS,"American Express",2026-09-01,291,cfcea714-2f0c-4d5e-9958-d3cefcd59837,"2024-08-26 17:15:12"
052f5107-c61f-4e46-adb8-6459c9911f6f,40641890325315,GILBERT_SLEDGE,Visa,2027-11-01,165,4969d33e-bcae-4e27-9c57-3492c2ce5406,"2024-08-26 17:15:11"
0571bcc3-84d3-4f04-9db9-7848b0414318,349007748628102,RANDALL_NEUMANN,"American Express",2029-06-01,522,5c211bc2-2c29-48c0-b3e8-5582780d7592,"2024-08-26 17:15:11"
06080cbf-ac59-41aa-bd6d-3dbb1cc2314c,42272270553967,AGNES_BISHOP,Visa,2030-03-01,566,479f9ff6-e992-4786-a0e9-694834c12ccc,"2024-08-26 17:15:11"
0621d011-181b-4496-8406-3b727266b686,40597351563459,EDITH_MCDONALD,Visa,2030-06-01,573,b30c20df-3da9-4446-a208-00f79feeabbc,"2024-08-26 17:15:12"
068c4a8f-05ef-4212-9f54-d1af7744728a,513407135012978,FREDDIE_DUGGAN,Mastercard,2024-11-01,454,1941092a-d5d6-4d4c-941d-c7e121c9800b,"2024-08-26 17:15:11"
08976140-e1fd-4203-a32e-29b0aed5866b,510057188654591,CURTIS_IRBY,Mastercard,2029-06-01,282,17a20596-4178-43ef-be16-55c8fb8166b9,"2024-08-26 17:15:11"
092a9b67-4ba8-4eca-aa15-3208f98a9df3,60114301938414190,HELEN_HARRIS,Discover,2030-04-01,751,4d280818-86e3-4e31-84a4-19cf47af579b,"2024-08-26 17:15:11"
097ecdc6-d59a-48ef-b4a2-b42446e16cf7,516614361860066,DAVE_GARDINER,Mastercard,2030-02-01,594,473a9158-cbc4-4714-9943-e44bdd980fb2,"2024-08-26 17:15:11"
0985f3c8-b055-46ab-a210-cec4e94e1d1a,60115973074079838,RHONDA_KENNEDY,Discover,2024-11-01,703,0fab2dc4-9c39-4630-a3fe-393b194327e5,"2024-08-26 17:15:11"
09ef95ed-a929-4c1c-b527-ecd1b14469ce,60118712183732897,SAM_MCDUFFIE,Discover,2024-08-01,929,ea676aa5-d030-48c8-967f-0dbee8db6b98,"2024-08-26 17:15:12"
0ba6bdc9-c54e-4c7e-bc97-f2caf6ba1947,60118866273016065,REGINA_BERRY,Discover,2028-09-01,964,b5563a8b-87d8-4c40-8354-ef7521b9583a,"2024-08-26 17:15:12"
0c3f78d6-6f52-4c80-b607-e1f14f9ff43e,60115931524512261,CLARENCE_GAMEZ,Discover,2028-11-01,250,a78acd70-5f8e-45b9-a269-5146df4d8c39,"2024-08-26 17:15:12"
0ef25722-3146-4d0f-9c7f-60f1b02a8b50,47863458261079,MARION_SNYDER,Visa,2027-11-01,607,46206430-8d39-4453-a0c1-f87862ed1c64,"2024-08-26 17:15:11"
0fa5f156-a2a7-4d17-942d-80fad06c5665,48092915245255,JEANETTE_GREENE,Visa,2027-02-01,481,4fea2203-2baa-4477-abb2-f120756682a9,"2024-08-26 17:15:11"
0ff887cf-6821-4471-bf9e-41236ab06cc4,343611706303220,ROLAND_SOUTH,"American Express",2030-12-01,673,80f3eb04-098e-4484-9b8e-01f9326fa012,"2024-08-26 17:15:12"
10723bd4-e773-4df7-94e9-62d6d4e7d220,60116919195018057,MARIAN_MENDOZA,Discover,2024-03-01,147,f7182bb5-098d-4e94-84e6-af20b580e196,"2024-08-26 17:15:12"
10adbb1a-cb6e-4b14-8ed4-85d4c8219ea4,517178735275391,CHARLIE_BESS,Mastercard,2027-04-01,256,1aa1222e-0fe4-4c2d-8a18-487d080da7be,"2024-08-26 17:15:11"
11a55dd3-f92d-476e-8136-f91d9a99fb64,60119097159737701,JILL_HAWKINS,Discover,2024-08-01,484,ef6c071a-379d-446e-a825-38c4df5444d5,"2024-08-26 17:15:12"
12251217-6155-4205-a977-8ebca6a8ba47,515331868323104,KURT_EMMONS,Mastercard,2028-07-01,558,aa8cd750-0530-472e-b8dd-15ab2f2cd202,"2024-08-26 17:15:12"
128f66fa-571e-422f-ad37-297db72e31ad,510182954820777,MINNIE_ROMERO,Mastercard,2026-10-01,982,080a4704-6505-4c30-a8af-3016d9e6a212,"2024-08-26 17:15:11"
13266169-14af-4194-bf5b-8ee3de7df676,516831499531191,DENISE_KELLY,Mastercard,2027-04-01,336,3c9e785b-d44d-4066-baca-d4ccffb3a88c,"2024-08-26 17:15:11"
13c1f857-d76b-47a7-9600-fb52dc0e6274,47322056946847,ROGER_QUINTANILLA,Visa,2029-05-01,165,6b6f980b-8b6c-4148-b541-785dc1b5a6f5,"2024-08-26 17:15:12"
13dbfac2-c860-4ab1-ae6f-c9c54905afac,347559211947397,KATHERINE_RIVERA,"American Express",2029-06-01,420,c20dc505-6c06-4524-acb1-45eceaa9c6cc,"2024-08-26 17:15:12"
14a55833-aae0-4529-b57a-7dd59260024c,44956097902808,JACKIE_LYNCH,Visa,2029-04-01,739,aaf6f03a-d79f-4373-a45b-c14067ffc646,"2024-08-26 17:15:12"
14d12059-af39-48c2-835f-7eef13af5ed3,60114576676618996,NEIL_RENNER,Discover,2029-12-01,905,36a808c4-6f79-466e-b7d1-d2e2909dc57f,"2024-08-26 17:15:11"
15a8a05c-bfe2-4723-86f8-b74365dcc3d5,345947217225027,EDDIE_TOMLIN,"American Express",2030-02-01,325,22bed234-c619-46d9-8f38-0d7a38f50072,"2024-08-26 17:15:11"
160bec78-3602-46aa-97d0-439a9c2b8e23,347046238418568,MONICA_HICKS,"American Express",2030-09-01,797,b05cb626-8d5a-4e1d-8e3a-137514f2bd3c,"2024-08-26 17:15:12"
16bad7eb-9c0c-49fc-87b4-677d0f16d3bf,42643765624721,DIANE_COLLINS,Visa,2026-11-01,240,79431f3f-8138-4961-8694-ab4e2bc0a9a6,"2024-08-26 17:15:12"
17d766c9-e01a-46a7-bff0-7e5d87f2e278,48382995010615,BRADLEY_MOTLEY,Visa,2025-08-01,924,3142aaea-df15-476e-9fdc-9dfd50d7feee,"2024-08-26 17:15:11"
17e1c00e-d1b8-4adb-a6ce-9bc179d35371,516255474273174,MAURICE_CRAWLEY,Mastercard,2030-11-01,972,e1e7dd50-826b-4a0b-a702-b6d0a69abfe8,"2024-08-26 17:15:12"
17f83bbf-000f-42d3-a4b3-48ecefdfc80b,60117328362773551,HECTOR_POINDEXTER,Discover,2026-10-01,539,da314d47-da44-4275-b39f-5bf363837af6,"2024-08-26 17:15:12"
181e33a1-19a8-438c-9675-df9a5fc9fade,344825461517261,BILLY_POULIN,"American Express",2024-04-01,399,b5feaaca-2299-4d32-8364-66afe0ec30b1,"2024-08-26 17:15:12"
1853681d-6628-40bd-bfb5-efa5c4171adb,60117965560077531,EMMA_BOYD,Discover,2029-12-01,845,6cf81cc7-408a-4c4c-92c2-0f0407f5006a,"2024-08-26 17:15:12"
18797735-5333-4f00-b8b3-af9a06991bdf,340656884003064,CHRIS_BROTHERS,"American Express",2030-07-01,848,32954b55-0f80-4ec9-87dc-90dc92942a2d,"2024-08-26 17:15:11"
18d39fb0-753c-400a-acd5-8b58b498df41,60113066710213042,JAMIE_WAUGH,Discover,2027-08-01,429,00fcb0d4-7972-404e-bf63-d409538151b2,"2024-08-26 17:15:11"
18e843d6-c631-4ace-acba-d53dcdd9f957,349147474827858,ROBERT_BAUGHMAN,"American Express",2030-10-01,896,73d5120c-43c1-45f6-ba2b-435712bf798e,"2024-08-26 17:15:12"
18f6c3f2-3a79-4617-a80d-2768ca6414cb,49565176555598,MARY_SMITH,Visa,2026-10-01,673,23c1361d-f5ca-4af3-9f21-8039885e869c,"2024-08-26 17:15:11"
193834fd-ab0c-4495-b9c9-85bfd3b5b34e,47915861464839,DEANNA_BYRD,Visa,2024-12-01,500,f7741d7d-7430-47cb-b6e6-ecff6046b651,"2024-08-26 17:15:12"
196f070d-6ad9-47dc-92a2-9219df981ae9,346785260094018,DARREN_WINDHAM,"American Express",2029-11-01,248,11a8a6de-6ad0-47e8-964e-233246a2b578,"2024-08-26 17:15:11"
19aab9f1-a517-4d08-8384-92d9b2d20e11,345130126632083,HUGH_WALDROP,"American Express",2028-02-01,687,baf41cb4-6b7b-416a-900e-8228c5b15655,"2024-08-26 17:15:12"
1a597306-148b-4f4b-86ed-22a5764bbce2,518870528413753,PAULA_BRYANT,Mastercard,2029-06-01,260,89b46998-bd02-4a71-b829-d0cda5ea51bc,"2024-08-26 17:15:12"
1a691841-f7e4-47be-a396-d934f83b8d28,515665234428630,JOSE_ANDREW,Mastercard,2026-05-01,465,a021b8c9-f860-488d-bad8-4513051efeae,"2024-08-26 17:15:12"
1aa7c586-c6a8-457f-8bc6-44edbdb8139f,510800722043541,NELLIE_GARRETT,Mastercard,2025-01-01,524,f66cc652-c90c-4107-a1e9-89de0d6fe33a,"2024-08-26 17:15:12"
1ac99f05-e518-4298-9cfa-0232e6f2efe4,41920887091471,CORY_MEEHAN,Visa,2027-10-01,110,03057025-cdf2-4590-8a9a-abb36ec4905b,"2024-08-26 17:15:11"
1b12df19-e999-47d1-a7db-f476b48defd5,60113444048716899,DOROTHY_TAYLOR,Discover,2028-01-01,877,6f0723ed-e855-4b99-81cb-1cb3e5f1d4be,"2024-08-26 17:15:12"
1b253e42-9105-42d5-ae93-27b8910ea24f,519704617254232,IRMA_PEARSON,Mastercard,2030-10-01,952,466cfef6-b93f-4563-97f1-b1488a602cc4,"2024-08-26 17:15:11"
1b3f03b7-0801-4088-9eb9-5257a5916d15,44377431651788,RANDY_GAITHER,Visa,2030-07-01,558,3164e161-93fe-4c72-93f8-db414a233f70,"2024-08-26 17:15:11"
1b8c12b7-86a3-443b-b983-bc5b41865ca5,60116263345079884,RALPH_MADRIGAL,Discover,2030-12-01,671,fcf09f0b-b86b-454f-8c00-5730818805b4,"2024-08-26 17:15:12"
1bd56f89-bce3-4ee9-a955-c5f7ba78c445,517502312028015,CARLOS_COUGHLIN,Mastercard,2025-10-01,642,6c5bdbf0-03af-4f3e-a196-9d94e8cfba48,"2024-08-26 17:15:12"
1bea6838-209d-4690-be0b-e59b991c2a37,348293965958651,JIMMIE_EGGLESTON,"American Express",2024-05-01,360,3760f852-f2a3-46e5-ae64-4af186751f3a,"2024-08-26 17:15:11"
1c6023e3-c6eb-4d82-8e7e-4de1ef93acab,346436153391273,ZACHARY_HITE,"American Express",2028-11-01,691,0a903c1a-59f7-40a4-8813-c57c64486fef,"2024-08-26 17:15:11"
1c915029-ff51-45ff-8474-0c3a3a2327b0,510818354028542,IAN_STILL,Mastercard,2027-04-01,834,dd66940d-538e-48a2-bf9f-64e57b3805b7,"2024-08-26 17:15:12"
1e03638f-50b6-41dd-8d22-390cadd7209d,513806376410258,LONNIE_TIRADO,Mastercard,2029-10-01,126,9cf20b1d-1637-465f-a40d-5d9812284ba2,"2024-08-26 17:15:12"
1e2eff33-5912-4c66-b9e4-5cf39d25a478,46469807225037,RICKY_SHELBY,Visa,2028-08-01,723,0434a613-15d5-441c-b2f6-a55a58f826e5,"2024-08-26 17:15:11"
1e9a0bfd-77d3-44ce-bd4f-b55e206b44ee,60115925431405768,VELMA_LUCAS,Discover,2028-07-01,840,e99ef96c-ad99-4885-afaf-3b9e828751cc,"2024-08-26 17:15:12"
1ecf6e32-1c2a-4e96-8674-bb0c248e4e29,344881480214395,CLYDE_TOBIAS,"American Express",2029-09-01,903,b55c0386-bb6a-49f6-951d-892693d2b114,"2024-08-26 17:15:12"
1eff8df2-e231-4582-82f2-cc2e5b1f16c8,41707059567020,LESLIE_SEWARD,Visa,2027-01-01,935,231f86d3-6c98-4d02-b988-83e7acce1825,"2024-08-26 17:15:11"
1f9aeb35-681c-4608-ae5b-d3774836d8ef,43658245436644,KELLY_KNOTT,Visa,2026-08-01,447,fac0c1d3-3990-4685-b60e-c7430de955fc,"2024-08-26 17:15:12"
206f654b-5d70-4fd8-aac8-8c6837691024,514188077852338,OSCAR_AQUINO,Mastercard,2025-07-01,499,c0b3d5e1-0814-4bdc-bdf9-4a921ecd8b10,"2024-08-26 17:15:12"
211ccfcc-00c1-42bd-94bd-11cc52b2ae08,342639782897092,MARTIN_BALES,"American Express",2026-08-01,848,0b36dbb0-03e0-4813-bfbc-060664caf3c2,"2024-08-26 17:15:11"
2165afe8-b673-4578-a8af-83b558c55714,60119924247609883,ARLENE_HARVEY,Discover,2026-10-01,675,d8a4c6f7-57db-451a-abc9-56cdd8ccea0a,"2024-08-26 17:15:12"
2178b963-b20e-48df-8059-481956778a32,349924041221609,COURTNEY_DAY,"American Express",2029-09-01,945,13202344-37fe-4610-8921-e7472b62a37c,"2024-08-26 17:15:11"
21f5d954-b88d-4ae4-a017-2899b5720b4d,513147897436096,JULIO_NOLAND,Mastercard,2028-10-01,841,5fb04874-52ab-4231-ada6-facca61062d5,"2024-08-26 17:15:11"
220c7c54-ad5b-4eba-8c28-35bb903a90f3,510151488284733,RYAN_SALISBURY,Mastercard,2026-04-01,907,81e4053c-b6d0-40b7-a314-58c1e67e7aa1,"2024-08-26 17:15:12"
2254f46e-9df9-48e7-83b2-2496d1c75f03,60116041598530732,LAWRENCE_LAWTON,Discover,2030-04-01,373,8f438ba4-0d2c-4985-926e-974fbfc15405,"2024-08-26 17:15:12"
2263c88c-4101-4281-8577-ca2ed2663645,349617440857478,ERIC_ROBERT,"American Express",2027-01-01,253,8427e6d6-85ad-4a8a-95c3-8bf91fbf67d1,"2024-08-26 17:15:12"
229baaba-872b-493a-aafa-978929851eba,60119594935128914,SUSAN_WILSON,Discover,2024-02-01,884,7ff4a91e-6622-4a9b-a73e-9be64b86a0f5,"2024-08-26 17:15:12"
23463f81-951d-4e19-a0bf-92c95887aecd,340286930102971,KRISTIN_JOHNSTON,"American Express",2024-03-01,793,73cdcdf1-59d7-4bf6-b66c-9f53c211c688,"2024-08-26 17:15:12"
234d2a1b-48be-42e9-a568-f4176433d81a,349177693105892,MORRIS_MCCARTER,"American Express",2026-05-01,269,22e80135-8556-4d40-9790-86f1b93373da,"2024-08-26 17:15:11"
23d0f12c-4fbb-4889-8a99-3a8caa3e3144,511934698935208,ROY_WHITING,Mastercard,2030-09-01,470,e1d2075d-92a2-4a0f-9fb1-b59215d99dd9,"2024-08-26 17:15:12"
242352fe-6328-4a91-ab6f-9980b38d2cf1,515196460401364,MARILYN_ROSS,Mastercard,2030-07-01,801,d40ff429-406a-47b8-82e0-1eb23dde36d3,"2024-08-26 17:15:12"
253fbad9-dd88-4708-97d4-e79924ac5d4f,515897203530910,MYRTLE_FLEMING,Mastercard,2029-01-01,423,7ed6d90f-37dc-47b7-94f4-3edc90a229b2,"2024-08-26 17:15:12"
2578c288-54c2-4bd7-9ac6-4909ebdb8fd9,47636300848752,WANDA_PATTERSON,Visa,2026-08-01,826,cb3d1aa0-8e4b-4e59-9cfd-77e453403f8c,"2024-08-26 17:15:12"
25e72244-e1d9-48f6-9b16-ebf9641fb124,45983001797370,STEVEN_CURLEY,Visa,2025-12-01,902,4f747174-2040-43c8-93b0-2632065627aa,"2024-08-26 17:15:11"
265b1738-e43d-4466-bc28-f4ba3a474e62,348940130897657,CLAUDE_HERZOG,"American Express",2029-01-01,274,f859e0b8-b778-4c63-8090-d404593e0732,"2024-08-26 17:15:12"
26ff52eb-9b9a-45f4-8bba-0c8a55fedd21,519682458999079,VICTORIA_GIBSON,Mastercard,2026-04-01,124,233e769c-28c9-4a5c-adf0-70c8cdf384a9,"2024-08-26 17:15:11"
2726bb07-ff50-4480-8714-b631e566ca51,44713092179513,MIKE_WAY,Visa,2029-05-01,893,e3ad50e8-15c2-4b8c-825a-a09dc7344aba,"2024-08-26 17:15:12"
2726c2fa-b06f-46cf-abc7-19c10acaa2f7,349217569445178,RUBY_WASHINGTON,"American Express",2030-05-01,250,c733ec15-e5d2-44b9-8bc6-71c930aa6ce5,"2024-08-26 17:15:12"
27570ae3-d2bc-4688-b1cb-d2c32f491df2,341314387645978,MARTHA_GONZALEZ,"American Express",2024-11-01,966,64159e29-6b3b-4791-8a9d-6b78b4ef4398,"2024-08-26 17:15:12"
27716f0b-e243-4b7d-812e-e18703fc056e,515508949209591,STEPHEN_QUALLS,Mastercard,2024-12-01,248,1d23ad8a-fa88-4a32-97c6-ca606578abeb,"2024-08-26 17:15:11"
288a9142-9a30-4b07-ab22-1c4e32367bef,60117471584768006,DIANA_ALEXANDER,Discover,2025-01-01,731,f8432c10-de26-42f4-8dfc-12ad7ad5d968,"2024-08-26 17:15:12"
2953aba8-661c-479a-a7ea-87e3d8ba1558,40194146020361,ANA_BRADLEY,Visa,2029-11-01,807,98f3ea58-ff65-49d6-9fd2-342a5d6250d6,"2024-08-26 17:15:12"
2a586e3d-2ebd-449a-9ba6-ff959d8fcce5,45897791884935,MARC_OUTLAW,Visa,2029-08-01,634,769d14e5-8a0b-448e-b750-1749a03de834,"2024-08-26 17:15:12"
2a58a1d3-8e21-457e-bb61-59c040da4c29,60113448700947049,JEFFREY_SPEAR,Discover,2029-04-01,534,dd8bb6d0-5b04-4e5f-8836-de8ce7617eb6,"2024-08-26 17:15:12"
2a962c15-630e-45a1-ae70-e08843842eb0,47967659768808,MARLENE_WELCH,Visa,2026-12-01,477,4752f779-1fbe-45d3-8208-c3382b910bef,"2024-08-26 17:15:11"
2af0eb3b-5ccb-4e34-8990-2ee09250a558,345401925189305,FRANKLIN_TROUTMAN,"American Express",2024-04-01,313,5b9b8b6b-0db6-4ad9-abc4-106f746b991d,"2024-08-26 17:15:11"
2b0a5de0-d82c-4686-ad9f-e96720a81cc0,45359469347463,JUANITA_MASON,Visa,2030-11-01,622,b187bf03-7cd2-4cdb-9851-74e34d7aa97c,"2024-08-26 17:15:12"
2b26209e-0ecb-4c28-bfc3-76d3e1bb9b65,60114867314643084,PENNY_NEAL,Discover,2029-11-01,951,71ffbe8c-a347-4dae-8c07-cfd57cb70625,"2024-08-26 17:15:12"
2b381d7a-8eee-4ee0-b510-3946072bad4f,60110926150362078,VIOLA_HANSON,Discover,2028-02-01,289,f9d98de2-2f47-492d-aa2a-951c84aebfe3,"2024-08-26 17:15:12"
2b7f4ee7-3e44-4647-9b9d-55436be97947,349727546705213,DANIELLE_DANIELS,"American Express",2026-04-01,687,0df9f2f7-59fb-43e1-8bb6-7c9eec04afe2,"2024-08-26 17:15:11"
2bb155bc-0e13-4e8d-975e-6997edff2a17,348705005712201,MISTY_LAMBERT,"American Express",2026-04-01,918,16da4b46-d9d0-4fbf-8425-14ac1cfebdfc,"2024-08-26 17:15:11"
2bb76a52-42ad-4f0a-92a1-abf3bf288edf,345730046964994,MARSHALL_THORN,"American Express",2027-07-01,845,c16a1eaf-cd38-4792-b6fb-85a693e67ebd,"2024-08-26 17:15:12"
2c1c05fa-3d55-4934-aa5e-5c9a064f49ee,42211983877313,BOBBY_BOUDREAU,Visa,2030-04-01,327,443b66d4-0e58-4318-be72-6756b22dc5b5,"2024-08-26 17:15:11"
2c5c8053-fece-4678-b778-ba503bbbb37b,347341854080282,JANET_PHILLIPS,"American Express",2026-11-01,312,0f717709-e33f-4c04-b197-52ae7c6cf248,"2024-08-26 17:15:11"
2cd076d3-fc71-4753-8afe-4386dce98b22,40734381224730,GLADYS_HAMILTON,Visa,2024-08-01,848,ebda080e-0f83-4585-bcde-ed7392ef230e,"2024-08-26 17:15:12"
2d2c90e1-dfcd-4954-9bff-5f507c1dc487,44054363916494,THERESA_WATSON,Visa,2027-05-01,311,9125e48a-b098-4fca-a569-111dd79c4d1c,"2024-08-26 17:15:12"
2da7254e-ec2f-40ae-b410-b2d769a16118,340193079683962,PEARL_GARZA,"American Express",2028-08-01,281,a6bc63e2-7712-444a-bbe1-8c282d6dbb12,"2024-08-26 17:15:12"
2db16fc5-8865-4246-90f4-f6dc67bd84d0,60116834017611179,MILTON_HOWLAND,Discover,2026-12-01,598,ed379fb1-7a70-43e5-86ed-7d75234480d0,"2024-08-26 17:15:12"
2e20922c-0b03-4c26-b36a-5fc9bda3d097,512099645783560,DAWN_SULLIVAN,Mastercard,2028-01-01,617,101ff072-864a-4dba-a95f-17d20a689c6f,"2024-08-26 17:15:11"
2e478c52-ab45-45a7-96ac-b664918f5db9,343086054279805,HOLLY_FOX,"American Express",2024-09-01,502,f240c349-65cf-4944-930b-87d4c31715fd,"2024-08-26 17:15:12"
2eb6cb3e-3654-4fa3-9e54-8a8c41d64578,515350988566030,RAFAEL_ABNEY,Mastercard,2027-12-01,470,df630285-81f7-4225-9329-d0a5bbfcc196,"2024-08-26 17:15:12"
2f025b97-d56a-4905-9d59-a3ad9ac03352,46597586586618,JULIA_FLORES,Visa,2029-09-01,341,bbeb86d5-442b-4e6c-abfd-6d97b0737c40,"2024-08-26 17:15:12"
2f528dc7-8d2c-4577-ba61-d5346198d969,342105499721642,LEE_HAWKS,"American Express",2026-07-01,445,78066a02-8e93-4e1d-8e62-e22505f7cc2f,"2024-08-26 17:15:12"
2f9db5a8-7cc1-45c3-9517-a9114f14dbd9,60119831338969177,PHILLIP_HOLM,Discover,2027-10-01,275,d749ebc2-0738-4f92-a3e3-9f86c0fb8e9c,"2024-08-26 17:15:12"
303b43d1-b5ec-461f-818a-cb96e7ede66f,44475711288576,MARGIE_WADE,Visa,2030-10-01,222,064bc709-1dca-4c97-9eee-318eb66f4fe3,"2024-08-26 17:15:11"
305ce649-a28c-4868-83fb-bf5b38a733d2,60113173804977078,CONNIE_WALLACE,Discover,2029-10-01,435,75646bb6-fb26-4f8e-8b8a-8e4a24e3afd5,"2024-08-26 17:15:12"
311dd614-c211-4b97-a2ff-d06576bf356d,60110879775801288,REGINALD_KINDER,Discover,2030-07-01,854,01eefcce-1df7-41b7-baba-3ae07122daa3,"2024-08-26 17:15:11"
3138b616-58dc-47a5-985d-50b4dbcc11da,512981768099091,JESSE_SCHILLING,Mastercard,2024-08-01,250,2e78afd7-5f75-4521-8522-9c47150f7014,"2024-08-26 17:15:11"
31b232e6-62f0-40d7-afae-ee8b3c05f831,340961972024199,CATHERINE_CAMPBELL,"American Express",2024-10-01,895,a3e0a3f9-265b-43eb-b764-655611a1eb21,"2024-08-26 17:15:12"
3292f6a5-0219-4cd8-92fd-05a0d4e6d279,60113702367766080,MILDRED_BAILEY,Discover,2024-12-01,900,4db5b735-32be-4f9d-8d70-cbe01319ddc3,"2024-08-26 17:15:11"
32abdd38-cd38-46ca-b306-e050646f0aa9,60110079144992127,HARVEY_GUAJARDO,Discover,2029-04-01,402,ab66d732-518d-4a56-a9c0-e929ba9efcba,"2024-08-26 17:15:12"
32c36bcf-dea9-40b9-bcca-cc8e6f998a10,515134339005461,THOMAS_GRIGSBY,Mastercard,2027-10-01,664,7ceccd34-e6f6-45ba-b9dc-46be9ad87ae3,"2024-08-26 17:15:12"
336aa8e7-0c16-40a3-925b-b71d00f3df84,60111153125433901,JOEL_FRANCISCO,Discover,2026-04-01,355,7523a493-26e7-4e31-bc89-3c13d3b01515,"2024-08-26 17:15:12"
33f22e5b-eb85-40dd-a2bf-c813bb45f6fb,513064745252285,CHESTER_BENNER,Mastercard,2027-05-01,643,df06a9a6-3847-4143-a6ef-839294b4f5aa,"2024-08-26 17:15:12"
348beffd-148e-4bab-a27b-36b6abe771fd,349983098136831,CLARA_SHAW,"American Express",2025-03-01,714,820e5f60-e067-44ed-84af-a7c249bfafdc,"2024-08-26 17:15:12"
35ca1279-b66b-4f26-8d3a-17d543c3ae88,60111640855810012,JENNIE_TERRY,Discover,2027-01-01,135,b3e3ac14-b7e1-40d5-a633-30f4cdfbb9c5,"2024-08-26 17:15:12"
36f92381-bd2f-4914-96ff-014d2530178b,60119133079742098,HARRY_ARCE,Discover,2028-02-01,585,776cabdb-bf3b-472b-bc8a-5cb9ea1998de,"2024-08-26 17:15:12"
37347529-89e3-4529-aaaa-39374a1fde02,343547406683036,LAUREN_HUDSON,"American Express",2029-09-01,245,2edfa048-82f6-4efb-8a07-114def05a680,"2024-08-26 17:15:11"
374f99ce-d56e-4da2-bd97-239bc2ce1675,342551010058528,FLORENCE_WOODS,"American Express",2026-12-01,255,76b49ccc-1b59-498d-a456-351c422adcd7,"2024-08-26 17:15:12"
377127a7-8341-4741-b12c-fbe58e506452,343427093442724,NAOMI_JENNINGS,"American Express",2024-07-01,746,8a55fb0e-dbe3-44cd-8c6e-f9eea104e167,"2024-08-26 17:15:12"
3788b653-6f34-4d63-bab6-8e74ba62f5a9,342050417802439,WALLACE_SLONE,"American Express",2030-03-01,249,66a4db31-cf94-4fd8-b2c4-c1f380bbc1d6,"2024-08-26 17:15:12"
37d57ce2-bb39-4aeb-ae66-7b482e9e0a25,346334941772730,WESLEY_BULL,"American Express",2029-04-01,859,bf349f42-17d7-4125-a4fd-bc593771ea9f,"2024-08-26 17:15:12"
3a0e0bb6-e7df-4341-83ce-048d2ff1c412,512962902178528,ANTHONY_SCHWAB,Mastercard,2025-12-01,541,765a36bc-7f4f-49da-983e-4461d64d8003,"2024-08-26 17:15:12"
3a697664-2b9b-44f5-9e88-0b38da66e22a,516636006669694,HENRY_BILLINGSLEY,Mastercard,2026-08-01,357,71e0d539-1e31-4bfb-a469-d9730224ef7b,"2024-08-26 17:15:12"
3a97401c-d4dd-4dc6-819f-4bafb76a2c0b,60116114953702492,EARL_SHANKS,Discover,2029-10-01,683,78d09414-cce5-4717-855e-d8ea4494fa6a,"2024-08-26 17:15:12"
3c18693e-a9c8-4f88-a8ba-74017641c82b,517519870892139,GARY_COY,Mastercard,2026-09-01,988,39be6686-76da-4944-a243-8e99cad3611a,"2024-08-26 17:15:11"
3cdf2125-d2d8-4ca3-916b-f59e9d3df3a7,513941341038790,LINDA_WILLIAMS,Mastercard,2024-06-01,784,a6a7972d-8387-41b7-9475-b66afe436061,"2024-08-26 17:15:12"
3d6fabe9-6551-43d8-841d-d445a6ece41a,345501084197875,SHANNON_FREEMAN,"American Express",2027-10-01,697,e4befede-cb0a-4f1c-86a1-385c7006d41b,"2024-08-26 17:15:12"
3d8f3070-a282-475a-85eb-53fa3b8c3e12,516421097099201,LILLIE_KIM,Mastercard,2024-09-01,561,f8a3169e-2fa9-4eef-a68f-f6a442663bf0,"2024-08-26 17:15:12"
3d8f800b-d17f-4838-9d64-dce4aa596f61,45971438026321,VERONICA_STONE,Visa,2026-02-01,242,aac15bbb-d60d-4561-a5f2-1798a28c1152,"2024-08-26 17:15:12"
3dc669d8-a3f6-4a2e-b5e0-ad61076ea471,510766677364509,RITA_GRAHAM,Mastercard,2028-04-01,376,d5b93408-5d1a-410e-9db2-7c390114970e,"2024-08-26 17:15:12"
3dc6cd0c-ec0d-4401-b84e-4cb659d87613,60116988818563243,RICARDO_MEADOR,Discover,2024-04-01,648,7f9557ac-628c-4499-95c5-50aef0689548,"2024-08-26 17:15:12"
3ed5f9ae-a38b-4ce9-a1ee-14efceb29a17,345463383980642,ALEX_GRESHAM,"American Express",2028-10-01,118,98bc97d3-9ed3-4ed0-b876-9b8c51996ed5,"2024-08-26 17:15:12"
3f343d9a-2c51-4c98-8841-ac885932bd82,515077280072404,FLOYD_GANDY,Mastercard,2028-04-01,962,ec043f4b-9120-4d06-886f-90c04f7b37b0,"2024-08-26 17:15:12"
403bec8c-0a55-4c02-b544-598dafdf0e62,44398685121252,ROSA_REYNOLDS,Visa,2029-01-01,772,0fc7d8d7-b37f-47c2-9168-ebbf4f526af3,"2024-08-26 17:15:11"
41947a5c-2d45-4474-957c-adf59b32ced0,342026246003548,TONI_HOLT,"American Express",2029-12-01,715,c6a0a92d-e1b2-4209-9455-f17eea9d47d1,"2024-08-26 17:15:12"
41d1f8da-0c34-4f3c-8d0d-a56f8592b18f,512295007593288,CAROLYN_PEREZ,Mastercard,2026-07-01,499,49b90565-4542-49bc-bcff-ec708a7c019e,"2024-08-26 17:15:11"
4229e4e3-44f0-48fe-acd8-5b93579fdbde,514898882805949,JUSTIN_NGO,Mastercard,2029-06-01,967,e670aecf-f730-47ce-8880-84fd1f7b5451,"2024-08-26 17:15:12"
425c61ef-777e-4930-9f81-8186c3dfface,518746009784460,KENT_ARSENAULT,Mastercard,2024-03-01,723,9371ef14-3d8d-4fbf-82db-1883ad655728,"2024-08-26 17:15:12"
42d48532-99fa-4729-afd3-7a6d8b17a9b9,60110985650803619,TIMOTHY_BUNN,Discover,2025-02-01,685,6f181efd-1d75-49ed-9ab7-1ee2babe42d4,"2024-08-26 17:15:12"
43217c9a-d8e2-41a8-b30a-0006b49cfd22,48997856339705,VIRGIL_WOFFORD,Visa,2027-08-01,286,d2305921-4d2e-4d67-9ffa-f8cefbb33c73,"2024-08-26 17:15:12"
43958cd7-25aa-4695-8761-57def57f9ae3,340460888082530,MIRIAM_MCKINNEY,"American Express",2025-10-01,702,e63dc0bf-1b68-4b17-9df7-766577871680,"2024-08-26 17:15:12"
43a91628-8595-4cca-8b3b-a98b684029e0,60118241242736573,TIM_CARY,Discover,2028-09-01,719,c6df8296-5963-48e6-8169-43b356e494b3,"2024-08-26 17:15:12"
43bb4cdd-1837-4c90-8abb-1a8dfc6c7b0f,510045903210292,HAROLD_MARTINO,Mastercard,2027-04-01,510,4cf1f3ed-ce72-40b7-a2b9-ab15d8fe89d5,"2024-08-26 17:15:11"
43d94393-60c4-4ac8-9590-ef1bceaea19d,60113323649043184,KENNETH_GOODEN,Discover,2027-02-01,821,de27370b-af7c-4fd0-8d3b-2d442cb902b5,"2024-08-26 17:15:12"
443ae1a1-62bf-4790-ab2d-9a0227c82c67,347822401538824,VINCENT_RALSTON,"American Express",2027-09-01,133,dc9530e2-659e-4e80-bd46-eac1f542622e,"2024-08-26 17:15:12"
443b01f2-e322-4cad-b1a3-0f7f0aaddd46,340489066864073,BRANDON_HUEY,"American Express",2025-04-01,298,6c2735be-8de6-447c-bda4-ca5959e33a55,"2024-08-26 17:15:12"
4445b627-8efd-4bd3-ab92-4c79ac4041eb,510999420436304,ELIZABETH_BROWN,Mastercard,2029-09-01,449,f60e3488-d41a-4842-acad-d863df681dfc,"2024-08-26 17:15:12"
44582237-8b5a-451c-9994-ee7cd2287fa8,48600708857606,ALFRED_CASILLAS,Visa,2030-09-01,286,9de1d39e-a252-4655-be1e-c4adf71f2183,"2024-08-26 17:15:12"
445d38b8-a488-4377-9ef2-ab97ca8a5e1c,60115457578417596,BOBBIE_CRAIG,Discover,2029-08-01,514,17798024-12c2-4ade-a42a-4e73bf788453,"2024-08-26 17:15:11"
44e6a1d6-d86a-4710-85d8-3cee81aa3742,518457802314920,RODNEY_MOELLER,Mastercard,2028-08-01,346,689fde1c-c8c8-46e8-9a0a-30312d3a7d42,"2024-08-26 17:15:12"
451c6f76-7909-4b99-ae60-52e9ea8941d3,43428246178862,JOANN_GARDNER,Visa,2028-04-01,233,f8abac58-bacd-461e-b044-ba2e777c95db,"2024-08-26 17:15:12"
458503d1-e542-4e4f-b3a0-0a252fbbe522,341893336117336,HILDA_HOPKINS,"American Express",2024-04-01,682,bb9123c7-ca5d-441c-a51b-ec96287401a4,"2024-08-26 17:15:12"
46ca42a7-3979-4796-b335-8676c3e67358,60116901627021343,FRANCES_PARKER,Discover,2026-09-01,583,bc488cb7-90f6-4161-9016-aa5b4f799cb1,"2024-08-26 17:15:12"
47b8b54e-16be-423e-85ff-3213cb3461dd,44385425079741,CONSTANCE_REID,Visa,2026-03-01,467,e438e2ac-2936-41e6-a13d-a6050dc89810,"2024-08-26 17:15:12"
47d5002b-7567-4aaa-a627-9ef0af13f817,41081248692032,TRAVIS_ESTEP,Visa,2028-07-01,438,ec6de886-7c30-4186-9799-e48450282bf0,"2024-08-26 17:15:12"
485c0f82-ace3-446c-a5d5-1702bf1b3921,514373384305431,HAZEL_WARREN,Mastercard,2028-06-01,189,823185c8-4133-445f-bef9-abb9ed380418,"2024-08-26 17:15:12"
48ad7bd7-b4be-48c1-a55e-59cc50968c1b,60112711428881620,LUCILLE_HOLMES,Discover,2024-11-01,317,c0f32dee-fee7-410d-8f71-3ce0d3eb5be1,"2024-08-26 17:15:12"
4903e94b-4315-4eec-b51d-592f3ee29ed8,349679303697169,PAULINE_HENRY,"American Express",2026-06-01,638,0ef0caae-54ed-444b-8a17-412883e70b26,"2024-08-26 17:15:11"
4afb824a-74d6-4bd2-93eb-c23d3843e9a1,518823034513559,JERRY_JORDON,Mastercard,2030-05-01,531,81697e6d-6ae3-46aa-b3da-049facd2c588,"2024-08-26 17:15:12"
4b643153-0cea-4e5a-9905-9031e86438ce,60110908275242096,YVONNE_WATKINS,Discover,2029-11-01,843,9fd3f104-9c22-4304-82eb-6e8b7a3e2b47,"2024-08-26 17:15:12"
4bb639ad-e4a1-40c9-b2a4-c7689b370afa,60115825569632368,GINA_WILLIAMSON,Discover,2028-12-01,996,cbb34441-e9ce-4423-b9d6-1556708d7f9b,"2024-08-26 17:15:12"
4c9d2d34-457f-4623-84cc-e67ceae83bce,343212546444032,SUE_PETERS,"American Express",2024-11-01,798,c738c92b-5eb0-4e85-90b2-abbbd5cdc055,"2024-08-26 17:15:12"
4ca0d524-ab42-4157-8338-05c924e10f41,48118215418241,JAIME_NETTLES,Visa,2029-11-01,325,9443e203-3bc4-43d4-b609-140e7d402fae,"2024-08-26 17:15:12"
4d543e18-9d54-4fe1-8c0a-0d8b0e5b23b4,60116857279613692,DANNY_ISOM,Discover,2027-11-01,338,5ac379c1-30b9-40de-8ea5-11be359a5ed9,"2024-08-26 17:15:11"
4d7121fa-8767-45e4-993a-bc05666a929f,60116473590193939,CLAUDIA_FULLER,Discover,2028-07-01,121,7b0f490a-3192-443f-be22-f6073cfbb87a,"2024-08-26 17:15:12"
4e00cf11-1070-4367-be4c-4cc18baab3f0,41854386783554,NINA_SOTO,Visa,2028-02-01,785,5a942ee0-16a4-4393-90ae-5eb9eb9f4905,"2024-08-26 17:15:11"
4f267021-8a02-4967-bced-5102efa09b6c,346011285707786,ANGELA_HERNANDEZ,"American Express",2027-12-01,755,c41f22d3-b0be-4a12-b445-924aeb433ff9,"2024-08-26 17:15:12"
4fc01e8d-d7b4-4100-8d99-2e26a78ed664,46665760747007,KIRK_STCLAIR,Visa,2024-07-01,126,82a92bad-2629-4423-9ccb-062abdaf5428,"2024-08-26 17:15:12"
4fcb4816-aced-4b52-9fc6-9fc6e912a4e9,42697694239458,CHRISTINE_ROBERTS,Visa,2029-03-01,221,c30592bd-7422-4d0e-8c13-577199cffecc,"2024-08-26 17:15:12"
4fcc93c6-836e-402e-a989-d158e347bb31,519946515165802,AMY_LOPEZ,Mastercard,2028-01-01,920,e985f52d-05a6-4f12-b938-357913f3a6a1,"2024-08-26 17:15:12"
4fdfaabb-3519-4049-b29c-46b9b6ff4766,346465406809237,CARLA_GUTIERREZ,"American Express",2024-05-01,488,6a638178-e3a8-4e5a-a90f-cc4c27c91f57,"2024-08-26 17:15:12"
504496e2-5df4-4578-b1a5-0594d71a1c33,60118376493018189,STACY_CUNNINGHAM,Discover,2024-10-01,634,29e37019-ce83-4c10-9923-0d6d7ef57306,"2024-08-26 17:15:11"
50515fd0-f03d-40d2-a4a1-0303afbc8eef,60117291043620096,SHEILA_WELLS,Discover,2024-09-01,292,b937bfbc-8506-424e-b586-16a9c8f93dae,"2024-08-26 17:15:12"
5125a037-09ce-4266-a849-c242645f0757,345864374774707,LEO_EBERT,"American Express",2025-05-01,922,c969e679-fea0-4dba-8662-370543c54b58,"2024-08-26 17:15:12"
51985fd2-51cf-4a50-95c0-a432b636d706,513707299415533,RONALD_WEINER,Mastercard,2024-06-01,827,3634cf22-7548-4361-b6d3-26350d624839,"2024-08-26 17:15:11"
51d7664d-1305-406d-9bfb-36cbee917039,60117723039203388,HEIDI_LARSON,Discover,2024-07-01,266,fa0584c6-c2b9-4185-9124-b5e4bc1e21bc,"2024-08-26 17:15:12"
52720bdc-ca13-4596-b6fa-3561184c2d21,44483328262742,TRACEY_BARRETT,Visa,2027-11-01,816,b7f7d75c-3778-475c-b2f8-865d66ed65e2,"2024-08-26 17:15:12"
527fbcd4-40f4-4230-b9e8-c32321cc11cc,340588623911324,DANIEL_CABRAL,"American Express",2025-03-01,120,48d95b04-4c5e-4d01-80f0-2ad382c7d38e,"2024-08-26 17:15:11"
53721e4b-f9a4-471d-b459-c52b7efab5ca,346050538487372,JEFFERY_PINSON,"American Express",2025-05-01,410,2dfd027a-f8ec-404f-bd62-e97ae0babed8,"2024-08-26 17:15:11"
53d790b7-6352-4a81-af10-a8c0ffb8732a,511026526679684,PAMELA_BAKER,Mastercard,2028-09-01,796,eda03c2a-1432-40e9-9a92-b425c167d8f3,"2024-08-26 17:15:12"
53ecc408-9500-4366-a903-fa73e7af2777,49691328686087,BARBARA_JONES,Visa,2026-10-01,364,0ba5ba4a-f675-4a86-91fd-a100cdc522bd,"2024-08-26 17:15:11"
5471b34f-e4c3-445e-a5c8-6e4b1e42a64f,48875140459986,LARRY_THRASHER,Visa,2026-09-01,738,21176250-99c4-49c4-a5d6-bffeab525c42,"2024-08-26 17:15:11"
54d51077-73c9-4c37-a72e-4c0b241109f4,48999504308579,OLGA_JIMENEZ,Visa,2025-07-01,834,95ddd025-389a-42ee-bb5d-3957390ea52e,"2024-08-26 17:15:12"
574e8027-f428-4378-8d6e-c661d7edf1f4,60115525325144876,TAMMY_SANDERS,Discover,2026-05-01,199,34e432c3-f6a2-4964-9cef-e8112c64f99e,"2024-08-26 17:15:11"
57801705-4939-4b01-9575-16eace347e52,60111386145617152,TERESA_ROGERS,Discover,2026-08-01,945,e95275c2-cb39-439f-b228-9b0f28ee2784,"2024-08-26 17:15:12"
57a1bae8-b6cc-4b95-a436-c29ccc14cf78,341836891935942,CHAD_CARBONE,"American Express",2024-08-01,113,a75372fa-6cdd-4179-9696-d9ed973cd5fb,"2024-08-26 17:15:12"
57a22a19-6064-41b0-84a5-7e82c8d4733d,349086406202531,KATHY_JAMES,"American Express",2027-03-01,408,c60912a5-87c3-4073-a8ef-6a9ba319c458,"2024-08-26 17:15:12"
57aae0a0-d040-47af-ae86-c4f1c8f6cdf8,49284579889475,RENE_MCALISTER,Visa,2024-02-01,278,e704b602-5de9-41ff-b30d-02a09261d49e,"2024-08-26 17:15:12"
57ca8bf4-8c82-4108-a7b3-721c0085705a,60112712764005750,JENNIFER_DAVIS,Discover,2030-02-01,791,c12fba1b-3f35-4d62-bc7b-e3495f91935b,"2024-08-26 17:15:12"
588983c8-4fb7-4738-8066-c3b6be1a145c,516096221561390,SHANE_MILLARD,Mastercard,2025-08-01,355,2b44c584-131f-4fcd-bd60-932f1fea2c7a,"2024-08-26 17:15:11"
588f8a28-32e8-4702-9e0c-0beaac75e2c7,42213175026089,ALVIN_DELOACH,Visa,2026-08-01,991,d80a8f1c-4dde-4058-b119-734f16aecabc,"2024-08-26 17:15:12"
592c2053-cc6a-48c2-b4c1-fd34ad33e3bc,345200610915920,CHRISTINA_RAMIREZ,"American Express",2024-08-01,490,1abc6a31-9ad9-4f3c-a924-26d786eb22f7,"2024-08-26 17:15:11"
595b62c1-bc50-4ccf-ae19-1c7c1db81a4c,344263763988998,DALE_RATCLIFF,"American Express",2030-09-01,604,7edf30a0-1773-40a7-8b52-2b177484e140,"2024-08-26 17:15:12"
5a3bc056-96c4-4dca-8ad8-153aaef74d87,60116060083285909,ENRIQUE_FORSYTHE,Discover,2029-12-01,455,22e2cfec-00eb-494b-9931-fb4a80ee9583,"2024-08-26 17:15:11"
5a622604-1f2c-4b4f-974b-0a15344ff205,340926849849624,CATHY_SPENCER,"American Express",2029-03-01,227,3045e43d-c084-4986-8193-36b97677f7ce,"2024-08-26 17:15:11"
5a7692fa-b9dd-451f-a25c-e21d313b9209,514286221019132,NELSON_CHRISTENSON,Mastercard,2026-07-01,219,4281b0e4-9b8d-4c01-aaaa-8ad66466ca2b,"2024-08-26 17:15:11"
5a950d27-3539-4386-886c-c3b5bfae02a5,45125790391936,TARA_RYAN,Visa,2025-10-01,848,04ef4ca3-93d7-4713-bed6-49d4025b0679,"2024-08-26 17:15:11"
5abd42f1-3dcb-4738-bd78-095d5dc302ee,60116761187222471,JANE_BENNETT,Discover,2028-10-01,589,60fcfdec-c4ab-47a4-97af-314874d73294,"2024-08-26 17:15:12"
5ac8a08d-f685-453a-b205-77fafafd04ab,515068176513032,ANN_EVANS,Mastercard,2025-03-01,701,0129c1e5-f6c9-4e70-a472-ae10b4fb46fd,"2024-08-26 17:15:11"
5ae26e4f-6989-4dbb-b80d-3fbc502a465f,41160596114483,DIANNE_SHELTON,Visa,2030-12-01,812,11be2a17-34b5-40e8-b7bd-9262dd47172b,"2024-08-26 17:15:11"
5b3e84e8-5f2f-4ae8-b8bd-d9e4bd2d6f7e,47313800095956,CLINTON_BUFORD,Visa,2027-05-01,459,95f23b06-b852-4142-9277-f4b50addd7c5,"2024-08-26 17:15:12"
5bfa57d3-c46d-4af5-ae6e-ff0b169d02e2,511840862219982,ANDREA_HENDERSON,Mastercard,2027-08-01,942,119634a0-0ef3-4005-85b7-ca57b6c33551,"2024-08-26 17:15:11"
5c16b334-2664-4a24-bb85-4b33f2f833ab,347941369587375,BESSIE_MORRISON,"American Express",2029-11-01,590,d73e2656-cf4b-4923-b278-4e42b0f715ab,"2024-08-26 17:15:12"
5c743212-f8ac-4050-b95b-07abf5f85c43,40257330003830,PAUL_TROUT,Visa,2028-04-01,441,9541a115-7c23-45e5-af13-ecf13a52d5e3,"2024-08-26 17:15:12"
5ca87d0e-3298-4c73-bb76-76af8aa5a571,45903836969382,EVELYN_MORGAN,Visa,2029-01-01,138,bbc16d95-be24-48c0-b87e-2155d1a6c40e,"2024-08-26 17:15:12"
5cd3db9d-4435-47a0-8337-905ae6373269,60110189164810687,JOSHUA_MARK,Discover,2030-10-01,263,3b4e8e8a-7e65-422b-ac05-be04553cea73,"2024-08-26 17:15:11"
5d13ca58-3b03-4a74-a73b-74584bcbf294,41782443997695,ANNA_HILL,Visa,2030-06-01,782,7facc0a2-e26f-441d-a019-f3f8672ee78b,"2024-08-26 17:15:12"
5d47bdb8-ee30-4476-9061-fd95aad897a0,41020807849600,APRIL_BURNS,Visa,2028-06-01,294,03b7cf17-0c69-410f-b85f-d149bd0bb59e,"2024-08-26 17:15:11"
5deddfac-4403-4b5a-b4b3-b14e5d5e0f4f,49394623071446,MARK_RINEHART,Visa,2030-11-01,173,8933344c-6f9f-44a9-992a-b01ae00d91b2,"2024-08-26 17:15:12"
5e307684-3a54-4cd9-ab1e-97d5b21d5a94,512047003584070,RICK_MATTOX,Mastercard,2029-06-01,715,e488b035-03e3-44ac-8673-41b0524e6d5c,"2024-08-26 17:15:12"
5e46d682-cdaf-4e4a-9a8a-fc68e88e11f4,44301705555376,EMILY_DIAZ,Visa,2027-11-01,253,44222ee7-fb66-457b-a9a0-8d35f9edc4c3,"2024-08-26 17:15:11"
5e5e8e5e-2288-49fc-a34f-4954004742b0,60112837727802389,LLOYD_DOWD,Discover,2024-07-01,779,f583d697-e0e3-435e-a2d3-c965f0f1bcfe,"2024-08-26 17:15:12"
5f59f385-91b3-4ee2-87f0-aa5518545dec,513898787961889,JARED_ELY,Mastercard,2028-01-01,875,4ad540a6-5c72-4353-a141-79e056c39dd7,"2024-08-26 17:15:11"
5fa3f0da-ac81-4e0b-a898-2c6e23e91488,45212441100996,GERALD_FULTZ,Visa,2029-09-01,997,a54edf6f-198b-49e5-9401-88d2c210a1c0,"2024-08-26 17:15:12"
601aa361-f038-407f-8537-c9a75ec787ba,60119820418121335,KAY_CALDWELL,Discover,2030-07-01,545,2539e27d-2098-40a5-bcbb-7e956367c326,"2024-08-26 17:15:11"
614e7e6c-edc6-4500-8d23-585b32b45a90,347248574633814,JUDITH_COX,"American Express",2025-02-01,403,4306ed01-c1da-4d24-87ef-bedbee2c6608,"2024-08-26 17:15:11"
625072a9-004a-42e6-9d0b-bc9058c2be5c,45125899997742,CHARLES_KOWALSKI,Visa,2024-04-01,962,549e60f5-5882-4339-85f5-5ae303c992b6,"2024-08-26 17:15:11"
6258cb5a-dcda-436d-b99c-228a1eec84ca,60116895176730466,ARTHUR_SIMPKINS,Discover,2026-12-01,207,ca9559db-b03e-4b64-b5c3-ffc768fcf73a,"2024-08-26 17:15:12"
627f11bc-aac4-4571-b1b5-7aa5e2eafad2,46576057963183,JULIE_SANCHEZ,Visa,2024-12-01,150,d9a855b3-7c49-4b62-8b10-f9d040f0316e,"2024-08-26 17:15:12"
6303b453-e60f-4569-a2a1-aa1685a49167,342995452497061,ADAM_GOOCH,"American Express",2030-10-01,631,86b1c84f-7f7f-415d-b263-3a27d7c55f11,"2024-08-26 17:15:12"
63427bc9-cc27-4057-a498-92bd2181ac1f,512814311962713,BERNICE_WILLIS,Mastercard,2024-09-01,691,e0137f50-7528-4056-a46f-45fb1045035c,"2024-08-26 17:15:12"
6353ff52-8f66-4195-a265-b47d56a536ee,349285932176878,TERRY_CARLSON,"American Express",2024-11-01,908,ab9e3629-1b25-47e9-8ca3-b9daa13b9b1e,"2024-08-26 17:15:12"
64430058-437b-4261-9d06-ac2573980b21,60110967488269130,LEROY_BUSTAMANTE,Discover,2030-12-01,379,278a9710-9410-4d48-a2c7-4d1f4622234c,"2024-08-26 17:15:11"
648bca6d-94b2-4d44-ae5a-24aea7b53f83,510598134042778,EVERETT_BANDA,Mastercard,2028-07-01,195,0412df17-6f98-42a3-9981-37f57a7ebb3b,"2024-08-26 17:15:11"
65963ac2-9240-4253-a327-3ad3ca0425ed,60118479267505025,JULIAN_VEST,Discover,2028-06-01,148,2fa5a05c-5803-480a-852b-32aa95397381,"2024-08-26 17:15:11"
65e661d2-de0f-42c1-8522-237e6feef8ec,41430821579169,SARAH_LEWIS,Visa,2027-12-01,484,ec0e74a3-9cb9-4d7d-a996-a30b1b10a6e8,"2024-08-26 17:15:12"
668909ab-cc5a-4d4f-b286-cd9d931a4b28,60117449492875106,ALICIA_MILLS,Discover,2027-12-01,349,c14241c6-4ad7-4d8f-8d80-0488ce5fe8d7,"2024-08-26 17:15:12"
668b2389-5cb9-4e81-b209-14b56913fcf8,60110603681836364,SONIA_GREGORY,Discover,2030-10-01,368,27bdde9f-bec8-4561-a0bc-8bed6df6097c,"2024-08-26 17:15:11"
66eab0da-b61e-4b30-9296-9a28dbc3f65a,44938501022041,STEVE_MACKENZIE,Visa,2028-02-01,104,769da7aa-c25b-4be7-96b6-35f23816d6e8,"2024-08-26 17:15:12"
67bd7709-d62f-40f3-89ec-f8ba11860466,46736510180167,ARMANDO_GRUBER,Visa,2024-08-01,771,88952aed-e496-45d2-a0ee-59d79ab480f0,"2024-08-26 17:15:12"
6867c687-a5c1-4eb5-bae2-b61ae1e49301,60117785685983524,JOHNNY_TURPIN,Discover,2024-02-01,473,d496668f-b313-40ef-8a60-1a5f41c69136,"2024-08-26 17:15:12"
68c1d32a-ffab-43ab-b1d3-76fac9c8573b,49556219397252,THEODORE_CULP,Visa,2024-04-01,834,d834cbd2-9cb1-4da7-9a57-f0229a350f3c,"2024-08-26 17:15:12"
68c85519-873c-40d2-9c22-ed74333d9071,45525377918767,DONNA_THOMPSON,Visa,2027-04-01,533,9787e209-ebb6-4307-8260-6b82d4a4893c,"2024-08-26 17:15:12"
6907db80-6092-4999-aeed-10b9e7e19007,60117541390206704,LOUIS_LEONE,Discover,2026-10-01,273,d56dcf47-b4f1-47d5-bd50-040fa2bccc31,"2024-08-26 17:15:12"
6a1de577-97fa-4432-adec-9896f9584f20,60116098875247788,ALEXANDER_FENNELL,Discover,2029-05-01,980,46542837-1dd2-4791-b12e-c68443ad1f50,"2024-08-26 17:15:11"
6b8969a0-6406-4b5c-a0b6-20a4cb9d41c6,46051054630307,CASEY_MENA,Visa,2026-09-01,373,1f9d2659-46a7-4bbc-b112-92985cafeb56,"2024-08-26 17:15:11"
6bb63215-d320-4d47-aa76-11be4b3c72bf,515441826392859,BILLIE_HORTON,Mastercard,2030-09-01,166,90341507-6c00-421a-abd6-5f8e4d0478b0,"2024-08-26 17:15:12"
6c1de0b8-6d9e-4f63-a68e-06394d30c655,517723307047189,SERGIO_STANFIELD,Mastercard,2025-07-01,339,5e444ad9-c075-4026-b716-28f0c86e0955,"2024-08-26 17:15:11"
6c23aea4-9c27-43ed-8b29-5efd8770c893,60114183113113387,CHRISTIAN_JUNG,Discover,2027-12-01,227,33746bd1-80d6-46ed-a970-df83bda2d0f2,"2024-08-26 17:15:11"
6c2674f1-d230-486a-8eec-86d69af78cd7,514575795803191,BETH_FRANKLIN,Mastercard,2030-05-01,721,df07a28f-84f6-4db0-af85-9ebf21ff5114,"2024-08-26 17:15:12"
6c729c58-d69d-4e72-82f3-fe26f0163ca3,344909275352889,EDWIN_BURK,"American Express",2028-12-01,515,d4b2a26c-bfc0-4e43-9f7d-94a7d6063966,"2024-08-26 17:15:12"
6d3b9f86-42b5-4ef8-8511-26518506dcd7,342959269140007,CYNTHIA_YOUNG,"American Express",2024-02-01,343,8345c6d5-eb2e-411b-9b8a-e2098b714d47,"2024-08-26 17:15:12"
6d8c1dab-6bc7-4a16-a956-82c3c423763c,518579644364383,VIVIAN_RUIZ,Mastercard,2028-06-01,353,855e5e20-eec1-4a4a-814e-d12a733b9e5b,"2024-08-26 17:15:12"
6db3a2c4-bab9-4bc1-a016-0eb21f5b9b7f,343680020510184,PETER_MENARD,"American Express",2026-01-01,604,2deb7c14-d165-44e4-bf75-20155f8af193,"2024-08-26 17:15:11"
6ec8a684-ee2a-42cf-91c7-81e97de21875,60117582866196996,VANESSA_SIMS,Discover,2028-10-01,871,62cb8b31-97e7-4dde-b956-e9b3f273c6c2,"2024-08-26 17:15:12"
6f3d1921-204a-4f19-ad44-0295062142bd,342932029234591,COLLEEN_BURTON,"American Express",2026-03-01,622,6c8dea56-3945-4ab1-afe0-72499b65da94,"2024-08-26 17:15:12"
7047eb0d-8a82-4392-b001-c8fa5e2c6a2d,516210329561420,CHRISTOPHER_GRECO,Mastercard,2029-02-01,526,4fe63174-2421-481c-a8fa-0f5803b2b78b,"2024-08-26 17:15:11"
713b58c1-bd01-4bc1-84ba-26d15dda11d6,340359614201995,MELINDA_FERNANDEZ,"American Express",2024-03-01,575,aad20fa7-0465-4d3c-af16-93f887104527,"2024-08-26 17:15:12"
71992c7c-852d-4ef7-b1a3-f01f4072b7d5,513891246149798,GREG_ROBINS,Mastercard,2028-11-01,832,762c82ff-f5a2-4e6b-8101-76500945c264,"2024-08-26 17:15:12"
71ae771c-eb73-417e-94b2-04afc52bf4ab,345696892663934,ANTONIO_MEEK,"American Express",2026-11-01,963,1f16d090-b8e1-40cc-aeed-0b14815924ef,"2024-08-26 17:15:11"
72021144-d408-418e-8142-e842d611d0c4,340794405416131,TED_BREAUX,"American Express",2030-06-01,169,c92974be-0c8e-4b3a-8f36-a912dbc3e52d,"2024-08-26 17:15:12"
7238b3ab-db3a-40a6-8287-8321dfd9fc9a,44304321373510,LAURIE_LAWRENCE,Visa,2030-03-01,875,d3386263-e164-438e-b9e0-c1722fe11e2e,"2024-08-26 17:15:12"
726f670f-ca8f-4965-9875-6fe2ef898884,519737198851764,DUSTIN_GILLETTE,Mastercard,2025-04-01,995,a54f3cb0-9d61-4722-9173-41cabcd62f83,"2024-08-26 17:15:12"
727fcec8-81d4-4993-b8f4-5a67273c70b2,341326508567948,TYRONE_ASHER,"American Express",2027-09-01,962,34f62933-9fef-4731-b5f1-2a17fa6134c3,"2024-08-26 17:15:11"
73056110-6461-468b-b081-80acb5147525,49736806415069,BETTY_WHITE,Visa,2028-11-01,830,99fb6bf4-26b8-4dd3-86ba-88b79e80a4b8,"2024-08-26 17:15:12"
743a3953-787f-4741-b5f8-5f12207eddb6,60115325874295033,RUTH_MARTINEZ,Discover,2027-02-01,660,801fa671-a0df-413d-9745-5cb65d9be9de,"2024-08-26 17:15:12"
744e0b61-9c7c-40f5-a9ff-032066a02406,342831642257156,TANYA_GILBERT,"American Express",2028-04-01,602,6f49aa44-b8b8-48a7-83a3-706efd611531,"2024-08-26 17:15:12"
74df5ad2-f1ff-4728-aec2-2ac262be8198,349729412861070,DEAN_SAUER,"American Express",2028-06-01,807,f32e16d7-7904-4a2e-b326-135a782d3123,"2024-08-26 17:15:12"
75219e0c-81b5-4c0c-a6c0-b6582119c79b,515783957601365,BONNIE_HUGHES,Mastercard,2029-12-01,860,d3e566c8-b692-4e6e-a5b1-31a98119165f,"2024-08-26 17:15:12"
756a0f9e-b035-4b60-ae9f-f91f0cd1d06b,511050918989476,MIGUEL_BETANCOURT,Mastercard,2026-01-01,833,43e8567a-4a2f-41bc-a958-1116c051b128,"2024-08-26 17:15:11"
75c0d2ac-f851-4785-bc55-44f939221cde,514389165034339,KATHRYN_COLEMAN,Mastercard,2030-02-01,515,0815b9a7-332d-4dc7-be37-efa77f699b92,"2024-08-26 17:15:11"
75c7598b-5d5a-4dec-b091-c38f7658f443,60118821075063979,GENE_SANBORN,Discover,2026-12-01,446,d0012d03-2e79-46d3-b59c-5ffd380362d9,"2024-08-26 17:15:12"
761ab26b-9a39-4781-816d-ac7036cdeeb0,60115363465126613,RICHARD_MCCRARY,Discover,2024-10-01,955,24a87898-1bbf-4b6b-8c80-b0392a695e93,"2024-08-26 17:15:11"
765cba18-1149-452c-9e20-bb2276d369c3,40463805506114,KELLY_TORRES,Visa,2026-08-01,878,a9f3d430-783d-4fcf-8f85-064d3b5c24a8,"2024-08-26 17:15:12"
767856e6-d0f9-4df0-96bb-223b7f8b0fc7,514934322931488,STANLEY_SCROGGINS,Mastercard,2025-05-01,366,1343e0ab-f57e-43a8-a2e8-ec6e4dcaf859,"2024-08-26 17:15:11"
768dfa7b-f16f-4644-ac96-7f69b46ca71f,45016747965511,WALTER_PERRYMAN,Visa,2027-10-01,692,6e23b854-ac63-4da1-8f5a-caf858e77e73,"2024-08-26 17:15:12"
76b98f01-df4c-49d0-85b8-10f6796197f2,512687153361661,PEGGY_MYERS,Mastercard,2029-01-01,820,476ad88b-1eb6-4b39-8f70-daaf13db98cf,"2024-08-26 17:15:11"
77314ee0-898b-40f2-8f11-390547395012,49148233643446,ETHEL_WEBB,Visa,2025-11-01,159,1d5ac630-1775-464d-b00e-6cb8204e40b3,"2024-08-26 17:15:11"
7752ee70-be44-4655-89d9-3d87523948c0,343681099799197,DERRICK_BOURQUE,"American Express",2030-03-01,850,0fa38034-e4b3-464e-888b-2c4f99839ddb,"2024-08-26 17:15:11"
78c5a55a-cffb-4f03-b7af-a8f8b4122663,513420495148639,PATSY_DAVIDSON,Mastercard,2026-07-01,525,a7a36ba0-e9e3-49ce-a188-014690e04488,"2024-08-26 17:15:12"
79e8c3a9-bb4d-4d34-8bca-6cd1aaaa0876,45436150215347,CASSANDRA_WALTERS,Visa,2030-12-01,971,c064e03c-e383-45a0-a9b5-0bb3dfc00504,"2024-08-26 17:15:12"
7a142123-13cd-43f1-bef8-e5fe1d381962,511491636823176,EDUARDO_HIATT,Mastercard,2025-10-01,664,ab87e1fc-dd23-49d6-b4dd-408251a47fd3,"2024-08-26 17:15:12"
7acf63a8-2a4b-4a2e-80e6-24e3331acf57,514762991382968,DEBORAH_WALKER,Mastercard,2025-06-01,706,3fd90416-0a34-4227-8c35-2c4d2e44c42a,"2024-08-26 17:15:11"
7b1c605d-7817-414a-9b9e-503b3b0ceefa,60114505887086775,LYNN_PAYNE,Discover,2026-03-01,409,fb56747a-dea6-4683-a6d3-1078f1807520,"2024-08-26 17:15:12"
7b42476e-e81f-4e9c-ab4f-27a1bf21b1f7,45781975137618,MARJORIE_TUCKER,Visa,2028-12-01,716,d85fa225-0199-47e5-bc10-6adba76b9cbc,"2024-08-26 17:15:12"
7b452c59-8e9a-41d6-bd71-2fb7b006d64a,518136226247624,KEN_PREWITT,Mastercard,2028-03-01,479,156e101a-4218-401f-9976-92cd43cb1985,"2024-08-26 17:15:11"
7c29c3e8-6745-4870-b650-32f0846672e3,515314003766561,WAYNE_TRUONG,Mastercard,2024-03-01,598,1d0ae25a-6851-463e-90d7-fd00cc5325a2,"2024-08-26 17:15:11"
7c84bf51-50dc-4fbe-86ea-f0f67755fc48,60112153846825212,MICHAEL_SILVERMAN,Discover,2025-07-01,677,d4c461a1-0b79-4fbe-86b3-212981cb8869,"2024-08-26 17:15:12"
7cf330e2-43fc-4963-bbb4-407af313c650,515939383863025,PHYLLIS_FOSTER,Mastercard,2030-01-01,868,e3a91ac6-cb56-4f31-a140-d2f7ecd5705c,"2024-08-26 17:15:12"
7da39b23-6853-4500-8600-21d42d54fbcc,514304110666755,AARON_SELBY,Mastercard,2025-05-01,232,edecfcd1-3c30-493b-a296-1b3d1ba0b538,"2024-08-26 17:15:12"
7e114d5e-cc7e-4496-b5e8-93e1c21ce374,343105025314000,ERIKA_PENA,"American Express",2024-01-01,373,9a3fef71-384a-4cd2-8010-c894c0619123,"2024-08-26 17:15:12"
7e42c18b-fbe1-41b2-9a14-c4c894e8cada,513586417740629,GABRIEL_HARDER,Mastercard,2030-08-01,269,f1435a71-7cea-4937-b7d7-9ab9fe1288cd,"2024-08-26 17:15:12"
7ec0459a-238b-4130-8019-4b292547721d,42375017175736,PATRICK_NEWSOM,Visa,2025-07-01,866,e7ec153c-7642-4f1b-a25c-8c22ce37c0d9,"2024-08-26 17:15:12"
7ef2ec93-92f4-4e3b-97fb-c29e0d78def2,513616866921289,BRYAN_HARDISON,Mastercard,2026-04-01,507,2bf0ea5c-bb76-400e-8873-ec158791f62e,"2024-08-26 17:15:11"
807eed49-0f18-401c-b4c1-cb52f569f40a,41841217572023,FELICIA_SUTTON,Visa,2027-07-01,670,c4d1906c-1a78-4fc6-82a1-4a0d12afcd8d,"2024-08-26 17:15:12"
80b0ab25-3c37-4bfc-83b8-be3f5d831d2e,60111581139125927,LEONA_OBRIEN,Discover,2025-05-01,991,74265cf9-ec4f-42f3-a170-2809eba832c5,"2024-08-26 17:15:12"
80c859e7-d6f6-467e-b256-6f37ae8a4258,43253070579104,DEBBIE_REYES,Visa,2029-05-01,301,08451e40-31b5-48bb-978d-83315e9acc9c,"2024-08-26 17:15:11"
81f234fc-49f8-4972-a5fc-6ff75a848ae9,346323744855538,LISA_ANDERSON,"American Express",2030-12-01,698,068098a6-8381-43bd-b561-9500ac62be3b,"2024-08-26 17:15:11"
8218a876-a27c-4184-8eec-b950f487c189,60117027949765995,LOUISE_JENKINS,Discover,2024-09-01,106,e2386719-6b15-4760-80ea-e321212df222,"2024-08-26 17:15:12"
82e3fa13-2067-4c0a-8d3d-31cde90e3e79,343323866887636,SYLVIA_ORTIZ,"American Express",2026-06-01,412,d2b8eb0b-d1a6-4e37-98bd-8e1a6b16215d,"2024-08-26 17:15:12"
8400b9ba-7326-461c-8a56-eda1abfc7ec5,40678814226766,JESUS_MCCARTNEY,Visa,2029-09-01,807,d58b7648-3aed-411a-a425-a808d886729f,"2024-08-26 17:15:12"
8535d9c1-b04d-479b-9466-ed7dcdd51a7c,519210350878495,SANDRA_MARTIN,Mastercard,2030-02-01,926,a78a133d-614f-4443-8dac-080d76b98522,"2024-08-26 17:15:12"
856eca8b-2de2-4286-8a19-7dc0e6404214,510561935039286,CARRIE_PORTER,Mastercard,2026-10-01,609,fcb4d284-30e3-414a-9257-c44d4a982744,"2024-08-26 17:15:12"
8573ff55-d408-4aab-8bc5-887a11221e6f,514987403294473,TRACY_COLE,Mastercard,2025-02-01,432,0fe07c43-8c33-4052-bc27-283c9342c160,"2024-08-26 17:15:11"
85fbe74f-c6e8-4b11-b7ac-bde6152b296c,60116406209209169,SAMANTHA_DUNCAN,Discover,2029-08-01,571,3abe953b-63f1-4657-83c3-86472e4a9efb,"2024-08-26 17:15:11"
8665e27b-a4f8-4a4f-b762-4dc373db9519,349949664681907,JOHNNIE_CHISHOLM,"American Express",2029-03-01,585,350b11de-0939-4408-b0c1-214713c91129,"2024-08-26 17:15:11"
8676306d-10b3-422b-a45a-f6f317c6f71b,60118371548748863,MATTHEW_MAHAN,Discover,2029-01-01,409,68a8afd8-9c0e-4d91-9d12-75eac53a9f8b,"2024-08-26 17:15:12"
86c5c264-b091-4504-a08e-f54bbe060678,516606054932343,ELSIE_KELLEY,Mastercard,2026-09-01,158,3beb7944-8fdb-4241-b843-a7e51cb0a43e,"2024-08-26 17:15:11"
870d20b8-1337-4af0-9b43-ca938e3efed7,512802856659482,GAIL_KNIGHT,Mastercard,2027-05-01,140,7bd3b07b-dd1e-47de-aa08-9c70983b23ed,"2024-08-26 17:15:12"
880f0518-af11-4fb5-88df-12dc6edf6e6a,511271325442530,RONNIE_RICKETTS,Mastercard,2025-12-01,660,4e149462-8964-44fa-be3d-7dcd47f6fdc4,"2024-08-26 17:15:11"
884f10b4-d65e-49a5-91d4-181cb4d63481,346505772325060,BRETT_CORNWELL,"American Express",2028-07-01,303,cc854415-a35b-4f82-b735-4e86e618266e,"2024-08-26 17:15:12"
885b4749-441a-46c3-8595-05f07c71c424,60111123411495832,JESSICA_HALL,Discover,2024-07-01,380,c26b1c2b-8f2e-4b58-9c0f-465169f6b6ea,"2024-08-26 17:15:12"
8866cb01-d1e9-4e49-a938-4d49311a5549,60112894563953180,ANDREW_PURDY,Discover,2030-04-01,983,1131ca2a-e352-41f3-ad5b-3054eab0a208,"2024-08-26 17:15:11"
893b0cf2-1c45-42df-84f9-748d76f99d58,60114462697341387,JESSIE_MILAM,Discover,2029-02-01,734,6122ea18-16d2-4e56-b97c-676d720d1fd3,"2024-08-26 17:15:12"
8a627832-9bb4-487e-947a-5b7fdf9fea94,513166379441688,MELVIN_ELLINGTON,Mastercard,2024-11-01,917,eb30b890-4a0d-4880-80a3-c1d583ff43fd,"2024-08-26 17:15:12"
8b11727f-fa31-4c66-89c7-7ae744411290,60115153218680150,NORA_HERRERA,Discover,2027-01-01,167,710db3ec-73f7-4c5d-8aa9-cae6a647ae10,"2024-08-26 17:15:12"
8b6463dc-c015-47d5-86a1-0814a27db963,515093188743955,ALBERT_CROUSE,Mastercard,2028-06-01,753,9dc1c9b9-f989-4879-b1be-04ab843758ea,"2024-08-26 17:15:12"
8b688ee5-5fc8-4593-9a41-01d2e90abf62,60110882107780251,JAMES_GANNON,Discover,2030-07-01,336,14902c36-3dfd-43dd-b95c-141cf1459165,"2024-08-26 17:15:11"
8c309d9e-b568-42c8-8c0b-76a61e659008,510072988639709,ROSEMARY_SCHMIDT,Mastercard,2027-01-01,325,4208128d-8c7b-417e-a22d-dd46d800b310,"2024-08-26 17:15:11"
8c90195a-f3c8-4c57-bc96-57db88b2d72c,60113633786844448,NORMAN_CURRIER,Discover,2028-04-01,537,9787783d-2c59-47ec-8e38-bb71a31aa849,"2024-08-26 17:15:12"
8c924c64-caf0-4a75-9801-92760f98be3b,60115914011982410,DAN_PAINE,Discover,2030-12-01,303,ce1e5653-da70-40f0-b232-cd4dab3bce23,"2024-08-26 17:15:12"
8ca216b4-fd4f-4191-80ab-f4d9ffa7a55a,345669138726542,CALVIN_MARTEL,"American Express",2027-08-01,561,28ec89bd-67fc-4390-af67-6f41c25cd22c,"2024-08-26 17:15:11"
8ca296d8-9de4-475c-9082-8b79afe450e1,41932516977484,DELORES_HANSEN,Visa,2025-08-01,681,0f19ae4d-a3d2-4757-80ea-ac5cc3d1f589,"2024-08-26 17:15:11"
8cc5e258-eda0-4ebe-a741-41994bcb50fb,60115991540534350,ELLEN_SIMPSON,Discover,2029-03-01,712,e84a1fff-cb75-482c-8457-63d5e733bbdb,"2024-08-26 17:15:12"
8d66f2f2-b87f-4d9f-8c36-0bfbcff54e9d,344171995860167,KIM_CRUZ,"American Express",2027-11-01,961,4e89d202-ffb0-41c0-82fb-511ecc08ada7,"2024-08-26 17:15:11"
8d7f4435-fbee-46d3-a911-9e3606f3b074,60118838821830999,RON_DELUCA,Discover,2027-08-01,221,0caf709d-8bde-4f83-8e55-deca46a6ea6c,"2024-08-26 17:15:11"
8de08a0f-fcf1-4efb-84d9-89f207ab8d92,46514567923924,MARGARET_MOORE,Visa,2028-06-01,569,cacb9502-2f2b-4f76-b997-ac7afd6c0003,"2024-08-26 17:15:12"
8dfde1c5-a0b1-44d7-919e-8eadbf78172e,347075707423477,JOSEPHINE_GOMEZ,"American Express",2025-04-01,100,d08a4adc-432d-438c-825d-f9f2dd833753,"2024-08-26 17:15:12"
8ec08ad4-bf12-4c14-a1cc-ace324623f26,343263809935341,GWENDOLYN_MAY,"American Express",2028-10-01,733,18dab7e0-62a4-405d-818b-762a9d0c9515,"2024-08-26 17:15:11"
8ec09750-2f77-48d0-bc43-ebddab26cd26,46279928935857,STACEY_MONTGOMERY,Visa,2028-02-01,819,77fba93c-b38a-4bd3-9d77-6feb7258d32e,"2024-08-26 17:15:12"
8ee111dc-c6c1-44d0-9908-377c60b0938c,60118174431783081,ANNE_POWELL,Discover,2029-04-01,201,b1011447-c00f-445c-a83d-fc9b2c745fab,"2024-08-26 17:15:12"
8f53fa1d-563a-4fdb-bac8-53c590cf6091,519448173451441,HEATHER_MORRIS,Mastercard,2027-08-01,838,7d7c248e-e305-4030-aeed-a0a0ce97c223,"2024-08-26 17:15:12"
8f560f9f-3653-4c7b-a27b-7d0bdedb5a9a,516993160250044,ALFREDO_MCADAMS,Mastercard,2024-09-01,994,268679cb-5a0f-41d7-bd5d-19242174e6b4,"2024-08-26 17:15:11"
8fe5d450-4a9c-4600-9aca-b310d93ad7c2,513193444869312,HERBERT_KRUGER,Mastercard,2030-01-01,828,44cda904-2275-4cca-a923-827174614ef3,"2024-08-26 17:15:11"
8fed5968-dd73-4e79-97fd-370452a8aa29,513492898078416,ELAINE_STEVENS,Mastercard,2030-09-01,269,c0d6ea87-2aa1-4334-b8c7-7575d4abae51,"2024-08-26 17:15:12"
9021f870-4eb1-434b-be50-af1ada30ae9f,60110310649738686,RENEE_LANE,Discover,2028-04-01,614,256a9fc7-3416-433f-831b-8b80fb7552e9,"2024-08-26 17:15:11"
902fc8ba-e674-43c7-8894-c9095ef420c9,43534340192870,CODY_NOLEN,Visa,2027-08-01,562,a38031ad-9923-4e85-a7f0-1fe89e2e8a71,"2024-08-26 17:15:12"
9057faf9-d040-4cf6-90b0-fbd67c9c91f5,516883056575468,CAROL_GARCIA,Mastercard,2030-02-01,447,e4a423e1-d3a4-48ca-bb3c-2d1fef6f2879,"2024-08-26 17:15:12"
90ac167b-482a-4e4a-b479-cd867babf9c3,60114771814423856,DENNIS_GILMAN,Discover,2026-07-01,212,bc523008-1f04-48e4-993e-ecc41cc2302f,"2024-08-26 17:15:12"
90ce5090-cd6a-4fc5-9669-c6da3b9797be,511289982956836,YOLANDA_WEAVER,Mastercard,2025-06-01,358,ebfaa094-70ac-46fd-8f14-980a4a8152c2,"2024-08-26 17:15:12"
90d629a4-a60c-494a-8bea-6c664b989301,510735268266987,ALLEN_BUTTERFIELD,Mastercard,2026-01-01,507,5fd41cd5-77d9-4f42-8f30-202b19f9a82a,"2024-08-26 17:15:11"
90e0abad-62d7-4eb4-b74c-dd8caaf1c575,344130362073670,JESSIE_BANKS,"American Express",2026-03-01,614,a9c7014a-8047-4526-822a-e8779301fc31,"2024-08-26 17:15:12"
91acad84-affd-4dc7-9e63-912edcaf668d,518257629891288,CHARLOTTE_HUNTER,Mastercard,2025-09-01,918,15f04aa9-3501-4be2-961c-57c0323b1596,"2024-08-26 17:15:11"
91c38556-49f5-4eac-a47f-6307f6cf7b86,341327802981389,COREY_HAUSER,"American Express",2030-10-01,125,74607848-490c-4fa6-bc87-aee00bfd1193,"2024-08-26 17:15:12"
948608be-42de-491f-81c0-8c3bef9f09a5,60113734082758026,MARIA_MILLER,Discover,2028-08-01,345,716e6fc9-b57a-466b-9b61-ea2a3f8e8a02,"2024-08-26 17:15:12"
94ae0889-b572-4785-95f7-d50f59624f3c,513757817876633,DARRELL_POWER,Mastercard,2025-11-01,514,74af071a-6254-4445-9abe-41a096898619,"2024-08-26 17:15:12"
94c89793-1620-4a8c-9050-03b5537d7c19,45197074443684,ROBERTA_HARPER,Visa,2024-11-01,775,023923a3-0d07-4028-a200-a6ee253f09f3,"2024-08-26 17:15:11"
9534f4b3-cc9f-4707-a958-f66281eed056,60117321812248892,JOE_GILLILAND,Discover,2026-01-01,534,e7f997b8-a2d5-4544-ba21-44cb8f6d81a3,"2024-08-26 17:15:12"
968bfbda-cebd-4f78-b396-5f6fb874559c,514990669658375,CHARLENE_ALVAREZ,Mastercard,2028-11-01,413,265a544c-4b0a-4923-97f7-d5797e889a4a,"2024-08-26 17:15:11"
96b1601d-c845-405a-8c51-d6197fa31eee,513323546358745,SALVADOR_TEEL,Mastercard,2027-12-01,142,b9121181-b3a7-4046-b9f5-69c82a8ae4e3,"2024-08-26 17:15:12"
96c6be04-a8fa-41a4-8307-6dbbc48878c3,518609500209363,ISAAC_OGLESBY,Mastercard,2024-08-01,417,5fcef590-fcfc-4715-b488-ff69d2e0c9ed,"2024-08-26 17:15:11"
96e6966b-761b-4b69-b271-1ba9b9fda045,512955689803005,JON_WILES,Mastercard,2026-03-01,124,67c21262-2eb1-4803-9017-cf4145f770a1,"2024-08-26 17:15:12"
96e8f18d-c260-4853-bee7-8a026546e959,60116905456235555,BRENT_HARKINS,Discover,2030-05-01,543,80d7f461-be6a-4c93-b348-427a4d8c4d31,"2024-08-26 17:15:12"
97358f80-6853-4d2c-92c1-60e906f516bc,60111038378290251,MAE_FLETCHER,Discover,2028-04-01,445,84414243-a3aa-4ef3-8380-f3a49e584fb7,"2024-08-26 17:15:12"
97551dce-e54e-4b9d-a13a-bd065201187f,516870036350332,PRISCILLA_LOWE,Mastercard,2029-11-01,334,d10f63ea-8460-4371-8641-6088aab3e847,"2024-08-26 17:15:12"
978dbda6-8a34-4c9e-aaff-012bd4c82c0a,60115880484937227,BRUCE_SCHWARZ,Discover,2027-08-01,796,aeee79a9-8cc0-413f-be37-132ea2f266f4,"2024-08-26 17:15:12"
97a7d438-7172-4b37-bc01-5004d7c0c992,514033841112460,CINDY_FISHER,Mastercard,2028-11-01,288,e2045d42-7cd5-4580-a6af-1e3f021083fd,"2024-08-26 17:15:12"
98636bba-f2b8-4903-85e2-52fca1f5b065,60118636870088703,MAX_PITT,Discover,2025-06-01,779,604d2c24-4447-4dad-923c-79fad3de3815,"2024-08-26 17:15:12"
986e16a4-5afb-43ab-b539-cd5e23995fd0,40069870236461,ERIN_DUNN,Visa,2029-07-01,433,ad0d5161-7bbc-4cda-9dbc-e025be41b318,"2024-08-26 17:15:12"
98ba2df6-e276-485f-b095-cd71f3089804,60119166949001004,MARSHA_DOUGLAS,Discover,2030-07-01,831,b225503f-e0f1-4dde-b192-6709af0c9751,"2024-08-26 17:15:12"
98d94ec1-1e87-4f14-8fcc-3ffecf20024f,515500766532288,JACOB_LANCE,Mastercard,2030-05-01,790,c9c788b6-b92c-4000-bb67-595179bab12c,"2024-08-26 17:15:12"
992890b4-c438-4bf5-818d-b1e4e520884e,60118045417887553,RAUL_FORTIER,Discover,2025-11-01,802,66e9b04a-b381-4077-b3dd-17fb4befee50,"2024-08-26 17:15:12"
99a57b1e-e197-464a-b314-fe925594bc90,517319890878270,JOY_GEORGE,Mastercard,2030-07-01,414,33df9d11-7934-484f-922e-4648b96dec5f,"2024-08-26 17:15:11"
9a96e247-f3bf-44ba-a84b-c7a2f128a088,343346153457350,EDNA_WEST,"American Express",2030-09-01,284,a863b859-7e0c-4075-a322-d7022aac163e,"2024-08-26 17:15:12"
9ab0a4d3-63f1-41c4-ac83-6a1f4ae01c9c,48188240552489,STEPHANIE_MITCHELL,Visa,2025-08-01,135,7cdb4bd4-406b-4b75-9254-e3f7ccdbdd81,"2024-08-26 17:15:12"
9b8e0a01-f785-4bd6-b1d4-f3d0cd011071,60119415705454927,TIFFANY_JORDAN,Discover,2027-12-01,990,cfa4e7d6-1c8d-444b-9a99-e1e816aeb70d,"2024-08-26 17:15:12"
9bc9e323-4b4c-4a15-8534-245b4bd56b2f,40469166103889,ASHLEY_RICHARDSON,Visa,2028-01-01,958,d47b8b81-0b61-4980-8b5f-7ce927ddab9e,"2024-08-26 17:15:12"
9bd0794f-7f2b-48a9-869d-b8461645e7c4,340407972418982,DOUGLAS_GRAF,"American Express",2027-11-01,829,29d75af4-663a-41ae-b324-d8da51191efa,"2024-08-26 17:15:11"
9bd15371-4a9f-42e3-bc13-bbf284f67d20,49526827961913,EILEEN_CARR,Visa,2026-05-01,798,06e834d5-a4b6-4e63-a078-b648bb28371f,"2024-08-26 17:15:11"
9bfe36a6-e3cc-41ec-a7a5-6ec93ca44e7a,60116054989609719,SHIRLEY_ALLEN,Discover,2025-01-01,764,2f4b4f69-ea65-4839-83fa-993fd7f5af74,"2024-08-26 17:15:11"
9c84d656-de33-41ba-ab4c-d0fdd4b65714,45449025571520,DORA_MEDINA,Visa,2027-02-01,933,3a96cd40-14cd-4d8f-80dc-953745de88ed,"2024-08-26 17:15:11"
9cd3f6f3-0ed3-41d9-a91c-5291dbb77fc1,349792957759373,ALBERTO_HENNING,"American Express",2026-09-01,124,d0069b02-5be6-44fd-84ee-a6c0af609e5c,"2024-08-26 17:15:12"
9d7d0115-9bd6-47d5-bf1d-fba375b80cdb,513931455927145,SIDNEY_BURLESON,Mastercard,2028-06-01,844,4670c349-31ae-40fb-954a-377da7940c9a,"2024-08-26 17:15:11"
9d8155d0-8213-491e-85e8-650bc7111b99,48207006724212,SHELLY_WATTS,Visa,2026-05-01,249,b0f38601-0a28-4546-b056-fc2c96952c05,"2024-08-26 17:15:12"
9dc6ae31-6a13-45ac-b166-80eb1c7015d8,517638526795669,JEFF_EAST,Mastercard,2024-05-01,491,0a46efdf-2e66-403b-8380-4d89dd8fc5b9,"2024-08-26 17:15:11"
9e66d3fd-151d-4bef-8602-ab9fd23589e2,511997925672258,TRACY_HERRMANN,Mastercard,2029-12-01,711,e6fa847c-e9c7-4805-800e-e899becc0d7a,"2024-08-26 17:15:12"
9e8c1660-d91a-4707-a579-ff58db20b751,60110822593041958,KRISTEN_CHAVEZ,Discover,2024-09-01,829,a853f4ee-a42b-44ea-a1ed-623de516eb5c,"2024-08-26 17:15:12"
9eabef0c-79aa-474f-8193-a643b9167bc8,60117378905255052,WILLARD_LUMPKIN,Discover,2030-04-01,242,05aac8fc-56b0-4f70-b457-c3bbbddcd0f8,"2024-08-26 17:15:11"
9fc549bb-1426-4485-94c5-8a428994c37a,344523090511155,AMANDA_CARTER,"American Express",2028-06-01,889,233e4522-74b4-4453-abe5-eeffba46bb83,"2024-08-26 17:15:11"
9fd7cd70-5274-43d5-9764-7807374716d7,511015116764765,TINA_SIMMONS,Mastercard,2030-05-01,747,24ddd0e9-5170-4676-9eb7-64bdedc8ca17,"2024-08-26 17:15:11"
a01b3f2a-5991-40c5-9cc7-11df71451ed5,48587402386638,MABEL_HOLLAND,Visa,2024-05-01,163,59f7a1d6-777b-4fe6-8003-cad7fd57dbb8,"2024-08-26 17:15:11"
a0be6d58-c958-46ae-85ee-6816be7711f0,60112671591588406,DORIS_REED,Discover,2026-03-01,288,52a5de1d-8ddb-4549-92de-50836ed02cff,"2024-08-26 17:15:11"
a0fe02ea-451d-4e79-8afb-6ebeaf586276,349580448158223,TONY_CARRANZA,"American Express",2030-08-01,721,3b72f50c-cc21-4a87-bedb-ad36ffead6e3,"2024-08-26 17:15:11"
a1612e5d-4c68-4c12-bb3c-7616d4d48b88,340268782094796,JEROME_KENYON,"American Express",2029-02-01,965,e8db37f0-535a-4cdb-bcbc-82c45ce7f1c2,"2024-08-26 17:15:12"
a182ac98-d7dd-4433-8989-7f3b9caa68f7,60118442121314775,FRANCISCO_SKIDMORE,Discover,2027-12-01,640,b40435db-89ae-482b-8fea-903c00d48644,"2024-08-26 17:15:12"
a1a1a371-56aa-439e-bd8d-686bb5570ac5,43252815752868,BRENDA_WRIGHT,Visa,2030-01-01,131,fa1b63ba-c6bf-45c0-817a-9a1bfedf751e,"2024-08-26 17:15:12"
a23d492b-f0e3-4b1c-ac5c-c941187bc65c,49575744908912,LEAH_CURTIS,Visa,2029-06-01,431,2c44babe-0a88-4c21-a11c-8fa6e5e0a76a,"2024-08-26 17:15:11"
a3a66e07-7661-4dc6-a9d6-ced211805268,342712640265517,VICTOR_BARKLEY,"American Express",2028-04-01,922,9926caef-8a71-48dc-abcc-63aff2837c2c,"2024-08-26 17:15:12"
a50c682e-9e62-4393-9662-5b954eb63b59,60116307730820145,RAMON_CHOATE,Discover,2026-05-01,568,082af7e3-160b-4834-8510-0fcb8afa0291,"2024-08-26 17:15:11"
a5443d87-d25a-4310-acf4-95e8e8de5c14,342351648779730,FREDERICK_ISBELL,"American Express",2029-05-01,966,efcc9908-bc4c-48fc-9a1e-f0181d5098c6,"2024-08-26 17:15:12"
a5c580f7-a4ba-42a7-a7c9-7e3491176b73,514808725193319,JOSEPH_JOY,Mastercard,2026-06-01,391,f93b0bd8-93bd-4bf1-ac75-89d1812434ec,"2024-08-26 17:15:12"
a5d3e559-889d-4338-aff8-059f3061f1d9,349154987344550,ALLISON_STANLEY,"American Express",2030-03-01,900,ee600da3-2d75-478f-bb4b-4e0aafbb4a3d,"2024-08-26 17:15:12"
a5d6063b-7087-43d3-af3a-f8fb542ac361,513440807880215,JASON_MORRISSEY,Mastercard,2027-07-01,419,928a3586-088e-41dc-869d-5520b857b99a,"2024-08-26 17:15:12"
a68ee6d1-419c-4041-8f9e-9473cdfdc2c9,44454401785464,SEAN_DOUGLASS,Visa,2025-02-01,176,10aa27d7-46ae-494a-91c7-bb23fa5bfc69,"2024-08-26 17:15:11"
a6c60ff4-9a64-4268-84e5-aeb546b2adaa,344300135234127,REBECCA_SCOTT,"American Express",2030-11-01,579,9c066bd5-727a-40d0-bc1a-e4bf91a92bd2,"2024-08-26 17:15:12"
a7249646-cf1b-48d1-84e0-8233e1be2153,40099206198050,BEVERLY_BROOKS,Visa,2029-07-01,985,d4d82300-1f4e-4c35-ad66-4a0ffa02140d,"2024-08-26 17:15:12"
a765c50a-68df-44d0-bc58-52a06c30d5bb,516639081010460,JEAN_BELL,Mastercard,2025-03-01,404,ee37fbba-b16d-4308-93c6-46a29685f61e,"2024-08-26 17:15:12"
a84d0b53-a28b-4bf9-a965-d20fd999c92f,45779308332781,DWAYNE_OLVERA,Visa,2026-05-01,951,133af07e-3003-47a2-a1f1-584480a14020,"2024-08-26 17:15:11"
a8748705-685f-4c4f-8524-1034c27a50a9,345024109761614,LEWIS_LYMAN,"American Express",2026-08-01,549,0df956a8-d2b7-47f8-b553-806582b64572,"2024-08-26 17:15:11"
a8972774-8556-40cd-948f-03c00e1d083f,60110406601567070,ANITA_MORALES,Discover,2024-09-01,452,370f1fa4-19ac-450e-aa53-02e056565207,"2024-08-26 17:15:11"
aa873dfa-b26c-4363-b15b-f8d0597e9357,60115936530793011,TONYA_CHAPMAN,Discover,2027-10-01,625,936a5e35-272c-45b4-b67d-18deba5da8a0,"2024-08-26 17:15:12"
aad8c14f-fa90-4100-8ff6-c8973c8bd5b0,347023715780793,ERNEST_STEPP,"American Express",2030-03-01,813,8604398c-7372-40f4-aa65-9a1a758f003e,"2024-08-26 17:15:12"
ab407951-02dc-4ab0-a7ea-d29a84f22959,60113208460990203,NATHANIEL_ADAM,Discover,2024-09-01,839,d50726f1-a37c-4d64-9776-ca20b6c1c072,"2024-08-26 17:15:12"
ab633336-d741-4cda-85f7-bbd39c029f5c,346195975268628,JOANNE_ROBERTSON,"American Express",2025-01-01,462,65949e7c-ac54-4bc1-891a-831aed1757c4,"2024-08-26 17:15:12"
ab8b54b1-e259-4e32-9d30-1cb0d2cf885b,344424739081922,TYLER_WREN,"American Express",2025-07-01,695,7f930ac6-0f76-4823-88c6-0b1df3f43816,"2024-08-26 17:15:12"
abf32c80-6eed-4a54-ab08-74a543b3108c,519219713474262,WILLIE_MARKHAM,Mastercard,2028-04-01,689,94530c47-617d-41a0-8286-951246311ac2,"2024-08-26 17:15:12"
ad201c2d-cb22-45d4-8cdf-d96f19c03df0,60113973561455220,JOAN_COOPER,Discover,2025-11-01,562,dca15460-3957-4ecd-803b-df8b575b4490,"2024-08-26 17:15:12"
ada6efb1-bc4e-4bae-a4c6-fc34ebeb1ea3,42160652933479,LESLIE_GORDON,Visa,2026-02-01,272,399b49c6-bcb4-4129-88d7-8c9ba9d38769,"2024-08-26 17:15:11"
adf94d54-947f-42ad-bd6f-2afd29380bd0,44973144902002,LORETTA_CARPENTER,Visa,2024-07-01,563,e85b7c43-3be5-44a8-84c4-ffdf3f281f33,"2024-08-26 17:15:12"
aed6dca7-de3b-4116-80b5-dbfa28fb1b52,45414554727837,STELLA_MORENO,Visa,2029-07-01,780,964ee51b-bf6d-4f20-b7d9-acae35415973,"2024-08-26 17:15:12"
b007eecb-14f3-40fa-98d6-62650f5b860e,40995410805665,VIRGINIA_GREEN,Visa,2029-02-01,394,fb988eff-aff1-422f-aa12-a1f01ee886df,"2024-08-26 17:15:12"
b066f184-e50e-4d41-a921-d0225eebea6b,515700526024398,TERRY_GRISSOM,Mastercard,2030-08-01,248,33fce082-c6b8-4f9a-a586-92bd65b3ddf2,"2024-08-26 17:15:11"
b09348dd-8b08-448e-98ba-d75d1d71ed36,42627937121856,NICHOLAS_BARFIELD,Visa,2025-06-01,234,1eb81860-792f-495d-933c-5e4489202091,"2024-08-26 17:15:11"
b0cab2f8-428f-48e5-b203-e223ab713d0c,349436479822165,IRENE_PRICE,"American Express",2024-05-01,380,68498131-ecb7-48e5-8abb-57ae9d99837b,"2024-08-26 17:15:12"
b0d2e61a-d307-4431-8900-3e347a88fb9e,60110515910046798,ROSE_HOWARD,Discover,2027-03-01,396,c2bd109e-2f68-44a1-ac7c-03f428d03c30,"2024-08-26 17:15:12"
b14c31d5-91c0-4083-aaf9-913bd047693b,60117584513008630,JUNE_CARROLL,Discover,2027-03-01,824,e357e00c-e15e-4f51-8aae-e4d980b3d2a9,"2024-08-26 17:15:12"
b163f2c8-3bf0-4900-b0b9-1f503946d733,518571949381822,TAMARA_NGUYEN,Mastercard,2024-03-01,483,58bc5ff6-534e-415a-85df-5049ba630253,"2024-08-26 17:15:11"
b177f033-2d84-4a29-94fb-a956a69283da,44596898312127,ARNOLD_HAVENS,Visa,2024-02-01,153,80229194-8e3b-4314-9ce7-36ab0fbc232d,"2024-08-26 17:15:12"
b2d0ff1c-29b2-4cf0-bd2d-58611d06e895,60113560628575536,AMBER_DIXON,Discover,2029-09-01,456,a247991b-cb82-417a-8c37-0d28f68acd98,"2024-08-26 17:15:12"
b364ff00-ece4-4942-8596-2f4556e69b37,347670542996512,MITCHELL_WESTMORELAND,"American Express",2029-07-01,661,03001f7d-1e0e-4a7f-9485-5495b0fbbfa5,"2024-08-26 17:15:11"
b419f101-0e97-461f-8388-d837b35ab0ca,46737336537433,ALLAN_CORNISH,Visa,2028-07-01,109,a426d868-b0e8-4152-af47-32b09cb9720d,"2024-08-26 17:15:12"
b43b33e5-857a-42b0-ae0c-b5f20c45ea8a,514531636014289,IVAN_CROMWELL,Mastercard,2024-05-01,328,d5bc71cd-5ac8-450d-8147-fc1065a16980,"2024-08-26 17:15:12"
b45ddc1b-9968-4313-b344-ba89ee9d2c18,46141404944472,JUDY_GRAY,Visa,2030-02-01,746,90d854c7-0d9b-4edc-beb9-47029b932112,"2024-08-26 17:15:12"
b503c53f-149d-45fb-9327-078561e3c4ca,60119613638130264,JEREMY_HURTADO,Discover,2025-02-01,965,cbab6e60-1177-4f41-af7c-005740d1abd3,"2024-08-26 17:15:12"
b552aaab-3be2-4408-ae5a-30193de802d7,517820003885663,GEORGIA_JACOBS,Mastercard,2026-09-01,446,4973c0ef-b223-4a6d-bea6-0910068e59d7,"2024-08-26 17:15:11"
b595aa9c-4266-4151-a842-c900bd2ce677,49761885683709,PERRY_SWAFFORD,Visa,2027-03-01,802,cb23618d-0404-454e-b2f5-dcffb0597f02,"2024-08-26 17:15:12"
b6cad73f-7f14-40f3-9399-a91c7c905d6b,49659483598331,LEONARD_SCHOFIELD,Visa,2027-08-01,472,d5567412-fd21-4ab3-af1a-1315bf6183e4,"2024-08-26 17:15:12"
b6f66cb4-fcd4-4376-9d7d-bb11ec52af5c,43403631340317,PATRICIA_JOHNSON,Visa,2028-04-01,653,4ba27aef-aae2-4d38-aa25-7871f68e0ff1,"2024-08-26 17:15:11"
b7081a67-32fd-429c-b23b-1d38a907764a,512991440189870,ESTHER_CRAWFORD,Mastercard,2028-07-01,139,054c8340-3127-4318-a249-3c340849848b,"2024-08-26 17:15:11"
b7172d21-c25d-4979-a386-bf7e90840cc8,42103795376601,RUSSELL_BRINSON,Visa,2024-05-01,244,bde0c60f-5781-4bba-b3e9-66c41640d392,"2024-08-26 17:15:12"
b7b848a4-309a-407e-a256-989522092022,340082157240663,DOLORES_WAGNER,"American Express",2029-02-01,529,81855984-eaf3-402d-b531-0144a6de9b5e,"2024-08-26 17:15:12"
b80595a3-e8d9-4daa-95ca-c7243c8d4330,49840284484643,PEDRO_CHESTNUT,Visa,2029-06-01,348,36b48da0-81dd-47bc-b8e8-743b8b2cf7fd,"2024-08-26 17:15:11"
b81ea7ea-2a51-41bc-b75f-9a116b77a464,515908769470100,RACHEL_BARNES,Mastercard,2026-02-01,132,53c14135-6d18-4d08-8457-24e319315325,"2024-08-26 17:15:11"
b83e3e3d-fc58-495a-a535-0482bf7ac9f9,348835766746031,KATIE_ELLIOTT,"American Express",2029-06-01,266,02b6eea3-0739-409c-b231-1ffef6f1266e,"2024-08-26 17:15:11"
b89e1cc1-3748-406b-8110-2c34fde7e15d,342937317805682,GRACE_ELLIS,"American Express",2026-03-01,444,825fbad7-8b58-4c57-91fb-73a0d6f26338,"2024-08-26 17:15:12"
b910e406-5f9a-493a-a5b9-bbdd11813ce5,517671955652555,MARVIN_YEE,Mastercard,2026-10-01,494,9aa264fc-2482-4098-b029-e802fc4d3c49,"2024-08-26 17:15:12"
b97339c3-ab8b-4c44-a1de-181f786906d6,510407217497950,GERTRUDE_CASTILLO,Mastercard,2024-03-01,891,53017904-bcb9-4ba1-9e97-83f0c898817d,"2024-08-26 17:15:11"
bac48107-66e5-4795-a2fb-1cd31ecf27b0,49229071534839,SAMUEL_MARLOW,Visa,2030-09-01,131,7fde3779-fb3d-4977-84ab-607cdbe16473,"2024-08-26 17:15:12"
bba790d9-c609-4cdf-9b60-147f615beb9f,518999593304159,SHAWN_HEATON,Mastercard,2024-07-01,799,83ad3793-c811-4f20-b3ee-fd84400437f1,"2024-08-26 17:15:12"
bc29d12a-6199-42cb-b691-17f87f058d12,516186531312440,VERNON_CHAPA,Mastercard,2030-09-01,808,05786c23-f801-43e3-b763-166cc510fc6f,"2024-08-26 17:15:11"
bc749384-3a64-47d8-8d5f-1db5e929e559,44195821898194,DONALD_MAHON,Visa,2029-01-01,169,250ea824-5961-4a4a-a857-783b27c4997b,"2024-08-26 17:15:11"
bcb97a25-2c66-4225-ac42-6fd373e958b0,344133169260515,VALERIE_BLACK,"American Express",2026-01-01,699,74d73d05-3c10-47c3-a92d-a7e6fb53ef84,"2024-08-26 17:15:12"
bdb3d82e-0be6-42e0-8856-7ab58afc902e,346039987978041,ELMER_NOE,"American Express",2029-02-01,123,5ccb2ca2-2244-45a7-b44c-9a528c7a9456,"2024-08-26 17:15:11"
be01fa36-4731-4062-8d91-6869a301bf7f,60117361717484381,RAYMOND_MCWHORTER,Discover,2029-07-01,678,98644170-10c6-4546-bb4b-0cce7b664b52,"2024-08-26 17:15:12"
be449894-0a13-4906-b83d-e8edc61e36ad,41058164782437,TERRI_VASQUEZ,Visa,2030-05-01,527,43343423-58fd-405a-b139-2e903de4a211,"2024-08-26 17:15:11"
bfd5674b-76b1-4644-84cc-2dc4d4eac604,60118460185669639,ROBERTO_VU,Discover,2025-08-01,345,053a15d1-f34e-487d-8ef5-4b8cd8e7e518,"2024-08-26 17:15:11"
c0e8cb22-10c0-40a5-b83b-65ea3ee10bed,515394042313862,ANNIE_RUSSELL,Mastercard,2028-03-01,957,2b028a18-4ace-49d7-a93c-1216ed34e2c2,"2024-08-26 17:15:11"
c0f556ad-e530-4609-bd73-75c80677f4ee,342101547452139,BILL_GAVIN,"American Express",2027-03-01,742,ed194354-6d58-4b30-b95e-4c1d9d6153ba,"2024-08-26 17:15:12"
c1fb9160-37f9-4331-949b-69a7767cf0be,49723540696641,JAVIER_ELROD,Visa,2025-10-01,321,c6cffb1e-9468-442f-8fa4-7e1a1ec54ee7,"2024-08-26 17:15:12"
c21e737a-0188-4d7f-b499-a880d5f72fc4,346153570273228,SARA_PERRY,"American Express",2029-04-01,276,60dfd0a7-34c4-479c-a0fc-21014410b07a,"2024-08-26 17:15:12"
c25202d2-2b47-42b7-96d7-12eb667746ab,47875847822940,JAY_ROBB,Visa,2029-09-01,815,5697ada5-d362-4045-8b72-a0f1e7da911e,"2024-08-26 17:15:11"
c2556bc3-4c29-4906-8e48-f8b2679c940f,48489452948444,GEORGE_LINTON,Visa,2030-01-01,573,6f8e43d7-97b2-4ff8-aa58-daa68a76e586,"2024-08-26 17:15:12"
c25e1f58-7dcb-4254-a8e9-ddea34c2a58b,60111072134088426,MARCIA_DEAN,Discover,2029-12-01,892,16bb5686-d919-4cf3-a120-2c85b6d89be9,"2024-08-26 17:15:11"
c2622cb4-9568-443c-b0b4-a3fd63ac9b28,48782699376539,JONATHAN_SCARBOROUGH,Visa,2028-06-01,950,949e085f-e1fb-4333-9013-30073c61d08e,"2024-08-26 17:15:12"
c2f82785-1c97-4df8-ae61-86ac160c97de,41981273057203,CLAYTON_BARBEE,Visa,2028-09-01,977,5061cce9-8721-4dfe-9bbf-d44495774a98,"2024-08-26 17:15:11"
c3680dac-b82b-49de-a3b2-2a5b5205f553,518698170355565,KAREN_JACKSON,Mastercard,2026-12-01,830,15bd727a-fca3-446f-ac84-7edb6007c0b6,"2024-08-26 17:15:11"
c376cf6c-e554-44b9-82a3-883c892c2fa6,341235797477191,BRIAN_WYMAN,"American Express",2025-07-01,476,290d6079-d761-446b-aa2a-bb6b567bdd7b,"2024-08-26 17:15:11"
c389bc89-6409-4bd0-a9b5-9e1d4dd49a76,347827559706703,JOHN_FARNSWORTH,"American Express",2028-06-01,887,8d66c79e-3797-421e-b0de-d11b8885e305,"2024-08-26 17:15:12"
c5d5a37b-124d-4bd8-b408-22f983871ed5,42568773073415,THELMA_MURRAY,Visa,2026-03-01,952,92ae028f-9004-4a68-ac58-6131923416ca,"2024-08-26 17:15:12"
c5d96fd4-0128-45cb-bd9b-bcfa2509ecaf,347558174464894,CARL_ARTIS,"American Express",2029-02-01,366,b01433b6-a7ed-4920-b8e5-813aa25826f6,"2024-08-26 17:15:12"
c68e29c2-2d89-40d9-b2ac-a9dc897802e1,45365705242960,ERIK_GUILLEN,Visa,2024-06-01,793,f355611f-f230-4d77-9baf-aa8e50d84c29,"2024-08-26 17:15:12"
c692214d-f1c6-4eb0-bea5-4da12c39160a,348836344631842,MICHELLE_CLARK,"American Express",2028-05-01,371,871ecab3-1598-4758-b07d-25cec4100cb0,"2024-08-26 17:15:12"
c70d9d67-ae06-41d7-a7dc-eda3caffcbbc,42176709078894,IDA_ANDREWS,Visa,2029-11-01,669,62aac2f7-818a-42fa-8324-d11372648fc0,"2024-08-26 17:15:12"
c71671d5-5b2c-4563-969f-a613519339cb,513366730723457,ADRIAN_CLARY,Mastercard,2027-07-01,169,eb259891-eb4a-482d-8474-717b92f28dee,"2024-08-26 17:15:12"
c751a9eb-d119-4dc8-946c-00556bca1d19,43571208846206,CAROLE_BARNETT,Visa,2024-11-01,144,825459bf-6579-44bf-83b0-68ce873103bc,"2024-08-26 17:15:12"
c78565d9-2321-4842-a7dc-73f8a318c022,60118763431845238,ELLA_OLIVER,Discover,2024-05-01,651,8ef8718c-d967-4b42-9117-241dad3d39f4,"2024-08-26 17:15:12"
c80348be-caf0-4565-9fcb-a302c3b45575,43046847379794,LENA_JENSEN,Visa,2025-10-01,423,3fec934e-4c5a-446a-b44d-ddfa1be413cd,"2024-08-26 17:15:11"
c8e23bb8-8116-4e0e-af82-34b3d8d703a8,342609867015306,BRAD_MCCURDY,"American Express",2025-04-01,502,ff85b64e-8b73-4dbd-8481-cc4cde849251,"2024-08-26 17:15:12"
c9b52563-fc54-4c9d-a838-b1669de47d94,347509437778505,CECIL_VINES,"American Express",2030-04-01,369,c85f6e5f-e26c-49c0-9010-919770c83650,"2024-08-26 17:15:12"
ca347902-6a57-4461-96df-4ae6434449a9,511655470556589,ALAN_KAHN,Mastercard,2024-10-01,818,4891c359-f3ea-4685-8767-3808fed03b76,"2024-08-26 17:15:11"
ca6efb59-4219-4f60-afc6-2e3e79db73a4,349418763192256,TODD_TAN,"American Express",2026-04-01,597,1dc85157-8f34-4854-b22e-144ce1a8cefb,"2024-08-26 17:15:11"
cb07d7ad-bdd4-4482-809e-c7d25529264e,60113301353021315,DON_BONE,Discover,2026-05-01,471,d05be5f4-9ce3-4825-abec-bcc802b0e9dd,"2024-08-26 17:15:12"
cb9551e5-dedf-441a-bff8-43a6ca0eaf1e,346924304888991,GREGORY_MAULDIN,"American Express",2030-02-01,133,ba469c31-57b1-464e-b921-d126b32470d4,"2024-08-26 17:15:12"
cc0e5192-6b0a-4e73-b354-087283df3ece,41753560637828,TOM_MILNER,Visa,2024-09-01,976,c67136a2-aa55-4bda-ae62-ee3df0ea61e5,"2024-08-26 17:15:12"
cd3bbfd2-80e4-4662-865d-ad99db0dc4fa,519639953186289,LUIS_YANEZ,Mastercard,2026-07-01,605,098aabd0-3890-409a-ac60-af52cd40ea6e,"2024-08-26 17:15:11"
cd9a6537-6289-401a-855b-b78549f39826,60116766945053315,KARL_SEAL,Discover,2027-11-01,391,c452b55d-bd65-47b3-8a99-8f4e1c4fda44,"2024-08-26 17:15:12"
cda9c5a4-a880-4896-b734-9d36f95f3e7a,342386115115563,VICKIE_BREWER,"American Express",2026-02-01,449,f465cb73-1c68-4f00-b4c0-db6b93d486a6,"2024-08-26 17:15:12"
cea3dbaf-dda7-408d-b348-5a3e367da4db,60116724831756013,RUBEN_GEARY,Discover,2024-08-01,302,c98e5f19-f690-4b51-b302-3dfbea7fe97f,"2024-08-26 17:15:12"
cead6b07-ef21-4163-8c61-1f78b90dcedd,60115986303634091,SCOTT_SHELLEY,Discover,2030-04-01,337,da43f654-1a68-4665-9acd-dc5fcf6e6de1,"2024-08-26 17:15:12"
cecc7e85-fe9b-4c43-ba34-0dab20dcc80d,349763177349632,LORI_WOOD,"American Express",2026-10-01,562,73cf6e77-a780-499c-a478-e048518f05fd,"2024-08-26 17:15:12"
cf01526e-dced-45b7-8364-b1da2019b772,60110195537561624,RAY_HOULE,Discover,2025-11-01,621,f3a1b8ec-f79e-4d7b-9b5e-36dadca7f695,"2024-08-26 17:15:12"
cf16424e-2e1e-44e5-8a6d-e0239ad6ed32,344452614428258,DAVID_ROYAL,"American Express",2025-07-01,399,8dd5675d-b02d-452e-b8dc-a5abf6b790e7,"2024-08-26 17:15:12"
cfc8e036-ebdc-4b6c-8849-47d37753d578,344927928897754,SHERRY_MARSHALL,"American Express",2030-03-01,551,6e7b62e1-cb15-42ce-bc96-684fbed1cf0c,"2024-08-26 17:15:12"
d0053c78-8fdf-4849-a7d8-dc456b3e8b0a,340191555561933,MICHELE_GRANT,"American Express",2028-11-01,544,65f3f048-9d18-4cd6-8e97-5a0b9b4953b6,"2024-08-26 17:15:12"
d08bdb66-574a-41a7-9696-273ccfdabf7b,514276096495576,LANCE_PEMBERTON,Mastercard,2024-01-01,589,38b0e03c-efa5-4341-ad45-d59371b95091,"2024-08-26 17:15:11"
d0d2e31b-d38b-41a8-b71b-f3bf785914d3,41618701356712,ROBIN_HAYES,Visa,2028-06-01,426,2ffa9b0a-1e94-441b-92f7-3f4bcac1370c,"2024-08-26 17:15:11"
d0e91e3b-adbe-4a2c-b9af-30ad3a3860d1,60114068749808728,CRYSTAL_FORD,Discover,2026-01-01,937,2d764dc8-e07d-4669-b7a4-76c0ff6d5075,"2024-08-26 17:15:11"
d10dea4d-99f4-40eb-81cf-f066bb4c7a33,342914715559152,BARRY_LOVELACE,"American Express",2029-07-01,593,5b944391-775b-4e34-b036-a9cf144c4641,"2024-08-26 17:15:11"
d112f605-9008-4be2-bc51-13eced121d75,512358632796138,BENJAMIN_VARNEY,Mastercard,2024-07-01,889,abffae8a-2cfd-4612-8f01-6a4d7603f856,"2024-08-26 17:15:12"
d1f719de-4639-4270-bf33-66edad4368d0,40934871922353,JIM_REA,Visa,2029-09-01,309,63b7d9f9-d325-4151-99e1-b81752fd9f0a,"2024-08-26 17:15:12"
d209c69c-276d-4231-b857-f7403d422f9f,345038289311778,BEATRICE_ARNOLD,"American Express",2030-01-01,775,664295c0-c757-4570-a3de-e6c940424912,"2024-08-26 17:15:12"
d2f59f1b-9197-4f2d-89b2-6a3428571cc9,44734187972787,VERA_MCCOY,Visa,2026-02-01,444,d8cb6a3d-1524-45ee-858e-d618539413f9,"2024-08-26 17:15:12"
d3ac5011-019d-475d-a21c-ed8bc6466842,43335489081267,MATHEW_BOLIN,Visa,2028-06-01,259,efc8aca4-ca0c-4cc3-8442-68ac49a2fef5,"2024-08-26 17:15:12"
d3d8687e-615e-4408-886b-db6f518d69e8,41454587817340,CRAIG_MORRELL,Visa,2024-05-01,757,ce06f2b9-c22e-4498-aebd-7ca1ae793b00,"2024-08-26 17:15:12"
d3e39eca-83fb-438d-a990-780920931b92,514858574828005,PHILIP_CAUSEY,Mastercard,2029-04-01,974,bf52a135-b39b-44f9-b658-137ec746aebf,"2024-08-26 17:15:12"
d46984fa-aa0d-47a3-8643-a6712504eb69,60113720685073789,NATHAN_RUNYON,Discover,2029-01-01,379,daa735f8-7a64-4f9f-894a-08a8736e9154,"2024-08-26 17:15:12"
d62523cc-ee4a-46a7-ae52-e33aee28b2af,45765816483380,GLORIA_COOK,Visa,2030-10-01,359,d08f798d-60fc-4fb5-8817-97a362dba9d9,"2024-08-26 17:15:12"
d64486b6-5f9c-4864-b42b-1206f7f39f9f,44598441244567,MAXINE_SILVA,Visa,2030-09-01,368,5d85802f-48f5-4907-8a60-9ea71a2a743d,"2024-08-26 17:15:11"
d65f9e28-e2f9-433c-b445-6bfa60c36e08,60119067454199518,DUANE_TUBBS,Discover,2027-10-01,866,0ec11ab7-2e23-4145-827e-2e6e8524683d,"2024-08-26 17:15:11"
d6d00bac-6d36-4c15-aa71-c4426fadb372,60118802961547615,FRANK_WAGGONER,Discover,2030-04-01,123,7fc6934e-e3c5-47c8-a413-f304ce1a2295,"2024-08-26 17:15:12"
d6e2c866-e70b-4758-bd30-34a1e924d01c,46447489642316,JEANNE_LAWSON,Visa,2028-10-01,209,fdc2a278-9469-432c-9622-2d8c7c3e922e,"2024-08-26 17:15:12"
d6f9a7ab-3b32-4f6d-a2c0-fab7e3616da1,60117620085325936,ROSS_GREY,Discover,2027-01-01,659,c5eea31a-3127-455b-8dde-8c542cea3be2,"2024-08-26 17:15:12"
d99ba1e6-0445-44bf-b585-aa5321f67cad,341890809451069,TERRANCE_ROUSH,"American Express",2027-03-01,310,de39e040-2518-423b-85c5-4acddbe1bd71,"2024-08-26 17:15:12"
d99c85dc-146b-4976-bb50-919146476c9c,47014242950150,DARRYL_ASHCRAFT,Visa,2029-08-01,883,e437b7a3-57b0-4c7f-9ebc-7868a579ce72,"2024-08-26 17:15:12"
d9fbedf8-b119-4175-8963-882bfdda98f8,515714266778727,RAMONA_HALE,Mastercard,2024-05-01,166,0b6630e1-8c36-435d-a218-e16ccf79f25e,"2024-08-26 17:15:11"
da1beec0-1461-4b23-9226-e827a1894621,42786657552377,MICHEAL_FORMAN,Visa,2029-01-01,909,a295a503-d95d-4a69-ad64-4f6c8e96fb14,"2024-08-26 17:15:12"
dae541b3-9a78-4d32-a4b6-3eb8d9ea121b,46348641341962,DWIGHT_LOMBARDI,Visa,2029-05-01,866,179a0b72-8c84-44e7-8420-c6c633c16b3f,"2024-08-26 17:15:11"
db00468e-97fc-4349-b02e-0260b6432774,512529719006928,JACK_FOUST,Mastercard,2024-07-01,435,a35652c9-a237-4682-9510-f01fedba07f3,"2024-08-26 17:15:12"
db5ab7ce-5f46-466f-8748-6f8b4c299517,515290820483134,FERNANDO_CHURCHILL,Mastercard,2024-03-01,764,20eecba4-d9bb-4fd4-8a4d-0ba102cf15d0,"2024-08-26 17:15:11"
dbf59a81-3ed2-4895-acad-4787648f856b,513223775436596,LYDIA_BURKE,Mastercard,2030-06-01,981,21b05130-2ff3-4d6f-9e28-4f93fcddce4b,"2024-08-26 17:15:11"
dc945f8b-6ec3-4cb7-939c-c539338119c4,515568994229895,SALLY_PIERCE,Mastercard,2030-08-01,415,13a2ba9c-206c-4e8c-8d51-09324b41eb29,"2024-08-26 17:15:11"
dd76b900-418f-4d2c-83d0-8297017c30cb,340160147229134,JENNY_CASTRO,"American Express",2025-09-01,350,ef8710b2-5da4-4628-9c87-9220b29b41fc,"2024-08-26 17:15:12"
ddf83a51-a5c4-4f66-a6d3-5a4149026896,60112350060293982,MARION_OCAMPO,Discover,2029-08-01,914,e97f9806-7d1a-48d0-866e-e0ff26e126d9,"2024-08-26 17:15:12"
de62eed5-180e-42b9-91ba-953bbdf67fc8,40016807596772,ANDRE_RAPP,Visa,2028-11-01,919,b57dceb0-c408-4ff9-9a9a-46f02f613a71,"2024-08-26 17:15:12"
deb39743-cdec-466f-8aab-d7150a132b78,515477813485670,ELEANOR_HUNT,Mastercard,2024-03-01,358,6f7c0ed2-a9d1-4ca0-bf24-703aba462743,"2024-08-26 17:15:12"
ded0d3f4-8c8b-4334-866c-27435c754e81,40995685754283,VIOLET_RODRIQUEZ,Visa,2026-01-01,736,e4fb9ff2-4cfc-4abe-adf0-b37174b4b46d,"2024-08-26 17:15:12"
def994f4-c767-42bb-8ca2-6e74edd08898,515359294565504,ALMA_AUSTIN,Mastercard,2030-04-01,291,a1968e2a-8093-48d2-a96f-4b71c3fe8895,"2024-08-26 17:15:12"
e021a165-aa93-43d3-a51c-624ee30919d7,44115359929360,GLENN_PULLEN,Visa,2025-05-01,701,ab68f99b-97e0-444b-be3b-f25d1dbd5a90,"2024-08-26 17:15:12"
e027e760-5718-4a27-bad4-40c7e678b2c5,347920349405385,JOYCE_EDWARDS,"American Express",2027-09-01,944,37eb0f72-d84a-4819-9bbc-d94e5377b091,"2024-08-26 17:15:11"
e167ef25-33d3-4b0c-8b91-09138eeb301f,60116585509902910,KIMBERLY_LEE,Discover,2025-01-01,462,da6c2bea-9096-4cda-aa15-f2d9588b6611,"2024-08-26 17:15:12"
e1fa5085-bf0d-4c0f-a7a9-f003e85dd595,44345742693319,JUAN_FRALEY,Visa,2025-07-01,801,bce01655-d312-4eaf-af34-38b73e1987f3,"2024-08-26 17:15:12"
e27864e3-69cd-46e4-b0f8-ca4dd5946546,48926032466636,TROY_QUIGLEY,Visa,2025-03-01,260,e99444d3-81c6-4eff-a570-911bbab71fb5,"2024-08-26 17:15:12"
e2803d3f-218a-497d-bb40-1f0542d976ae,510335214724052,BOB_PFEIFFER,Mastercard,2027-01-01,964,4ce3f3eb-4d45-4a66-b085-0e3426a36c95,"2024-08-26 17:15:11"
e29a2773-b149-48de-905e-6ff07a101138,40697930548292,KEVIN_SCHULER,Visa,2028-08-01,703,02e80abf-f7d5-4974-9b42-6deb06f3ed0e,"2024-08-26 17:15:11"
e396fc17-e24b-4de9-9ed5-1eb76403dd7f,518137447098010,KEITH_RICO,Mastercard,2030-12-01,812,e55e339e-4829-4b84-8351-c81d6aefc01d,"2024-08-26 17:15:12"
e3eb7b2e-0743-4116-8b29-7929dffdd3bd,41876819811793,SETH_HANNON,Visa,2030-04-01,823,2c95611b-bbbb-4784-9194-1043ff67d1ed,"2024-08-26 17:15:11"
e43cee92-6b0c-4cdf-8772-bd09d31af46d,49029138358043,FRANCIS_SIKES,Visa,2030-04-01,107,bae0eb82-6fdb-472b-9a55-8b97bd32a4ab,"2024-08-26 17:15:12"
e4b9d269-0b8f-45a4-a23f-e5c9b601eb45,510703465661789,CAROLINE_BOWMAN,Mastercard,2025-11-01,257,3d5e377d-61fe-4c94-9146-6b6c98a53586,"2024-08-26 17:15:11"
e5dec5f4-acc0-4ed2-8323-504f6136d79d,60112944581488162,BRANDY_GRAVES,Discover,2027-02-01,539,de000c30-a618-4be3-88c9-d3527d8604c6,"2024-08-26 17:15:12"
e627f862-38b7-457e-89c2-c100b20fc259,348012108193240,GUY_BROWNLEE,"American Express",2027-04-01,984,c3746f7d-5bf2-416b-a92b-a566acc5f09a,"2024-08-26 17:15:12"
e724cfe7-ceaf-4319-ba87-9fabe8ddcfe0,60110479136310024,JORDAN_ARCHULETA,Discover,2027-12-01,664,da920dea-641f-40c0-8f71-122d442dd353,"2024-08-26 17:15:12"
e76f7dac-820a-4dd8-9a7d-39e5f02aaa61,513904049114212,HERMAN_DEVORE,Mastercard,2028-07-01,154,9f87eff0-70bc-4c7d-9618-646d9a8838d0,"2024-08-26 17:15:12"
e956dd9c-d2ce-4cb0-9579-50b97b833620,60115426572952246,MARIE_TURNER,Discover,2026-11-01,515,a3670f5d-5dee-4605-bd71-dd0b9aa06493,"2024-08-26 17:15:12"
e9bc9833-f8fb-49ea-854e-dbba2b485e37,348345354538972,ERICA_MATTHEWS,"American Express",2026-04-01,572,9c1d5b8e-2609-4d04-838d-7f0d40b6a6ab,"2024-08-26 17:15:12"
ea899c48-4e3c-403b-a7fc-7f62c48faa73,43689217585127,LAURA_RODRIGUEZ,Visa,2026-10-01,816,b0d25e8d-3897-4980-9eab-adb3b0562f4b,"2024-08-26 17:15:12"
ead9e506-94d2-41e8-906d-51e2e5b53d28,342831307521565,JO_FOWLER,"American Express",2025-05-01,213,dbef8623-c69f-4d38-9248-d9dca4d86a5b,"2024-08-26 17:15:12"
eadf8b7e-19a8-45bf-8374-45008ea69d1c,60113106708931006,WENDY_HARRISON,Discover,2027-04-01,501,d3c1a9db-dc4c-4580-b51d-e8e49d8f2c1a,"2024-08-26 17:15:12"
eb05783d-03e5-49ab-94c7-cfe61578add8,343278183490052,CARMEN_OWENS,"American Express",2029-09-01,324,c7b9db40-7404-47f9-96e0-bf4489a75578,"2024-08-26 17:15:12"
ec1e6a8a-42d3-4eab-80f0-2c48c7e8fd6c,518955819945093,NORMA_GONZALES,Mastercard,2024-12-01,524,f85bb028-3793-4525-a04e-6752947e085a,"2024-08-26 17:15:12"
ec2f08e7-15ac-40a9-9d08-1dac8f613a91,512068101850501,LUCY_WHEELER,Mastercard,2028-11-01,453,8877be49-aad9-4d90-b6dd-2aaf8d406c55,"2024-08-26 17:15:12"
ec5922e6-f931-4f4b-b468-f9b6818f3545,341699274964239,EVA_RAMOS,"American Express",2024-04-01,631,977acf54-a1f4-4cdf-ae21-f8121df75960,"2024-08-26 17:15:12"
eca52494-6b4f-4dba-a336-d2c53ce3b067,342727159554400,GLENDA_FRAZIER,"American Express",2027-06-01,506,f91a785d-f649-42c2-9295-23387a262f34,"2024-08-26 17:15:12"
ecf7f803-3361-4fd2-8778-84b8bd3dc094,43099246024197,BRITTANY_RILEY,Visa,2025-09-01,187,aa6bf6a7-6dbe-4e11-89a9-da5816869449,"2024-08-26 17:15:12"
ed29f0ae-5869-4925-9700-bb903bc898f9,60112112891066990,DEBRA_NELSON,Discover,2024-10-01,970,807890d3-b852-40f6-b09c-d3e8ae9f41b2,"2024-08-26 17:15:12"
eef66eca-20f6-466f-add7-5e813ec0379d,60113767667287318,NANCY_THOMAS,Discover,2028-08-01,838,83472036-653a-4221-91e3-1288f8fa4bfa,"2024-08-26 17:15:12"
ef7447d3-e274-48f2-8ec2-5b858ae573bc,49248526263214,CLIFTON_MALCOLM,Visa,2029-08-01,987,7f9d5025-0113-4db8-9079-3891f18311f4,"2024-08-26 17:15:12"
efbd284d-638b-4d54-8b04-3241bb3c422a,340390648330251,CLIFFORD_BOWENS,"American Express",2028-12-01,290,0c9077ee-b5a2-4ede-8bc6-6c89d9e06fd0,"2024-08-26 17:15:11"
f05e8149-ec35-4dbf-9d8e-9e7a81e1789c,344246026250866,GERALDINE_PERKINS,"American Express",2026-03-01,151,6270d0dc-caa3-4f5a-82ff-1b59f9cbff7d,"2024-08-26 17:15:12"
f1c407af-5c6c-427d-b7fb-3e1740c12e3e,49862367017258,MANUEL_MURRELL,Visa,2029-06-01,247,ded1e232-dbdc-41a2-896c-986aa22c82c0,"2024-08-26 17:15:12"
f272bf64-e5b7-4b42-a963-9adb24db1af9,60112382664513234,ALICE_STEWART,Discover,2029-05-01,725,bc48b1ec-119d-476c-949a-e1f5c6cceb7c,"2024-08-26 17:15:12"
f2cb7ade-55ce-46d8-95f3-074d89b32d60,44460047459024,NICOLE_PETERSON,Visa,2029-03-01,880,46ddb970-9ffa-4e45-8248-6aa2f3a6315d,"2024-08-26 17:15:11"
f3029295-a028-4523-a234-f930712103f0,513067847551836,LOIS_BUTLER,Mastercard,2025-02-01,162,369430a0-21b6-4b68-94f2-907e79aec6a5,"2024-08-26 17:15:11"
f3a09c39-a264-47d5-a8ec-a6ee08b75b48,514195791707476,DANA_HART,Mastercard,2028-06-01,777,f2a36d88-293e-4c91-ad31-55c61df6e789,"2024-08-26 17:15:12"
f48b2a73-2916-44c9-b297-f66ec8fc5209,512086741983582,WILLIAM_SATTERFIELD,Mastercard,2026-05-01,727,7befb886-a566-4b89-802e-659ae818185b,"2024-08-26 17:15:12"
f4f4be68-768d-4ed3-8f8e-86c0157fdec0,517157690334533,WILLIE_HOWELL,Mastercard,2026-03-01,489,25315981-a9bc-4802-83d7-844aa70fad3d,"2024-08-26 17:15:11"
f513bb99-2c52-4859-b521-f935b5ef24ef,60110459833525473,GORDON_ALLARD,Discover,2027-03-01,796,aa605da0-0420-4ffd-a07d-b3daa85b62ec,"2024-08-26 17:15:12"
f58a5478-1f01-4780-a4f2-b26f5d2576b9,513178729289089,DARLENE_ROSE,Mastercard,2024-02-01,991,39394289-ab68-4626-b82f-4681a1ae609c,"2024-08-26 17:15:11"
f59f9ed8-f72e-4fcb-81c5-99ad3cb92eed,517311688955418,KRISTINA_CHAMBERS,Mastercard,2026-02-01,358,fbea7b91-972d-4574-9338-082b746af0d8,"2024-08-26 17:15:12"
f66fe4c0-a9b3-48fd-b563-1f05dc892bc0,342887605072825,JAMIE_RICE,"American Express",2029-03-01,147,86f9c026-57d5-4206-8102-2029148a5183,"2024-08-26 17:15:12"
f7904d0c-f705-4220-8c39-71ef255aa429,341922084472790,DARYL_LARUE,"American Express",2030-06-01,662,c14440b1-9cfe-48b7-9774-02e1c790fdcd,"2024-08-26 17:15:12"
f7996a0d-b1da-4a97-96c5-4172d5e5414d,44215040835288,SHERRI_RHODES,Visa,2028-07-01,801,f1c45730-d747-4ad9-909d-d84a5aad46b3,"2024-08-26 17:15:12"
f7a99fa1-debf-4afb-8efa-3e0baecb52e1,60112577418092390,HOWARD_FORTNER,Discover,2029-04-01,537,adf344e5-801b-4fcb-bab3-f64b15424cca,"2024-08-26 17:15:12"
f86f41a6-53bd-4e3e-a387-f67f06fab934,514389566528337,VICKI_FIELDS,Mastercard,2027-01-01,334,991a29e4-1564-4be6-bb7f-566ab07a8e55,"2024-08-26 17:15:12"
f9739d34-5a9a-42dc-9557-9ebbab6e4809,60111194692420013,JACQUELINE_LONG,Discover,2027-06-01,875,b62beb4b-bc6d-4839-ab52-adf0096316d3,"2024-08-26 17:15:12"
f9db727d-f99a-4b4f-b449-827cb6120778,349982491877141,EDWARD_BAUGH,"American Express",2029-06-01,899,0a387a40-d030-4e18-ba87-d4ecf9c4c341,"2024-08-26 17:15:11"
fa25e71c-d66a-44b0-93f0-5500052a8194,348898072728408,LEON_BOSTIC,"American Express",2025-01-01,883,239f2aae-b605-4ff3-bee5-005e2e2bccff,"2024-08-26 17:15:11"
fa436092-c3ae-4e0e-97c7-df0832b3dfc6,60119451236974232,GLEN_TALBERT,Discover,2026-11-01,874,2ce74ef9-4847-4b1e-ab00-83312d03bf61,"2024-08-26 17:15:11"
fa5aa3e4-0c70-42ad-8150-1f0958f62f72,60114459478339920,BECKY_MILES,Discover,2026-08-01,242,3706a82e-6718-45e5-82f8-dabe2febb733,"2024-08-26 17:15:11"
fa9c3186-bb8e-40e6-a5f4-c29777537a3d,60112877318932054,MAUREEN_LITTLE,Discover,2029-10-01,192,4af4c104-2ab5-4123-9a23-6382fb86b4d6,"2024-08-26 17:15:11"
fad746d4-4199-4930-9430-dca8eb5d13b3,344303840769504,LORRAINE_STEPHENS,"American Express",2029-10-01,993,c447710c-cb77-4974-b4af-137cd638a612,"2024-08-26 17:15:12"
fada53d7-d111-49d5-a185-d5d4cf547566,349450137772561,FELIX_GAFFNEY,"American Express",2025-07-01,600,dd8229c5-3e19-4a85-898f-19cc2f1ea600,"2024-08-26 17:15:12"
fae5fc9a-fdf6-4750-b187-25acf9e27c8e,344625636892682,MEGAN_PALMER,"American Express",2029-02-01,229,4b7d9602-c1b6-478c-8a92-77509c96aeb6,"2024-08-26 17:15:11"
fc21469f-f0c3-4f35-a043-cd2209d43c42,517884621650907,BYRON_BOX,Mastercard,2025-08-01,906,eeca872f-a8b6-494b-aa95-36005c63331f,"2024-08-26 17:15:12"
fc6ae64d-7244-421e-ad52-802c3bdc0087,46017391298638,BERTHA_FERGUSON,Visa,2029-11-01,828,2998a966-7572-46f9-9344-5e9f2dd0759e,"2024-08-26 17:15:11"
fc73ed8f-672b-4e45-a79e-9a219696a487,345168070454138,AUSTIN_CINTRON,"American Express",2028-11-01,740,19f8eeff-f114-4dcf-9d0a-29e0d77a517d,"2024-08-26 17:15:11"
fc96b5be-bb3c-4f85-b83e-89a3c73d0eb0,510975025503607,JORGE_OLIVARES,Mastercard,2026-04-01,704,a25fb0bd-edc2-40d8-9b2f-608c4af33173,"2024-08-26 17:15:12"
fcb34058-1a03-4e61-8bed-048d8a220d58,60110344490803059,FRED_WHEAT,Discover,2025-03-01,418,e62f78f3-269b-43cb-b153-4899f5134ec7,"2024-08-26 17:15:12"
fcb549f4-3a00-4ac8-96f9-cb1597397587,342285388161876,JIMMY_SCHRADER,"American Express",2028-12-01,931,18eb3248-739d-4dfe-b956-9d4b8bcf4f18,"2024-08-26 17:15:11"
fd1ea5f7-857e-4b40-b7ab-e44439d9bc2b,60114883964538061,BEN_EASTER,Discover,2025-08-01,659,18074da7-5930-4885-9ace-514d6e50291f,"2024-08-26 17:15:11"
fd762d98-0682-4ff4-9cb1-196c5ff0cf12,60110732944636862,KYLE_SPURLOCK,Discover,2025-12-01,655,ee4edd46-96e6-4338-828a-75f3417c324e,"2024-08-26 17:15:12"
fdaa8195-9ccd-417f-900f-b74de5eef2bf,349265529546890,EDGAR_RHOADS,"American Express",2027-02-01,444,fbea9ea3-d945-419f-9c97-5af75ac22f42,"2024-08-26 17:15:12"
fe00386a-4558-4bad-97c6-8e4b5a702ebb,348783670074529,KATHLEEN_ADAMS,"American Express",2024-01-01,433,1a356ac1-3d6a-46bc-81f5-57611e4a6453,"2024-08-26 17:15:11"
fe0f444a-307c-402a-a39a-1e499d7c10a4,341957625611754,WARREN_SHERROD,"American Express",2029-10-01,315,fe56e28d-c56c-48a2-b3fc-51efbee3c86e,"2024-08-26 17:15:12"
fe2cec6f-4272-46da-a61c-e9415ae54832,341677191936086,TOMMY_COLLAZO,"American Express",2026-05-01,860,de698130-ff9a-4c7a-841c-a38e114a26cb,"2024-08-26 17:15:12"
fe92a9d4-0148-4bef-853f-e8dc0fd23cac,60116996558697321,SUZANNE_NICHOLS,Discover,2029-04-01,839,330e1493-d218-40d0-b5a2-daf7ff71a37a,"2024-08-26 17:15:11"
fe98122b-d09e-4492-9183-4e28050eda78,44399741501495,MARCUS_HIDALGO,Visa,2029-01-01,839,a75e6481-50f7-4832-b6e5-318a70adc967,"2024-08-26 17:15:12"
feafb476-32df-4646-bcc8-3c127ecadb63,44083179408460,SHARON_ROBINSON,Visa,2027-01-01,207,0a9c121c-d6a0-4557-a316-e5dbdb49ab0e,"2024-08-26 17:15:11"
feb20925-534d-40d7-8b6d-6f5ac69d668e,517488293812430,NATALIE_MEYER,Mastercard,2024-12-01,279,18ea462e-58ad-4c2b-8726-5379bbc34ad3,"2024-08-26 17:15:11"
febeb766-73a5-4116-80f9-5cce5b24a735,46060208428624,CHRISTY_VARGAS,Visa,2029-01-01,522,da8a7f71-d7fd-454d-b6f7-11df0c02e90b,"2024-08-26 17:15:12"
fed97a41-5c8a-4c5b-b9ad-8958bfa39716,60115092178873928,DEREK_BLAKELY,Discover,2025-07-01,397,ebcba2ad-aa1d-476d-bedc-ceeca16d6600,"2024-08-26 17:15:12"
fedd20d0-a7d9-4713-ad88-3a94fb8b454b,41034446793053,MARIO_CHEATHAM,Visa,2029-09-01,711,4853432e-de22-414e-94d1-0edcbd53e40c,"2024-08-26 17:15:11"
fef63818-02a6-4e61-8db2-cb20e082b297,516757596686508,BERNARD_COLBY,Mastercard,2025-02-01,763,d2e538a2-04e0-4fb3-b540-8c1ed9772fa4,"2024-08-26 17:15:12"
ff618de7-e962-4c23-9b38-e77076fa829b,343889323693528,WADE_DELVALLE,"American Express",2029-03-01,520,f1b6e601-5124-4e38-8f48-fa8551be6ea2,"2024-08-26 17:15:12"
ff62e654-07cc-4857-9a81-c0839ccafac9,41294195305852,CHERYL_MURPHY,Visa,2027-04-01,154,c8cafb63-e29f-48fc-846c-9c3bc719d338,"2024-08-26 17:15:12"
ff8aaf0e-12dd-4883-973f-42c12ec2875a,340320883332803,MELISSA_KING,"American Express",2026-04-01,164,dd7a4538-7049-475b-9e3d-d048c56753d4,"2024-08-26 17:15:12"
