cart_id,user_id,product_id,quantity,created_at
002d8250-3612-48cf-af9f-4ba78175cf6e,06e834d5-a4b6-4e63-a078-b648bb28371f,0016d519d6f1aaa48e4770e6b2577334,2,"2024-08-26 14:58:37"
00a10281-ed8c-488b-989a-847407d4d794,04ef4ca3-93d7-4713-bed6-49d4025b0679,002810df1681c552e4fc641cd1486e7f,4,"2024-08-26 14:58:37"
00fc80c0-1a0b-4d4e-9943-db23c74333b0,04ef4ca3-93d7-4713-bed6-49d4025b0679,0022d958f1b99c82654829a85d1637f6,4,"2024-08-26 14:58:37"
0158cbf0-6d8a-4e37-ba4f-db3b6239ebb3,02b6eea3-0739-409c-b231-1ffef6f1266e,0024c8c4636f633a96e6b032acc179c5,5,"2024-08-26 14:58:37"
018037b7-9c49-41b9-b9ae-5d27a2cee1f8,0412df17-6f98-42a3-9981-37f57a7ebb3b,0031ba559767ebd78db849ac6df06257,5,"2024-08-26 14:58:37"
02657587-79e4-487d-89d8-fab4bae00e9f,054c8340-3127-4318-a249-3c340849848b,00250f949e316b885c61150158c48e56,5,"2024-08-26 14:58:37"
030d77aa-82bb-401b-98ca-9101b4814c64,00fcb0d4-7972-404e-bf63-d409538151b2,00234f1417b5b1dc65feb088cf612762,5,"2024-08-26 14:58:37"
031e360a-946a-4b62-8a74-a734b11a365e,06e834d5-a4b6-4e63-a078-b648bb28371f,00322e32b4705cfc74d73032c39a44ab,2,"2024-08-26 14:58:37"
032b2bb7-4cd9-470c-b5ff-f20f357d545a,04ef4ca3-93d7-4713-bed6-49d4025b0679,00371f6f8a517e4bcb6f8982ff46c758,5,"2024-08-26 14:58:37"
0571ad8d-6db0-4ee0-9e77-b2e13cb744c1,03001f7d-1e0e-4a7f-9485-5495b0fbbfa5,002faeb78a8673afcface4776b579a4a,1,"2024-08-26 14:58:37"
05789866-8eb6-4ce5-840e-09923f55388a,054c8340-3127-4318-a249-3c340849848b,002810df1681c552e4fc641cd1486e7f,1,"2024-08-26 14:58:37"
058f9ed2-516d-4b31-8b03-dd2eebbf2f14,03b7cf17-0c69-410f-b85f-d149bd0bb59e,0005bab836087ed542c5e23111078035,2,"2024-08-26 14:58:37"
06612f4c-d415-4279-8840-6d9b005c7a06,053a15d1-f34e-487d-8ef5-4b8cd8e7e518,0024c8c4636f633a96e6b032acc179c5,5,"2024-08-26 14:58:37"
066f55a4-e2cd-4181-b849-125c234199f7,05aac8fc-56b0-4f70-b457-c3bbbddcd0f8,00353b508276e6f860b5760654a0bb65,2,"2024-08-26 14:58:37"
06888bec-0260-4d4c-bb46-f3a3ebfb4e1e,03001f7d-1e0e-4a7f-9485-5495b0fbbfa5,0016d519d6f1aaa48e4770e6b2577334,1,"2024-08-26 14:58:37"
069ed66f-4346-4d73-9430-01fe6d6affd5,053a15d1-f34e-487d-8ef5-4b8cd8e7e518,00250f949e316b885c61150158c48e56,2,"2024-08-26 14:58:37"
06fb0ee1-989a-436c-b7bf-5d0483d4eec7,05aac8fc-56b0-4f70-b457-c3bbbddcd0f8,00234f1417b5b1dc65feb088cf612762,3,"2024-08-26 14:58:37"
076e7e2b-5f62-4405-b028-e5cdc744b86f,02b6eea3-0739-409c-b231-1ffef6f1266e,0025ce876cfed6b24f086c64b91dd51e,2,"2024-08-26 14:58:37"
07e63e9f-bd04-4aa6-acc0-89c66be5aea5,0412df17-6f98-42a3-9981-37f57a7ebb3b,0025ce876cfed6b24f086c64b91dd51e,1,"2024-08-26 14:58:37"
087b4fd2-3737-465c-84e0-584827720079,03001f7d-1e0e-4a7f-9485-5495b0fbbfa5,000908502cb76d87774f769ff431606d,1,"2024-08-26 14:58:37"
08a3d14d-ed52-4ab2-9a45-d6cc9ccfc288,064bc709-1dca-4c97-9eee-318eb66f4fe3,003aebcdcfd3d30bfaec28207d8814bb,1,"2024-08-26 14:58:37"
08bb637e-72ed-4b2e-ae08-68c47dc04541,03001f7d-1e0e-4a7f-9485-5495b0fbbfa5,0031ba559767ebd78db849ac6df06257,1,"2024-08-26 14:58:37"
08bc7215-6135-4de9-872c-f23b5ea5403b,02e80abf-f7d5-4974-9b42-6deb06f3ed0e,000644ee3fede4b86059b419383ff013,1,"2024-08-26 14:58:37"
0909368f-7938-4b65-bc62-5ab2d5233de1,05786c23-f801-43e3-b763-166cc510fc6f,000644ee3fede4b86059b419383ff013,3,"2024-08-26 14:58:37"
09276b63-6db6-421b-9d5f-c2bdf23736ba,0442be35-6b14-452d-83b9-4e30128487d7,002cae16ffce99194b37233ae182f62f,4,"2024-08-26 14:58:37"
099b1edf-e851-4407-a1d2-db55ef1ec673,02b6eea3-0739-409c-b231-1ffef6f1266e,002cae16ffce99194b37233ae182f62f,5,"2024-08-26 14:58:37"
0aa36066-c802-486e-8fba-47aab2673e9a,0412df17-6f98-42a3-9981-37f57a7ebb3b,00371f6f8a517e4bcb6f8982ff46c758,1,"2024-08-26 14:58:37"
0ba61d1e-45c1-4e3f-87a6-fc0d6993cd11,054c8340-3127-4318-a249-3c340849848b,000644ee3fede4b86059b419383ff013,3,"2024-08-26 14:58:37"
0befbb00-ff52-4ec5-8fdf-9120d3293d78,064bc709-1dca-4c97-9eee-318eb66f4fe3,0001d5429cf08061039da491b1aad68d,3,"2024-08-26 14:58:37"
0c33ab7a-9735-4532-8166-dac31184b1a3,01eefcce-1df7-41b7-baba-3ae07122daa3,000644ee3fede4b86059b419383ff013,5,"2024-08-26 14:58:37"
0c80b814-a487-42e8-9398-e62fc9c304c6,068098a6-8381-43bd-b561-9500ac62be3b,000644ee3fede4b86059b419383ff013,5,"2024-08-26 14:58:37"
0e07984d-fca8-471d-b646-cd1c8703ab65,05786c23-f801-43e3-b763-166cc510fc6f,00322e32b4705cfc74d73032c39a44ab,3,"2024-08-26 14:58:37"
0e86afbf-e1ac-4e2e-8c4f-00ffd64cc32b,05aac8fc-56b0-4f70-b457-c3bbbddcd0f8,0016d519d6f1aaa48e4770e6b2577334,4,"2024-08-26 14:58:37"
0f0eb4d5-a7b1-42eb-927a-af9de5b3c53a,0434a613-15d5-441c-b2f6-a55a58f826e5,0025ce876cfed6b24f086c64b91dd51e,5,"2024-08-26 14:58:37"
102e3822-5aff-43cb-a4b4-6570efc32739,0442be35-6b14-452d-83b9-4e30128487d7,0005bab836087ed542c5e23111078035,3,"2024-08-26 14:58:37"
10648c42-eca5-4a5a-820d-49d0994fbc36,068098a6-8381-43bd-b561-9500ac62be3b,00250f949e316b885c61150158c48e56,3,"2024-08-26 14:58:37"
11147da0-0cd4-4cc9-b1e3-28d7879ade87,06e834d5-a4b6-4e63-a078-b648bb28371f,00234f1417b5b1dc65feb088cf612762,1,"2024-08-26 14:58:37"
11352558-1c4d-4abc-9a1e-30b5eb0a3617,054c8340-3127-4318-a249-3c340849848b,002cae16ffce99194b37233ae182f62f,1,"2024-08-26 14:58:37"
11c17bfc-8866-4a35-9b71-a283164d9ef7,03001f7d-1e0e-4a7f-9485-5495b0fbbfa5,0024c8c4636f633a96e6b032acc179c5,1,"2024-08-26 14:58:37"
11d7798c-51b1-4115-9850-e9a2908b9769,064bc709-1dca-4c97-9eee-318eb66f4fe3,0025ce876cfed6b24f086c64b91dd51e,5,"2024-08-26 14:58:37"
12c81b74-3de2-41c5-b142-f551f331994d,064bc709-1dca-4c97-9eee-318eb66f4fe3,000644ee3fede4b86059b419383ff013,1,"2024-08-26 14:58:37"
13026567-7de0-46d0-bb9f-1440d07f0700,064bc709-1dca-4c97-9eee-318eb66f4fe3,00250f949e316b885c61150158c48e56,4,"2024-08-26 14:58:37"
13bd1b55-0c5f-490b-a0bc-527816e959b0,06e834d5-a4b6-4e63-a078-b648bb28371f,0022d958f1b99c82654829a85d1637f6,4,"2024-08-26 14:58:37"
13e98e2e-4265-48f3-b3fd-47878e46d338,06e834d5-a4b6-4e63-a078-b648bb28371f,00353b508276e6f860b5760654a0bb65,3,"2024-08-26 14:58:37"
140e9b11-4882-49d1-8606-48ee8fe7b6d8,06e834d5-a4b6-4e63-a078-b648bb28371f,0001d5429cf08061039da491b1aad68d,1,"2024-08-26 14:58:37"
14308d8a-c539-4593-9f10-2a80db3a7178,053a15d1-f34e-487d-8ef5-4b8cd8e7e518,002810df1681c552e4fc641cd1486e7f,1,"2024-08-26 14:58:37"
15b06eb2-07a7-4a6f-afc2-cfcb300972b0,023923a3-0d07-4028-a200-a6ee253f09f3,0005bbbd05785765697e048f56b9b17e,3,"2024-08-26 14:58:37"
16c7bd2b-d2b3-4efb-aabc-e1dc5c50272d,023923a3-0d07-4028-a200-a6ee253f09f3,0016d519d6f1aaa48e4770e6b2577334,5,"2024-08-26 14:58:37"
18d70e65-af7f-4353-9728-ae727504d6ba,03057025-cdf2-4590-8a9a-abb36ec4905b,0005bab836087ed542c5e23111078035,4,"2024-08-26 14:58:37"
1932f359-c399-426d-94d0-a005e8aa6f16,023923a3-0d07-4028-a200-a6ee253f09f3,002cae16ffce99194b37233ae182f62f,4,"2024-08-26 14:58:37"
194e78ec-e81f-4a39-b2cb-b4537689a392,03001f7d-1e0e-4a7f-9485-5495b0fbbfa5,002fcb4b9380b7ac8f268383fc6a47c3,2,"2024-08-26 14:58:37"
19557f91-ed62-4370-8a57-baa3f20ad2a8,0129c1e5-f6c9-4e70-a472-ae10b4fb46fd,000908502cb76d87774f769ff431606d,2,"2024-08-26 14:58:37"
19cb7095-453a-41c7-b389-126bbce12037,023923a3-0d07-4028-a200-a6ee253f09f3,000908502cb76d87774f769ff431606d,1,"2024-08-26 14:58:37"
19d9cd22-34ca-4a63-998b-aebe014ce963,03057025-cdf2-4590-8a9a-abb36ec4905b,00322e32b4705cfc74d73032c39a44ab,4,"2024-08-26 14:58:37"
1baec89b-9154-43e2-a527-30b3496d9bb8,068098a6-8381-43bd-b561-9500ac62be3b,0022d958f1b99c82654829a85d1637f6,1,"2024-08-26 14:58:37"
1c12c183-321c-4658-9d2e-65d105d5e9ad,03057025-cdf2-4590-8a9a-abb36ec4905b,000644ee3fede4b86059b419383ff013,5,"2024-08-26 14:58:37"
1c34ba5c-f329-45cf-926d-da8cc37aa732,06e834d5-a4b6-4e63-a078-b648bb28371f,0031ba559767ebd78db849ac6df06257,2,"2024-08-26 14:58:37"
1cb361ca-b4a0-4596-8337-b9d37c3686df,04ef4ca3-93d7-4713-bed6-49d4025b0679,0025ce876cfed6b24f086c64b91dd51e,2,"2024-08-26 14:58:37"
1ed626b1-ed93-48d7-b676-0de705f40a28,02b6eea3-0739-409c-b231-1ffef6f1266e,002810df1681c552e4fc641cd1486e7f,5,"2024-08-26 14:58:37"
1f337d9d-3006-46d2-af96-ebdf5ca38724,01eefcce-1df7-41b7-baba-3ae07122daa3,002cae16ffce99194b37233ae182f62f,2,"2024-08-26 14:58:37"
1fb67408-18e2-4919-9e50-1486f4326511,03b7cf17-0c69-410f-b85f-d149bd0bb59e,0005bbbd05785765697e048f56b9b17e,5,"2024-08-26 14:58:37"
200fefe3-b6db-448f-b0ab-14258f46d673,05aac8fc-56b0-4f70-b457-c3bbbddcd0f8,002faeb78a8673afcface4776b579a4a,2,"2024-08-26 14:58:37"
203575b1-d611-4482-a868-a819517a2b0e,0129c1e5-f6c9-4e70-a472-ae10b4fb46fd,000644ee3fede4b86059b419383ff013,1,"2024-08-26 14:58:37"
20dfa673-5dbf-4ed2-9592-49247952478f,02b6eea3-0739-409c-b231-1ffef6f1266e,0001d5429cf08061039da491b1aad68d,4,"2024-08-26 14:58:37"
217c3ea0-29ab-40e6-ba7c-57837e21db6a,0412df17-6f98-42a3-9981-37f57a7ebb3b,00322e32b4705cfc74d73032c39a44ab,5,"2024-08-26 14:58:37"
228d6652-8c67-4b2e-b3a7-eae01698d4b3,00fcb0d4-7972-404e-bf63-d409538151b2,00322e32b4705cfc74d73032c39a44ab,3,"2024-08-26 14:58:37"
237ca382-9162-4f4d-b13b-65c5cc505559,0129c1e5-f6c9-4e70-a472-ae10b4fb46fd,00371f6f8a517e4bcb6f8982ff46c758,1,"2024-08-26 14:58:37"
246050a6-b64c-4660-a5c7-0b799d262eed,054c8340-3127-4318-a249-3c340849848b,00322e32b4705cfc74d73032c39a44ab,1,"2024-08-26 14:58:37"
248aa4a1-9648-4213-b645-2714f5af047a,023923a3-0d07-4028-a200-a6ee253f09f3,000644ee3fede4b86059b419383ff013,4,"2024-08-26 14:58:37"
24c6d678-68f9-44c6-acbe-024a02fc4320,05aac8fc-56b0-4f70-b457-c3bbbddcd0f8,0001d5429cf08061039da491b1aad68d,5,"2024-08-26 14:58:37"
2550f380-d3b9-41ab-9ea7-1250eec5a81b,05786c23-f801-43e3-b763-166cc510fc6f,000908502cb76d87774f769ff431606d,2,"2024-08-26 14:58:37"
25faa918-3b2c-4364-8fcc-6cc5b6545b43,01eefcce-1df7-41b7-baba-3ae07122daa3,0031ba559767ebd78db849ac6df06257,5,"2024-08-26 14:58:37"
268a728d-0c7c-4825-8033-45a29aba3e86,04ef4ca3-93d7-4713-bed6-49d4025b0679,002faeb78a8673afcface4776b579a4a,3,"2024-08-26 14:58:37"
26b779ab-6a2d-429d-adea-62bc24b337d9,0434a613-15d5-441c-b2f6-a55a58f826e5,002faeb78a8673afcface4776b579a4a,5,"2024-08-26 14:58:37"
271ea7c0-25ae-47de-addb-fc0fdd62cfb0,03057025-cdf2-4590-8a9a-abb36ec4905b,0016d519d6f1aaa48e4770e6b2577334,1,"2024-08-26 14:58:37"
293a5269-760b-4727-a3a4-f5e689e2ce89,05786c23-f801-43e3-b763-166cc510fc6f,0005bbbd05785765697e048f56b9b17e,4,"2024-08-26 14:58:37"
2a24129b-625d-4446-8b7c-14d9bb169ab0,05786c23-f801-43e3-b763-166cc510fc6f,0024c8c4636f633a96e6b032acc179c5,3,"2024-08-26 14:58:37"
2a2b82f3-3154-4b41-a2f2-8613993c174d,03b7cf17-0c69-410f-b85f-d149bd0bb59e,0024c8c4636f633a96e6b032acc179c5,3,"2024-08-26 14:58:37"
2ad7c2ab-ee03-41f6-8066-6e05c949f6a0,00fcb0d4-7972-404e-bf63-d409538151b2,002fcb4b9380b7ac8f268383fc6a47c3,3,"2024-08-26 14:58:37"
2bdd9207-386a-47ee-acbf-5dea154fba26,02e80abf-f7d5-4974-9b42-6deb06f3ed0e,00353b508276e6f860b5760654a0bb65,4,"2024-08-26 14:58:37"
2c4541b5-a5f4-4eb2-964c-963c49db5c4d,02b6eea3-0739-409c-b231-1ffef6f1266e,0031ba559767ebd78db849ac6df06257,2,"2024-08-26 14:58:37"
2ccd174b-c286-4245-aa5c-3f638d8b6f77,03057025-cdf2-4590-8a9a-abb36ec4905b,0022d958f1b99c82654829a85d1637f6,2,"2024-08-26 14:58:37"
2d4be2a2-de81-4e94-a8ba-712abb6b27ba,03b7cf17-0c69-410f-b85f-d149bd0bb59e,000644ee3fede4b86059b419383ff013,2,"2024-08-26 14:58:37"
2dd3acb4-396d-47a4-a378-d7718b4eb4ff,04ef4ca3-93d7-4713-bed6-49d4025b0679,00322e32b4705cfc74d73032c39a44ab,3,"2024-08-26 14:58:37"
2decc551-de31-46a7-b151-d87bb66b5bd9,053a15d1-f34e-487d-8ef5-4b8cd8e7e518,0016d519d6f1aaa48e4770e6b2577334,1,"2024-08-26 14:58:37"
2ded14ac-36a6-45ee-ae47-65d28d6129ec,02e80abf-f7d5-4974-9b42-6deb06f3ed0e,000908502cb76d87774f769ff431606d,1,"2024-08-26 14:58:37"
2e24de4b-5d29-443b-bf27-ee25960608fb,01eefcce-1df7-41b7-baba-3ae07122daa3,003aebcdcfd3d30bfaec28207d8814bb,1,"2024-08-26 14:58:37"
2fb61db9-bb7e-4595-8c40-100d603ec022,04ef4ca3-93d7-4713-bed6-49d4025b0679,002cae16ffce99194b37233ae182f62f,1,"2024-08-26 14:58:37"
3023c3f2-d9c5-44c6-bee9-77703be095c0,068098a6-8381-43bd-b561-9500ac62be3b,0005bbbd05785765697e048f56b9b17e,5,"2024-08-26 14:58:37"
302d89e4-10fc-4280-8965-76bfa09dd878,03b7cf17-0c69-410f-b85f-d149bd0bb59e,002cae16ffce99194b37233ae182f62f,5,"2024-08-26 14:58:37"
30840c91-06a7-44f1-ada6-349be7133463,0442be35-6b14-452d-83b9-4e30128487d7,002810df1681c552e4fc641cd1486e7f,2,"2024-08-26 14:58:37"
30ee9df1-b2e0-42d4-95b1-01a60d1000ae,02e80abf-f7d5-4974-9b42-6deb06f3ed0e,00371f6f8a517e4bcb6f8982ff46c758,2,"2024-08-26 14:58:37"
31b3a22d-6a80-4d5f-80a6-57d2d168c34b,01eefcce-1df7-41b7-baba-3ae07122daa3,00234f1417b5b1dc65feb088cf612762,4,"2024-08-26 14:58:37"
323f2cb9-3e99-435d-b275-1d7e46ed5b25,01eefcce-1df7-41b7-baba-3ae07122daa3,00353b508276e6f860b5760654a0bb65,4,"2024-08-26 14:58:37"
36ede63e-2dba-4c78-a3c2-ddfc68f097c5,03057025-cdf2-4590-8a9a-abb36ec4905b,002810df1681c552e4fc641cd1486e7f,1,"2024-08-26 14:58:37"
3700ea06-22f4-48ac-80a4-d00d852fe180,01eefcce-1df7-41b7-baba-3ae07122daa3,0001d5429cf08061039da491b1aad68d,1,"2024-08-26 14:58:37"
37893447-4909-47b0-955b-eef8a9232c23,053a15d1-f34e-487d-8ef5-4b8cd8e7e518,003aebcdcfd3d30bfaec28207d8814bb,3,"2024-08-26 14:58:37"
382d9192-551f-483f-8409-bf64106683d2,0129c1e5-f6c9-4e70-a472-ae10b4fb46fd,002faeb78a8673afcface4776b579a4a,1,"2024-08-26 14:58:37"
3a828412-530c-4d75-a080-ae40d96faa53,02b6eea3-0739-409c-b231-1ffef6f1266e,00371f6f8a517e4bcb6f8982ff46c758,3,"2024-08-26 14:58:37"
3ac12520-703b-455d-8679-deb5a6c2dd9b,06e834d5-a4b6-4e63-a078-b648bb28371f,002cae16ffce99194b37233ae182f62f,5,"2024-08-26 14:58:37"
3ac5a901-58c7-45fb-bca3-b7e16568ce16,01eefcce-1df7-41b7-baba-3ae07122daa3,00322e32b4705cfc74d73032c39a44ab,3,"2024-08-26 14:58:37"
3b4331b4-33f4-4eaf-bfd1-a319aa6fbff3,068098a6-8381-43bd-b561-9500ac62be3b,0031ba559767ebd78db849ac6df06257,5,"2024-08-26 14:58:37"
3b88a45c-d210-4fbe-9589-fe6345ea196a,03b7cf17-0c69-410f-b85f-d149bd0bb59e,002faeb78a8673afcface4776b579a4a,4,"2024-08-26 14:58:37"
3c6ee789-dbdb-4974-8daf-0411283ac68f,05aac8fc-56b0-4f70-b457-c3bbbddcd0f8,0005bab836087ed542c5e23111078035,5,"2024-08-26 14:58:37"
3cb038fe-4950-4a45-b069-cdb50cbafcb6,053a15d1-f34e-487d-8ef5-4b8cd8e7e518,00234f1417b5b1dc65feb088cf612762,3,"2024-08-26 14:58:37"
3db64bfe-a896-407e-acf4-8550e454e7bc,03001f7d-1e0e-4a7f-9485-5495b0fbbfa5,00371f6f8a517e4bcb6f8982ff46c758,3,"2024-08-26 14:58:37"
3e8535bd-e835-400b-887d-b00fc55bbad1,0434a613-15d5-441c-b2f6-a55a58f826e5,0022d958f1b99c82654829a85d1637f6,4,"2024-08-26 14:58:37"
3e88617b-4b3f-470c-9056-5f434ba043f8,0434a613-15d5-441c-b2f6-a55a58f826e5,002cae16ffce99194b37233ae182f62f,4,"2024-08-26 14:58:37"
42106612-d5cd-4b1e-afc4-aad19be6620c,06e834d5-a4b6-4e63-a078-b648bb28371f,00371f6f8a517e4bcb6f8982ff46c758,4,"2024-08-26 14:58:37"
423a55aa-d8ea-4635-9bfc-daa19528563f,05aac8fc-56b0-4f70-b457-c3bbbddcd0f8,0005bbbd05785765697e048f56b9b17e,2,"2024-08-26 14:58:37"
437ecc7f-c308-4574-99e7-19ece3050701,05786c23-f801-43e3-b763-166cc510fc6f,0016d519d6f1aaa48e4770e6b2577334,5,"2024-08-26 14:58:37"
438af775-822d-470c-9e2f-ce19c2a84c93,054c8340-3127-4318-a249-3c340849848b,00353b508276e6f860b5760654a0bb65,2,"2024-08-26 14:58:37"
4482e618-d0b6-4004-bdd3-efdd5c73a624,0434a613-15d5-441c-b2f6-a55a58f826e5,002fcb4b9380b7ac8f268383fc6a47c3,2,"2024-08-26 14:58:37"
44836dbc-853a-448b-a01b-a7bc5b95b6c0,0442be35-6b14-452d-83b9-4e30128487d7,0001d5429cf08061039da491b1aad68d,1,"2024-08-26 14:58:37"
4500cc38-31c3-4ba9-83d7-4f346d5bf189,0412df17-6f98-42a3-9981-37f57a7ebb3b,002cae16ffce99194b37233ae182f62f,1,"2024-08-26 14:58:37"
45268c4c-f45f-4960-a4b5-bb014428a245,02b6eea3-0739-409c-b231-1ffef6f1266e,002faeb78a8673afcface4776b579a4a,2,"2024-08-26 14:58:37"
458385ff-e12d-4c4f-a3be-3ba3c26453e5,06e834d5-a4b6-4e63-a078-b648bb28371f,0025ce876cfed6b24f086c64b91dd51e,3,"2024-08-26 14:58:37"
45be8e5a-be22-4629-818b-db07a06be230,00fcb0d4-7972-404e-bf63-d409538151b2,002faeb78a8673afcface4776b579a4a,1,"2024-08-26 14:58:37"
45e326cd-de90-4d18-8fcf-31f5d206b209,0442be35-6b14-452d-83b9-4e30128487d7,0005bbbd05785765697e048f56b9b17e,3,"2024-08-26 14:58:37"
465e0e59-8353-4a74-b203-5853d8e769b6,0434a613-15d5-441c-b2f6-a55a58f826e5,0016d519d6f1aaa48e4770e6b2577334,1,"2024-08-26 14:58:37"
47171993-839e-45ea-ade0-0b4684d6c347,053a15d1-f34e-487d-8ef5-4b8cd8e7e518,0025ce876cfed6b24f086c64b91dd51e,2,"2024-08-26 14:58:37"
47bd20a3-73d4-43e9-96b5-42801c2e6542,053a15d1-f34e-487d-8ef5-4b8cd8e7e518,002cae16ffce99194b37233ae182f62f,4,"2024-08-26 14:58:37"
47fc6317-6c3b-4e2f-bc9b-b1add68cd2c1,02b6eea3-0739-409c-b231-1ffef6f1266e,000644ee3fede4b86059b419383ff013,5,"2024-08-26 14:58:37"
48156abf-1d9d-42c8-8218-742ab499fec7,0412df17-6f98-42a3-9981-37f57a7ebb3b,00234f1417b5b1dc65feb088cf612762,4,"2024-08-26 14:58:37"
495b4e18-0808-4664-95ba-9c61eb9f947a,03b7cf17-0c69-410f-b85f-d149bd0bb59e,0022d958f1b99c82654829a85d1637f6,3,"2024-08-26 14:58:37"
498f3ece-cf5e-4cba-8d59-e78e34c3ea1c,05aac8fc-56b0-4f70-b457-c3bbbddcd0f8,0024c8c4636f633a96e6b032acc179c5,5,"2024-08-26 14:58:37"
49a62071-0940-4127-a20c-00dd17ba6494,05aac8fc-56b0-4f70-b457-c3bbbddcd0f8,00250f949e316b885c61150158c48e56,2,"2024-08-26 14:58:37"
49b4330d-515b-403c-b383-4b82f74e195d,064bc709-1dca-4c97-9eee-318eb66f4fe3,0024c8c4636f633a96e6b032acc179c5,4,"2024-08-26 14:58:37"
4ae2a931-4f62-4561-844d-578a4e1df246,0129c1e5-f6c9-4e70-a472-ae10b4fb46fd,0022d958f1b99c82654829a85d1637f6,4,"2024-08-26 14:58:37"
4b8a866f-142e-4170-bdaa-827ddd26d374,03057025-cdf2-4590-8a9a-abb36ec4905b,0031ba559767ebd78db849ac6df06257,1,"2024-08-26 14:58:37"
4bf76a15-74dd-4ecf-a09a-4a53b6fc4d8e,068098a6-8381-43bd-b561-9500ac62be3b,0016d519d6f1aaa48e4770e6b2577334,1,"2024-08-26 14:58:37"
4c4ce675-e4ad-4d3c-b7b9-62761a79010e,0442be35-6b14-452d-83b9-4e30128487d7,0025ce876cfed6b24f086c64b91dd51e,2,"2024-08-26 14:58:37"
4c9e6a1b-a8cd-4637-94f1-52b6c6cbbeed,05aac8fc-56b0-4f70-b457-c3bbbddcd0f8,002fcb4b9380b7ac8f268383fc6a47c3,4,"2024-08-26 14:58:37"
4cb3668e-9b55-4556-97c6-fde5b597b87e,00fcb0d4-7972-404e-bf63-d409538151b2,0031ba559767ebd78db849ac6df06257,1,"2024-08-26 14:58:37"
4d6320b2-ecbb-428e-8a62-6b3731bfd031,0129c1e5-f6c9-4e70-a472-ae10b4fb46fd,0016d519d6f1aaa48e4770e6b2577334,3,"2024-08-26 14:58:37"
4dded40e-0a5d-46ee-a0bf-6d7ca537fc42,05786c23-f801-43e3-b763-166cc510fc6f,0031ba559767ebd78db849ac6df06257,3,"2024-08-26 14:58:37"
4de6e771-677e-4ef6-8c34-a7c4f874866d,00fcb0d4-7972-404e-bf63-d409538151b2,00371f6f8a517e4bcb6f8982ff46c758,3,"2024-08-26 14:58:37"
4e9b7153-f4f0-47e0-be98-925a5d5ce4f2,0129c1e5-f6c9-4e70-a472-ae10b4fb46fd,002810df1681c552e4fc641cd1486e7f,2,"2024-08-26 14:58:37"
4eaeb243-4de9-4b19-b50d-635d91a77a61,064bc709-1dca-4c97-9eee-318eb66f4fe3,0031ba559767ebd78db849ac6df06257,1,"2024-08-26 14:58:37"
4eb72d98-3c57-4ae9-bcdc-27e089058449,0129c1e5-f6c9-4e70-a472-ae10b4fb46fd,00250f949e316b885c61150158c48e56,5,"2024-08-26 14:58:37"
4f2d61f8-5823-4fec-8e4b-c654769b2920,05786c23-f801-43e3-b763-166cc510fc6f,0025ce876cfed6b24f086c64b91dd51e,4,"2024-08-26 14:58:37"
4f760c01-253c-4b93-a984-44940932de4d,03001f7d-1e0e-4a7f-9485-5495b0fbbfa5,002810df1681c552e4fc641cd1486e7f,1,"2024-08-26 14:58:37"
4fb84a58-0150-4e38-b91e-44035bad3493,068098a6-8381-43bd-b561-9500ac62be3b,002810df1681c552e4fc641cd1486e7f,4,"2024-08-26 14:58:37"
4fc56112-7861-4ac5-ad27-a0f4feb06def,00fcb0d4-7972-404e-bf63-d409538151b2,0022d958f1b99c82654829a85d1637f6,2,"2024-08-26 14:58:37"
501a681a-21bd-485d-b96b-5fade534ce54,0412df17-6f98-42a3-9981-37f57a7ebb3b,0016d519d6f1aaa48e4770e6b2577334,2,"2024-08-26 14:58:37"
503ff455-acf4-4dd2-a044-890cdd9535ed,03b7cf17-0c69-410f-b85f-d149bd0bb59e,00371f6f8a517e4bcb6f8982ff46c758,4,"2024-08-26 14:58:37"
5100f89b-ec7c-4e59-abcb-5c9edde4029e,00fcb0d4-7972-404e-bf63-d409538151b2,0025ce876cfed6b24f086c64b91dd51e,4,"2024-08-26 14:58:37"
51224c36-493b-4d32-8282-05674ec48195,05786c23-f801-43e3-b763-166cc510fc6f,002810df1681c552e4fc641cd1486e7f,1,"2024-08-26 14:58:37"
520b151a-35c9-498f-97f0-b8681e2ed1d2,064bc709-1dca-4c97-9eee-318eb66f4fe3,002fcb4b9380b7ac8f268383fc6a47c3,1,"2024-08-26 14:58:37"
52c628db-19ef-4916-8448-2df011c27490,06e834d5-a4b6-4e63-a078-b648bb28371f,003aebcdcfd3d30bfaec28207d8814bb,4,"2024-08-26 14:58:37"
53ac19cb-b3dd-4fcd-977a-be21b5a8158f,064bc709-1dca-4c97-9eee-318eb66f4fe3,0016d519d6f1aaa48e4770e6b2577334,3,"2024-08-26 14:58:37"
542d0690-9832-42ec-9892-2845fb0928c5,03b7cf17-0c69-410f-b85f-d149bd0bb59e,002810df1681c552e4fc641cd1486e7f,3,"2024-08-26 14:58:37"
54712f85-759d-462c-8bb1-4a7e1422d401,0442be35-6b14-452d-83b9-4e30128487d7,000908502cb76d87774f769ff431606d,1,"2024-08-26 14:58:37"
568ed7e8-c500-4ce7-8b84-3de7703d35f7,0434a613-15d5-441c-b2f6-a55a58f826e5,0031ba559767ebd78db849ac6df06257,5,"2024-08-26 14:58:37"
56bfd015-2dfe-4892-98e3-648f915664a2,03001f7d-1e0e-4a7f-9485-5495b0fbbfa5,000644ee3fede4b86059b419383ff013,5,"2024-08-26 14:58:37"
586e5b54-3e47-4a4c-8089-d2db5d5fe730,068098a6-8381-43bd-b561-9500ac62be3b,002faeb78a8673afcface4776b579a4a,3,"2024-08-26 14:58:37"
59df3a0b-252b-4b94-8c98-c61d9c81c23e,01eefcce-1df7-41b7-baba-3ae07122daa3,0022d958f1b99c82654829a85d1637f6,3,"2024-08-26 14:58:37"
5a1bcd8b-90f9-4f29-8c93-c5d1b99be799,0412df17-6f98-42a3-9981-37f57a7ebb3b,0024c8c4636f633a96e6b032acc179c5,4,"2024-08-26 14:58:37"
5b0c6333-da4f-4797-8add-85d2f321303a,03057025-cdf2-4590-8a9a-abb36ec4905b,00250f949e316b885c61150158c48e56,3,"2024-08-26 14:58:37"
5b71c179-4841-41e1-9af2-1e5b12c27358,068098a6-8381-43bd-b561-9500ac62be3b,0005bab836087ed542c5e23111078035,3,"2024-08-26 14:58:37"
5c1b74d6-9fa4-456d-95dc-c1d8b01f17ef,0412df17-6f98-42a3-9981-37f57a7ebb3b,0005bab836087ed542c5e23111078035,2,"2024-08-26 14:58:37"
5c6dba45-1187-4af0-a1d7-84089c60606a,04ef4ca3-93d7-4713-bed6-49d4025b0679,00250f949e316b885c61150158c48e56,3,"2024-08-26 14:58:37"
5d6621c4-6d08-4d54-ade0-ffce51f10c4c,02e80abf-f7d5-4974-9b42-6deb06f3ed0e,00322e32b4705cfc74d73032c39a44ab,4,"2024-08-26 14:58:37"
5dce132d-1c65-44b3-8152-88b2488f0d9f,0442be35-6b14-452d-83b9-4e30128487d7,00234f1417b5b1dc65feb088cf612762,1,"2024-08-26 14:58:37"
5df65579-b2a7-4bcb-b9b6-abd3731d9c06,064bc709-1dca-4c97-9eee-318eb66f4fe3,000908502cb76d87774f769ff431606d,3,"2024-08-26 14:58:37"
5e8f760e-6dab-40fb-a7fe-e1edb012818d,02e80abf-f7d5-4974-9b42-6deb06f3ed0e,0031ba559767ebd78db849ac6df06257,3,"2024-08-26 14:58:37"
607f2158-2192-4790-9ca5-3d42a9678c6a,0412df17-6f98-42a3-9981-37f57a7ebb3b,00353b508276e6f860b5760654a0bb65,2,"2024-08-26 14:58:37"
61c82dd4-4161-4ec6-9047-aa7c57f47e7b,0442be35-6b14-452d-83b9-4e30128487d7,0022d958f1b99c82654829a85d1637f6,1,"2024-08-26 14:58:37"
62390ecd-aaf8-48d2-b978-dd8f0f3f5a59,0442be35-6b14-452d-83b9-4e30128487d7,002faeb78a8673afcface4776b579a4a,5,"2024-08-26 14:58:37"
64bf4ce5-08ac-4310-a3f8-e9869edc5fbf,03001f7d-1e0e-4a7f-9485-5495b0fbbfa5,0005bbbd05785765697e048f56b9b17e,5,"2024-08-26 14:58:37"
6510cb3f-dbf8-4269-8a4e-2bc6110db38a,0434a613-15d5-441c-b2f6-a55a58f826e5,00234f1417b5b1dc65feb088cf612762,4,"2024-08-26 14:58:37"
65f7e915-b2db-428c-a47c-3265216568d2,023923a3-0d07-4028-a200-a6ee253f09f3,0022d958f1b99c82654829a85d1637f6,2,"2024-08-26 14:58:37"
67b68af3-0ce1-48d4-a94b-8a5613f8859e,03b7cf17-0c69-410f-b85f-d149bd0bb59e,003aebcdcfd3d30bfaec28207d8814bb,2,"2024-08-26 14:58:37"
687ecde4-14c1-4719-aef3-ce9a0f2e33b6,0129c1e5-f6c9-4e70-a472-ae10b4fb46fd,00353b508276e6f860b5760654a0bb65,1,"2024-08-26 14:58:37"
690a5116-31dd-45f3-bb5c-247a38e3493c,0412df17-6f98-42a3-9981-37f57a7ebb3b,002810df1681c552e4fc641cd1486e7f,1,"2024-08-26 14:58:37"
69edbc91-f676-4205-82e1-f1d6104943f9,0442be35-6b14-452d-83b9-4e30128487d7,000644ee3fede4b86059b419383ff013,2,"2024-08-26 14:58:37"
6acad3de-f82d-4d14-a56d-2f90d14ad400,00fcb0d4-7972-404e-bf63-d409538151b2,0016d519d6f1aaa48e4770e6b2577334,2,"2024-08-26 14:58:37"
6aeacb52-b6b5-4836-9652-f7c1f878a31f,00fcb0d4-7972-404e-bf63-d409538151b2,0024c8c4636f633a96e6b032acc179c5,2,"2024-08-26 14:58:37"
6ba4fd4e-9aa4-4da2-ae86-05993ad12d9a,05aac8fc-56b0-4f70-b457-c3bbbddcd0f8,0022d958f1b99c82654829a85d1637f6,5,"2024-08-26 14:58:37"
6da087a3-b852-428b-bf8e-6cbb62a4b63e,06e834d5-a4b6-4e63-a078-b648bb28371f,0005bab836087ed542c5e23111078035,3,"2024-08-26 14:58:37"
6de0a2a2-0d69-4a4a-95b7-d41518f3751d,00fcb0d4-7972-404e-bf63-d409538151b2,00353b508276e6f860b5760654a0bb65,1,"2024-08-26 14:58:37"
6f3d36cd-8bb1-4d25-9408-f3a39a38ce7a,0434a613-15d5-441c-b2f6-a55a58f826e5,000644ee3fede4b86059b419383ff013,5,"2024-08-26 14:58:37"
6f401599-f647-4837-9a5f-7875fe8cf6c6,0434a613-15d5-441c-b2f6-a55a58f826e5,000908502cb76d87774f769ff431606d,5,"2024-08-26 14:58:37"
6f6671d4-084a-4e57-b287-11b7c4e84c4b,053a15d1-f34e-487d-8ef5-4b8cd8e7e518,00353b508276e6f860b5760654a0bb65,3,"2024-08-26 14:58:37"
706ac110-6074-4a07-a982-8d111f5bce46,053a15d1-f34e-487d-8ef5-4b8cd8e7e518,0031ba559767ebd78db849ac6df06257,3,"2024-08-26 14:58:37"
706f9de7-06b5-492b-bf96-64d01b433deb,02e80abf-f7d5-4974-9b42-6deb06f3ed0e,0005bab836087ed542c5e23111078035,1,"2024-08-26 14:58:37"
70f7463d-b40f-4afa-ade2-aa3382059276,03057025-cdf2-4590-8a9a-abb36ec4905b,00371f6f8a517e4bcb6f8982ff46c758,4,"2024-08-26 14:58:37"
710d5c37-f987-4296-b065-d2f4d352e90b,064bc709-1dca-4c97-9eee-318eb66f4fe3,0005bbbd05785765697e048f56b9b17e,3,"2024-08-26 14:58:37"
718ae5f7-73fb-43f1-ad67-6a60d01acced,04ef4ca3-93d7-4713-bed6-49d4025b0679,000644ee3fede4b86059b419383ff013,4,"2024-08-26 14:58:37"
718e776d-4c1e-4b02-8820-0892ec8ca4bd,06e834d5-a4b6-4e63-a078-b648bb28371f,000908502cb76d87774f769ff431606d,1,"2024-08-26 14:58:37"
723d77a3-856f-45fc-b27d-0b38652852bf,054c8340-3127-4318-a249-3c340849848b,0005bbbd05785765697e048f56b9b17e,5,"2024-08-26 14:58:37"
73a26dc0-5cef-4860-b8e5-85d9b0daa2c2,00fcb0d4-7972-404e-bf63-d409538151b2,002810df1681c552e4fc641cd1486e7f,3,"2024-08-26 14:58:37"
73bc3459-6f03-4bd1-abf5-046b84622f28,03b7cf17-0c69-410f-b85f-d149bd0bb59e,000908502cb76d87774f769ff431606d,4,"2024-08-26 14:58:37"
744c414b-5afb-4956-b03a-446fecc8b5d2,02b6eea3-0739-409c-b231-1ffef6f1266e,002fcb4b9380b7ac8f268383fc6a47c3,1,"2024-08-26 14:58:37"
74aaf8b8-38c2-414b-a9c7-a92f529c7181,01eefcce-1df7-41b7-baba-3ae07122daa3,0005bbbd05785765697e048f56b9b17e,2,"2024-08-26 14:58:37"
74b7d6b6-5bef-4d72-95d4-9206a0046e7c,02e80abf-f7d5-4974-9b42-6deb06f3ed0e,0022d958f1b99c82654829a85d1637f6,5,"2024-08-26 14:58:37"
74dc8b3d-5c2a-4efa-9d9d-e1fb8493ae2d,068098a6-8381-43bd-b561-9500ac62be3b,002fcb4b9380b7ac8f268383fc6a47c3,4,"2024-08-26 14:58:37"
766a5146-95f1-44a0-b688-fe9cefd91c80,02e80abf-f7d5-4974-9b42-6deb06f3ed0e,003aebcdcfd3d30bfaec28207d8814bb,1,"2024-08-26 14:58:37"
777c7814-4c2e-4997-92d3-13ca1d4578a9,02b6eea3-0739-409c-b231-1ffef6f1266e,00322e32b4705cfc74d73032c39a44ab,3,"2024-08-26 14:58:37"
783dd5ae-4b0d-4e54-bb06-0b7af2bc50a2,0129c1e5-f6c9-4e70-a472-ae10b4fb46fd,002cae16ffce99194b37233ae182f62f,4,"2024-08-26 14:58:37"
795ed227-481a-413b-9090-d0ae58940e00,0129c1e5-f6c9-4e70-a472-ae10b4fb46fd,003aebcdcfd3d30bfaec28207d8814bb,3,"2024-08-26 14:58:37"
798cb910-24bb-421f-8e1f-05863a2ee167,02b6eea3-0739-409c-b231-1ffef6f1266e,000908502cb76d87774f769ff431606d,1,"2024-08-26 14:58:37"
798e8206-8318-418c-be70-64bbb277210a,023923a3-0d07-4028-a200-a6ee253f09f3,002fcb4b9380b7ac8f268383fc6a47c3,3,"2024-08-26 14:58:37"
7a20c9ab-444a-4719-b906-e74d4f665040,01eefcce-1df7-41b7-baba-3ae07122daa3,002810df1681c552e4fc641cd1486e7f,1,"2024-08-26 14:58:37"
7a37cffe-073d-40ab-a5b1-0e40630b65f9,01eefcce-1df7-41b7-baba-3ae07122daa3,002fcb4b9380b7ac8f268383fc6a47c3,5,"2024-08-26 14:58:37"
7a739cde-638b-4a56-aeea-7ab2d73c3c69,0442be35-6b14-452d-83b9-4e30128487d7,00250f949e316b885c61150158c48e56,3,"2024-08-26 14:58:37"
7c6f649f-2c9f-4b15-9535-5c290b90c5a4,023923a3-0d07-4028-a200-a6ee253f09f3,0005bab836087ed542c5e23111078035,5,"2024-08-26 14:58:37"
7d0d0dc9-841d-4a45-9785-70370f39708c,0434a613-15d5-441c-b2f6-a55a58f826e5,0001d5429cf08061039da491b1aad68d,2,"2024-08-26 14:58:37"
7d5ca595-0857-4664-b9b0-33203cebde36,00fcb0d4-7972-404e-bf63-d409538151b2,0005bbbd05785765697e048f56b9b17e,2,"2024-08-26 14:58:37"
7d95612c-802b-4210-aa4e-fe2a456adf7c,054c8340-3127-4318-a249-3c340849848b,002faeb78a8673afcface4776b579a4a,2,"2024-08-26 14:58:37"
7fb76c0e-b218-42d3-bc3d-30c8e5024690,06e834d5-a4b6-4e63-a078-b648bb28371f,002810df1681c552e4fc641cd1486e7f,3,"2024-08-26 14:58:37"
7fe5ece2-6d0f-4469-b849-e3c110edeb1c,03001f7d-1e0e-4a7f-9485-5495b0fbbfa5,00322e32b4705cfc74d73032c39a44ab,1,"2024-08-26 14:58:37"
803d6665-c670-40fa-9330-eafd2aa6a1d6,054c8340-3127-4318-a249-3c340849848b,00234f1417b5b1dc65feb088cf612762,2,"2024-08-26 14:58:37"
82437db1-6d9f-4496-8711-e2c7dba97074,0434a613-15d5-441c-b2f6-a55a58f826e5,00371f6f8a517e4bcb6f8982ff46c758,5,"2024-08-26 14:58:37"
83796184-5fc1-42b5-8819-2a329451cbbb,03b7cf17-0c69-410f-b85f-d149bd0bb59e,00322e32b4705cfc74d73032c39a44ab,3,"2024-08-26 14:58:37"
838d04a2-6b55-4801-8ddf-aa160895f08e,0129c1e5-f6c9-4e70-a472-ae10b4fb46fd,002fcb4b9380b7ac8f268383fc6a47c3,3,"2024-08-26 14:58:37"
838f0d03-b339-48a0-99cd-29ac7fd55517,023923a3-0d07-4028-a200-a6ee253f09f3,0024c8c4636f633a96e6b032acc179c5,2,"2024-08-26 14:58:37"
84e4fe53-d66d-4e0d-8a27-91458837b62f,0129c1e5-f6c9-4e70-a472-ae10b4fb46fd,0024c8c4636f633a96e6b032acc179c5,3,"2024-08-26 14:58:37"
85c95378-0820-4146-917d-9bbcbadb3fd7,053a15d1-f34e-487d-8ef5-4b8cd8e7e518,002faeb78a8673afcface4776b579a4a,1,"2024-08-26 14:58:37"
86bd4c2f-650e-4743-aba1-30e2a2410733,0129c1e5-f6c9-4e70-a472-ae10b4fb46fd,00322e32b4705cfc74d73032c39a44ab,2,"2024-08-26 14:58:37"
86f474b8-e9a1-475b-b7c1-c79034710064,01eefcce-1df7-41b7-baba-3ae07122daa3,0016d519d6f1aaa48e4770e6b2577334,5,"2024-08-26 14:58:37"
87842fc0-cb5d-493d-8471-e6d880e50d81,068098a6-8381-43bd-b561-9500ac62be3b,0025ce876cfed6b24f086c64b91dd51e,4,"2024-08-26 14:58:37"
87a15a49-5cd5-4c3f-a7fe-8dcedbc0362d,068098a6-8381-43bd-b561-9500ac62be3b,002cae16ffce99194b37233ae182f62f,1,"2024-08-26 14:58:37"
8845d412-c36f-48b8-bc66-7d0ca65293e6,00fcb0d4-7972-404e-bf63-d409538151b2,000644ee3fede4b86059b419383ff013,4,"2024-08-26 14:58:37"
8893cdd2-81c2-4788-addb-a15179b12932,04ef4ca3-93d7-4713-bed6-49d4025b0679,0001d5429cf08061039da491b1aad68d,2,"2024-08-26 14:58:37"
89083292-a4d2-47d1-aef5-775ef8ac63db,05786c23-f801-43e3-b763-166cc510fc6f,002cae16ffce99194b37233ae182f62f,5,"2024-08-26 14:58:37"
8aabfd90-b5bf-4af4-a903-a28ce027a358,04ef4ca3-93d7-4713-bed6-49d4025b0679,00234f1417b5b1dc65feb088cf612762,5,"2024-08-26 14:58:37"
8acf5837-3d03-4270-a4ff-bd32e662f8c9,03057025-cdf2-4590-8a9a-abb36ec4905b,00353b508276e6f860b5760654a0bb65,1,"2024-08-26 14:58:37"
8b229b99-5bcc-47b8-b1a0-c6a2f4529e44,0434a613-15d5-441c-b2f6-a55a58f826e5,00322e32b4705cfc74d73032c39a44ab,1,"2024-08-26 14:58:37"
8b64f78c-c52a-4262-aeba-6202938323ec,0442be35-6b14-452d-83b9-4e30128487d7,00353b508276e6f860b5760654a0bb65,1,"2024-08-26 14:58:37"
8bed3962-ecbb-4f51-bfa6-8b78afc62f00,01eefcce-1df7-41b7-baba-3ae07122daa3,00250f949e316b885c61150158c48e56,3,"2024-08-26 14:58:37"
8c590528-79de-42b4-b534-095f60b2b80e,00fcb0d4-7972-404e-bf63-d409538151b2,0001d5429cf08061039da491b1aad68d,4,"2024-08-26 14:58:37"
8c919a02-e85a-4806-a598-47e2495da458,054c8340-3127-4318-a249-3c340849848b,0031ba559767ebd78db849ac6df06257,5,"2024-08-26 14:58:37"
8ebc58ea-804f-42b7-849c-07b2f0a690e6,0434a613-15d5-441c-b2f6-a55a58f826e5,00250f949e316b885c61150158c48e56,1,"2024-08-26 14:58:37"
8ee37397-c225-4acc-88e1-fcdabee2db50,0434a613-15d5-441c-b2f6-a55a58f826e5,0024c8c4636f633a96e6b032acc179c5,3,"2024-08-26 14:58:37"
8f76788c-9f8a-4360-8780-da4910963664,0412df17-6f98-42a3-9981-37f57a7ebb3b,002faeb78a8673afcface4776b579a4a,1,"2024-08-26 14:58:37"
9002b223-6588-446d-bc47-46a9213a1fd0,02e80abf-f7d5-4974-9b42-6deb06f3ed0e,0025ce876cfed6b24f086c64b91dd51e,1,"2024-08-26 14:58:37"
913519f4-d5e2-4760-ac1a-0142bd1f1c43,06e834d5-a4b6-4e63-a078-b648bb28371f,002fcb4b9380b7ac8f268383fc6a47c3,1,"2024-08-26 14:58:37"
916bb65f-fb91-49b9-b5c4-b5e7373eb206,053a15d1-f34e-487d-8ef5-4b8cd8e7e518,0001d5429cf08061039da491b1aad68d,3,"2024-08-26 14:58:37"
93574101-9df3-476e-a588-3d4aedf3f4f5,0412df17-6f98-42a3-9981-37f57a7ebb3b,0022d958f1b99c82654829a85d1637f6,1,"2024-08-26 14:58:37"
94f867e1-764b-4ef9-823a-68957ab07dd6,02b6eea3-0739-409c-b231-1ffef6f1266e,00250f949e316b885c61150158c48e56,2,"2024-08-26 14:58:37"
960dbec0-424b-4f36-9109-260b4a58a238,03057025-cdf2-4590-8a9a-abb36ec4905b,00234f1417b5b1dc65feb088cf612762,3,"2024-08-26 14:58:37"
96946933-6ab8-444c-9685-ead307f6751d,02b6eea3-0739-409c-b231-1ffef6f1266e,00234f1417b5b1dc65feb088cf612762,2,"2024-08-26 14:58:37"
977a1274-ee65-4a32-96df-4f0085845007,03057025-cdf2-4590-8a9a-abb36ec4905b,003aebcdcfd3d30bfaec28207d8814bb,3,"2024-08-26 14:58:37"
980aea9c-675d-4ec0-af9e-d64aeb28264b,02e80abf-f7d5-4974-9b42-6deb06f3ed0e,002faeb78a8673afcface4776b579a4a,5,"2024-08-26 14:58:37"
98a27b05-0383-41ae-9170-f1980c1aadb3,023923a3-0d07-4028-a200-a6ee253f09f3,002faeb78a8673afcface4776b579a4a,4,"2024-08-26 14:58:37"
98e294e0-03c2-4649-92b0-c9724335a216,0412df17-6f98-42a3-9981-37f57a7ebb3b,002fcb4b9380b7ac8f268383fc6a47c3,4,"2024-08-26 14:58:37"
99444660-9272-47ed-a924-3683d0ee9e9e,00fcb0d4-7972-404e-bf63-d409538151b2,00250f949e316b885c61150158c48e56,5,"2024-08-26 14:58:37"
9c079d2e-a347-44cc-a432-fde8102845d2,0129c1e5-f6c9-4e70-a472-ae10b4fb46fd,00234f1417b5b1dc65feb088cf612762,2,"2024-08-26 14:58:37"
9c8363a7-3c93-4a39-85af-4512c3000023,054c8340-3127-4318-a249-3c340849848b,000908502cb76d87774f769ff431606d,3,"2024-08-26 14:58:37"
9cef0c32-2c44-4b14-92e9-b1e3cb148c25,03b7cf17-0c69-410f-b85f-d149bd0bb59e,00250f949e316b885c61150158c48e56,3,"2024-08-26 14:58:37"
9d0ccb02-d7ae-48d1-84e2-1526b16e47cb,0434a613-15d5-441c-b2f6-a55a58f826e5,00353b508276e6f860b5760654a0bb65,1,"2024-08-26 14:58:37"
9e60ab6b-f55d-4d18-b169-8777c9c31588,05786c23-f801-43e3-b763-166cc510fc6f,0022d958f1b99c82654829a85d1637f6,4,"2024-08-26 14:58:37"
9ea54e87-bf60-4951-86cb-2c78d626873e,03b7cf17-0c69-410f-b85f-d149bd0bb59e,0001d5429cf08061039da491b1aad68d,3,"2024-08-26 14:58:37"
9ef02540-0f4b-42ee-886a-5b6a8c0029b4,064bc709-1dca-4c97-9eee-318eb66f4fe3,0005bab836087ed542c5e23111078035,3,"2024-08-26 14:58:37"
a052fbf3-eb87-4062-988f-8ca20f3a18e9,0129c1e5-f6c9-4e70-a472-ae10b4fb46fd,0025ce876cfed6b24f086c64b91dd51e,4,"2024-08-26 14:58:37"
a093377f-4483-49a8-a0e4-aeca10b9ca37,023923a3-0d07-4028-a200-a6ee253f09f3,0025ce876cfed6b24f086c64b91dd51e,4,"2024-08-26 14:58:37"
a0cbc792-a58f-4619-9c1f-66a4fcc7ac0c,03057025-cdf2-4590-8a9a-abb36ec4905b,0005bbbd05785765697e048f56b9b17e,4,"2024-08-26 14:58:37"
a248607f-e3d0-444b-ba3f-30af9a3fa46c,03057025-cdf2-4590-8a9a-abb36ec4905b,002fcb4b9380b7ac8f268383fc6a47c3,4,"2024-08-26 14:58:37"
a2844bae-b5b8-43f9-9a7e-97a746573798,02e80abf-f7d5-4974-9b42-6deb06f3ed0e,002cae16ffce99194b37233ae182f62f,3,"2024-08-26 14:58:37"
a3581b2f-0f13-4aa4-9ca9-753437aa4754,02e80abf-f7d5-4974-9b42-6deb06f3ed0e,0001d5429cf08061039da491b1aad68d,1,"2024-08-26 14:58:37"
a414aad6-b151-402a-9d48-974a729468b3,05aac8fc-56b0-4f70-b457-c3bbbddcd0f8,002cae16ffce99194b37233ae182f62f,3,"2024-08-26 14:58:37"
a4720bee-9b54-4aa7-ad4b-89ca2742cde0,053a15d1-f34e-487d-8ef5-4b8cd8e7e518,002fcb4b9380b7ac8f268383fc6a47c3,2,"2024-08-26 14:58:37"
a55b4000-b161-40b7-be87-e9692b516bb7,064bc709-1dca-4c97-9eee-318eb66f4fe3,00353b508276e6f860b5760654a0bb65,2,"2024-08-26 14:58:37"
a562cef4-3a7e-40c3-9ab8-037baea2528d,03001f7d-1e0e-4a7f-9485-5495b0fbbfa5,00353b508276e6f860b5760654a0bb65,4,"2024-08-26 14:58:37"
a5cc20f8-6860-4898-a9d6-49ebaba1ca20,01eefcce-1df7-41b7-baba-3ae07122daa3,0024c8c4636f633a96e6b032acc179c5,5,"2024-08-26 14:58:37"
a60e5ec4-642b-495c-860d-50338c71c658,053a15d1-f34e-487d-8ef5-4b8cd8e7e518,0005bab836087ed542c5e23111078035,5,"2024-08-26 14:58:37"
a69b9dc5-ddc1-4daa-8fae-8149b1329329,01eefcce-1df7-41b7-baba-3ae07122daa3,0005bab836087ed542c5e23111078035,1,"2024-08-26 14:58:37"
a6b98467-f594-402b-a36e-c6b307010ad9,03057025-cdf2-4590-8a9a-abb36ec4905b,0001d5429cf08061039da491b1aad68d,4,"2024-08-26 14:58:37"
a72ffbb6-82d1-4d4f-b97e-40630c39bc0c,068098a6-8381-43bd-b561-9500ac62be3b,000908502cb76d87774f769ff431606d,5,"2024-08-26 14:58:37"
a7324f5f-41e3-42d4-81b0-e3ff72afbfbd,03001f7d-1e0e-4a7f-9485-5495b0fbbfa5,002cae16ffce99194b37233ae182f62f,2,"2024-08-26 14:58:37"
a79f9a46-de7e-49e5-8ef7-ad1950ff1a42,0434a613-15d5-441c-b2f6-a55a58f826e5,003aebcdcfd3d30bfaec28207d8814bb,3,"2024-08-26 14:58:37"
a7ef2218-8e26-43db-b3c8-87dc7a39ae05,04ef4ca3-93d7-4713-bed6-49d4025b0679,00353b508276e6f860b5760654a0bb65,1,"2024-08-26 14:58:37"
a88f5efd-d3e9-4de5-8345-f154ccd7b785,068098a6-8381-43bd-b561-9500ac62be3b,003aebcdcfd3d30bfaec28207d8814bb,5,"2024-08-26 14:58:37"
a9b112e1-11c3-48b8-9aca-bbe06c809cec,03b7cf17-0c69-410f-b85f-d149bd0bb59e,002fcb4b9380b7ac8f268383fc6a47c3,1,"2024-08-26 14:58:37"
a9e0fbf9-18f0-4a92-ac0a-79c34b884c35,053a15d1-f34e-487d-8ef5-4b8cd8e7e518,00371f6f8a517e4bcb6f8982ff46c758,5,"2024-08-26 14:58:37"
aa5687f9-1452-4764-b216-71348827259d,05aac8fc-56b0-4f70-b457-c3bbbddcd0f8,000908502cb76d87774f769ff431606d,3,"2024-08-26 14:58:37"
aa715543-7df3-4fa3-ab2b-0bb3c6ffa8db,023923a3-0d07-4028-a200-a6ee253f09f3,003aebcdcfd3d30bfaec28207d8814bb,1,"2024-08-26 14:58:37"
aad22ca8-2181-4562-8867-de083d2fe9fa,054c8340-3127-4318-a249-3c340849848b,0001d5429cf08061039da491b1aad68d,2,"2024-08-26 14:58:37"
ad7da10a-a5d2-4c07-910d-99130d120a35,064bc709-1dca-4c97-9eee-318eb66f4fe3,002faeb78a8673afcface4776b579a4a,4,"2024-08-26 14:58:37"
adbd6494-de21-4ed2-ae60-292d16256257,023923a3-0d07-4028-a200-a6ee253f09f3,00250f949e316b885c61150158c48e56,4,"2024-08-26 14:58:37"
addca8bc-02b2-4098-805b-970c06bd7b3a,06e834d5-a4b6-4e63-a078-b648bb28371f,0024c8c4636f633a96e6b032acc179c5,5,"2024-08-26 14:58:37"
ae84a5e0-6c52-4e5e-b432-c617df4f1ba9,05aac8fc-56b0-4f70-b457-c3bbbddcd0f8,00371f6f8a517e4bcb6f8982ff46c758,4,"2024-08-26 14:58:37"
aeb65b82-c5dc-47df-b7ce-c5951d2b10f8,02e80abf-f7d5-4974-9b42-6deb06f3ed0e,00250f949e316b885c61150158c48e56,5,"2024-08-26 14:58:37"
af40e549-dc10-46d1-ab8c-d28a0863fac9,05aac8fc-56b0-4f70-b457-c3bbbddcd0f8,000644ee3fede4b86059b419383ff013,4,"2024-08-26 14:58:37"
b00afdf1-82bf-486d-8309-08b4c47eb106,05786c23-f801-43e3-b763-166cc510fc6f,0005bab836087ed542c5e23111078035,2,"2024-08-26 14:58:37"
b09e0e9c-7e58-42ae-878b-721df65d93b9,03057025-cdf2-4590-8a9a-abb36ec4905b,002cae16ffce99194b37233ae182f62f,1,"2024-08-26 14:58:37"
b0b31f64-0136-4693-b1d8-482aa1b3bf45,03001f7d-1e0e-4a7f-9485-5495b0fbbfa5,0005bab836087ed542c5e23111078035,4,"2024-08-26 14:58:37"
b17ac623-2abf-401a-8102-7405b4cf65fe,06e834d5-a4b6-4e63-a078-b648bb28371f,000644ee3fede4b86059b419383ff013,2,"2024-08-26 14:58:37"
b28592ea-6137-4c22-95ec-d4450394476a,064bc709-1dca-4c97-9eee-318eb66f4fe3,00234f1417b5b1dc65feb088cf612762,4,"2024-08-26 14:58:37"
b2bf2165-9e3a-4fa8-8f1d-c7112a436387,02e80abf-f7d5-4974-9b42-6deb06f3ed0e,00234f1417b5b1dc65feb088cf612762,2,"2024-08-26 14:58:37"
b2bf7097-342f-453e-a5b7-14ff7cb85924,023923a3-0d07-4028-a200-a6ee253f09f3,00322e32b4705cfc74d73032c39a44ab,2,"2024-08-26 14:58:37"
b35043df-76d7-464f-9d01-672a2f1d8b77,05aac8fc-56b0-4f70-b457-c3bbbddcd0f8,0031ba559767ebd78db849ac6df06257,1,"2024-08-26 14:58:37"
b48d23d7-6daf-4293-90ae-a0d089e0f768,04ef4ca3-93d7-4713-bed6-49d4025b0679,000908502cb76d87774f769ff431606d,3,"2024-08-26 14:58:37"
b5028542-036a-4104-b8e6-04776d7ec11c,054c8340-3127-4318-a249-3c340849848b,0022d958f1b99c82654829a85d1637f6,1,"2024-08-26 14:58:37"
b5287bcb-fae6-44b6-a4e6-01bd006325d6,04ef4ca3-93d7-4713-bed6-49d4025b0679,0024c8c4636f633a96e6b032acc179c5,2,"2024-08-26 14:58:37"
b552bb45-4e7f-49fc-8c92-4fa8f9a12cad,05786c23-f801-43e3-b763-166cc510fc6f,00250f949e316b885c61150158c48e56,4,"2024-08-26 14:58:37"
b5da3002-da09-4b57-af97-164608253617,0442be35-6b14-452d-83b9-4e30128487d7,0024c8c4636f633a96e6b032acc179c5,3,"2024-08-26 14:58:37"
b64d6afe-ac40-4832-9c54-2264093e76d6,06e834d5-a4b6-4e63-a078-b648bb28371f,0005bbbd05785765697e048f56b9b17e,1,"2024-08-26 14:58:37"
b66dde7e-8475-4d1a-a564-2f3759911340,068098a6-8381-43bd-b561-9500ac62be3b,0001d5429cf08061039da491b1aad68d,4,"2024-08-26 14:58:37"
b7440fef-682c-42bf-b407-63818ce910f6,06e834d5-a4b6-4e63-a078-b648bb28371f,002faeb78a8673afcface4776b579a4a,4,"2024-08-26 14:58:37"
b780d612-7f1d-43c6-aa93-eb52225a18ae,05aac8fc-56b0-4f70-b457-c3bbbddcd0f8,003aebcdcfd3d30bfaec28207d8814bb,3,"2024-08-26 14:58:37"
b825fcc5-8943-4495-bf59-8ee2af05aa48,0129c1e5-f6c9-4e70-a472-ae10b4fb46fd,0005bbbd05785765697e048f56b9b17e,2,"2024-08-26 14:58:37"
b83998dd-4095-48ed-9c67-c0f493ac4f85,02e80abf-f7d5-4974-9b42-6deb06f3ed0e,0024c8c4636f633a96e6b032acc179c5,3,"2024-08-26 14:58:37"
b85b5e7f-55ec-4120-96a6-7a302049a473,0434a613-15d5-441c-b2f6-a55a58f826e5,002810df1681c552e4fc641cd1486e7f,4,"2024-08-26 14:58:37"
bbf0f815-b643-4ab4-9031-b2c8e6c1d4e8,068098a6-8381-43bd-b561-9500ac62be3b,00322e32b4705cfc74d73032c39a44ab,4,"2024-08-26 14:58:37"
bdbc190a-96ad-4caa-8d6c-bc0f3d373257,053a15d1-f34e-487d-8ef5-4b8cd8e7e518,000908502cb76d87774f769ff431606d,4,"2024-08-26 14:58:37"
be102927-ed0f-44cd-bbc6-f2752329b46d,02e80abf-f7d5-4974-9b42-6deb06f3ed0e,0005bbbd05785765697e048f56b9b17e,5,"2024-08-26 14:58:37"
be4ec794-1b0e-46e6-87de-ed8036edd912,02b6eea3-0739-409c-b231-1ffef6f1266e,00353b508276e6f860b5760654a0bb65,4,"2024-08-26 14:58:37"
bede3b25-5248-4edf-8a07-5308b9a4112e,05786c23-f801-43e3-b763-166cc510fc6f,002faeb78a8673afcface4776b579a4a,5,"2024-08-26 14:58:37"
bf2bcd4f-9d0d-49a4-a4d2-efd6406f2cb2,03b7cf17-0c69-410f-b85f-d149bd0bb59e,0031ba559767ebd78db849ac6df06257,5,"2024-08-26 14:58:37"
bf8cd466-8140-4dff-a328-51ebc5613e33,0412df17-6f98-42a3-9981-37f57a7ebb3b,000908502cb76d87774f769ff431606d,5,"2024-08-26 14:58:37"
bf9131f6-0e56-4aaa-93d2-009f69483b35,03057025-cdf2-4590-8a9a-abb36ec4905b,0024c8c4636f633a96e6b032acc179c5,4,"2024-08-26 14:58:37"
c039b0e1-edce-4227-87c6-0649d2a88f3a,02b6eea3-0739-409c-b231-1ffef6f1266e,0005bbbd05785765697e048f56b9b17e,5,"2024-08-26 14:58:37"
c0ff3061-7418-4d75-a230-1dd5d903b55a,02b6eea3-0739-409c-b231-1ffef6f1266e,0005bab836087ed542c5e23111078035,2,"2024-08-26 14:58:37"
c1a94297-2f18-4bc4-8e92-6ff56b29e23d,02e80abf-f7d5-4974-9b42-6deb06f3ed0e,0016d519d6f1aaa48e4770e6b2577334,1,"2024-08-26 14:58:37"
c251380b-40d5-499a-8d09-42849796962d,05aac8fc-56b0-4f70-b457-c3bbbddcd0f8,0025ce876cfed6b24f086c64b91dd51e,4,"2024-08-26 14:58:37"
c3a54d7c-d752-495b-a889-811d4673289b,0129c1e5-f6c9-4e70-a472-ae10b4fb46fd,0001d5429cf08061039da491b1aad68d,2,"2024-08-26 14:58:37"
c4c5595a-1861-4a10-aa11-ec8572b05152,054c8340-3127-4318-a249-3c340849848b,0005bab836087ed542c5e23111078035,5,"2024-08-26 14:58:37"
c5132443-f2b4-435a-9699-72ead7a36964,023923a3-0d07-4028-a200-a6ee253f09f3,0001d5429cf08061039da491b1aad68d,2,"2024-08-26 14:58:37"
c52293a9-f56a-4d5f-9fee-77d6aa59de8d,064bc709-1dca-4c97-9eee-318eb66f4fe3,002810df1681c552e4fc641cd1486e7f,2,"2024-08-26 14:58:37"
c6fed49f-0243-4cf8-b7d4-8c0428b383cf,053a15d1-f34e-487d-8ef5-4b8cd8e7e518,00322e32b4705cfc74d73032c39a44ab,2,"2024-08-26 14:58:37"
c705f724-6d6b-4596-b14a-9aca99ce6435,05786c23-f801-43e3-b763-166cc510fc6f,00234f1417b5b1dc65feb088cf612762,1,"2024-08-26 14:58:37"
c7e6195b-fc80-490a-9863-cafacf913fe6,03001f7d-1e0e-4a7f-9485-5495b0fbbfa5,00250f949e316b885c61150158c48e56,4,"2024-08-26 14:58:37"
c8409cc6-272f-4348-afdc-72be133f3093,05aac8fc-56b0-4f70-b457-c3bbbddcd0f8,00322e32b4705cfc74d73032c39a44ab,5,"2024-08-26 14:58:37"
c8b628b0-3819-4571-92a9-303703fd8117,0412df17-6f98-42a3-9981-37f57a7ebb3b,0005bbbd05785765697e048f56b9b17e,5,"2024-08-26 14:58:37"
c9980a0e-62a0-4879-8d65-f0543c797038,04ef4ca3-93d7-4713-bed6-49d4025b0679,003aebcdcfd3d30bfaec28207d8814bb,5,"2024-08-26 14:58:37"
c9e20deb-ee88-4a59-ab94-2970d5638fd8,00fcb0d4-7972-404e-bf63-d409538151b2,002cae16ffce99194b37233ae182f62f,2,"2024-08-26 14:58:37"
ca8051a2-018c-43a7-bd24-48a7d031d86d,01eefcce-1df7-41b7-baba-3ae07122daa3,002faeb78a8673afcface4776b579a4a,3,"2024-08-26 14:58:37"
cad4f3ba-cf63-49e4-aa25-68879726ba8f,054c8340-3127-4318-a249-3c340849848b,00371f6f8a517e4bcb6f8982ff46c758,5,"2024-08-26 14:58:37"
cbbccb6f-f0a1-46ee-93cf-0757ad0fe5ae,05786c23-f801-43e3-b763-166cc510fc6f,00353b508276e6f860b5760654a0bb65,5,"2024-08-26 14:58:37"
cc88116a-0eec-4946-b849-b1b08a82e84d,054c8340-3127-4318-a249-3c340849848b,0024c8c4636f633a96e6b032acc179c5,2,"2024-08-26 14:58:37"
ccce88c2-e979-4a6e-ac59-18a669058c70,0442be35-6b14-452d-83b9-4e30128487d7,0016d519d6f1aaa48e4770e6b2577334,5,"2024-08-26 14:58:37"
cd6e4c8e-5658-4fae-987b-6acc6688075a,023923a3-0d07-4028-a200-a6ee253f09f3,00234f1417b5b1dc65feb088cf612762,1,"2024-08-26 14:58:37"
ce53d0a5-238d-493e-af48-f97c33ae3fc3,0442be35-6b14-452d-83b9-4e30128487d7,003aebcdcfd3d30bfaec28207d8814bb,2,"2024-08-26 14:58:37"
cf75f613-2d76-4cfc-a660-0f621326a60f,0442be35-6b14-452d-83b9-4e30128487d7,00371f6f8a517e4bcb6f8982ff46c758,3,"2024-08-26 14:58:37"
cf9eed3a-57cc-4e29-9d6d-25b54ac5ce8e,0129c1e5-f6c9-4e70-a472-ae10b4fb46fd,0031ba559767ebd78db849ac6df06257,3,"2024-08-26 14:58:37"
d33afcb8-4456-4968-b8e5-063e77dcf9b7,03b7cf17-0c69-410f-b85f-d149bd0bb59e,0016d519d6f1aaa48e4770e6b2577334,4,"2024-08-26 14:58:37"
d40cb8f6-5fc1-495b-bffc-84be7a985dba,04ef4ca3-93d7-4713-bed6-49d4025b0679,0005bbbd05785765697e048f56b9b17e,5,"2024-08-26 14:58:37"
d5244600-31a6-4817-9a83-a0fe344bd09e,05786c23-f801-43e3-b763-166cc510fc6f,00371f6f8a517e4bcb6f8982ff46c758,4,"2024-08-26 14:58:37"
d66817cf-0171-4d09-8b1f-b9840e7789b7,02b6eea3-0739-409c-b231-1ffef6f1266e,0022d958f1b99c82654829a85d1637f6,3,"2024-08-26 14:58:37"
d690b626-cd06-4777-b3bf-95e417e5564c,01eefcce-1df7-41b7-baba-3ae07122daa3,00371f6f8a517e4bcb6f8982ff46c758,5,"2024-08-26 14:58:37"
d7106edd-57a6-4d74-a3bb-ba2d5631cdd9,064bc709-1dca-4c97-9eee-318eb66f4fe3,0022d958f1b99c82654829a85d1637f6,1,"2024-08-26 14:58:37"
d785c4b8-239e-4ef9-aaa8-4d9b7ab15559,03057025-cdf2-4590-8a9a-abb36ec4905b,000908502cb76d87774f769ff431606d,5,"2024-08-26 14:58:37"
d7a284b0-ed71-41e6-853c-5d077a769901,06e834d5-a4b6-4e63-a078-b648bb28371f,00250f949e316b885c61150158c48e56,3,"2024-08-26 14:58:37"
d9ba5e69-499e-4823-a0d2-64940d861927,064bc709-1dca-4c97-9eee-318eb66f4fe3,002cae16ffce99194b37233ae182f62f,2,"2024-08-26 14:58:37"
da02355b-9cce-48f6-a72d-6eeaa712b5be,05786c23-f801-43e3-b763-166cc510fc6f,002fcb4b9380b7ac8f268383fc6a47c3,5,"2024-08-26 14:58:37"
db229b8c-3383-47f1-8617-c10c71813436,03001f7d-1e0e-4a7f-9485-5495b0fbbfa5,0022d958f1b99c82654829a85d1637f6,4,"2024-08-26 14:58:37"
dc859d8c-e816-43ca-8618-dc6b612dae62,053a15d1-f34e-487d-8ef5-4b8cd8e7e518,0005bbbd05785765697e048f56b9b17e,1,"2024-08-26 14:58:37"
df060634-ead5-4f73-95d7-186f07bfeea5,068098a6-8381-43bd-b561-9500ac62be3b,00371f6f8a517e4bcb6f8982ff46c758,1,"2024-08-26 14:58:37"
e162d46d-d597-4f4b-b961-708792bbf631,0434a613-15d5-441c-b2f6-a55a58f826e5,0005bbbd05785765697e048f56b9b17e,4,"2024-08-26 14:58:37"
e19986e6-db4f-4c88-a479-f539f228cf63,053a15d1-f34e-487d-8ef5-4b8cd8e7e518,000644ee3fede4b86059b419383ff013,3,"2024-08-26 14:58:37"
e279816c-90fc-4281-a8b0-90d3e6916968,0412df17-6f98-42a3-9981-37f57a7ebb3b,0001d5429cf08061039da491b1aad68d,2,"2024-08-26 14:58:37"
e3bf5ea8-4553-4b4a-bd57-624d5f87be04,03001f7d-1e0e-4a7f-9485-5495b0fbbfa5,00234f1417b5b1dc65feb088cf612762,5,"2024-08-26 14:58:37"
e449315a-1b00-453c-b751-97ae579765b1,068098a6-8381-43bd-b561-9500ac62be3b,0024c8c4636f633a96e6b032acc179c5,1,"2024-08-26 14:58:37"
e51ccb74-c95d-4cd0-829c-02d54a5e8b42,03057025-cdf2-4590-8a9a-abb36ec4905b,002faeb78a8673afcface4776b579a4a,3,"2024-08-26 14:58:37"
e52b4284-e417-4eaf-9d40-cc4d27049227,054c8340-3127-4318-a249-3c340849848b,002fcb4b9380b7ac8f268383fc6a47c3,5,"2024-08-26 14:58:37"
e541b8b2-0017-4e0d-ac27-894abbbf37af,05786c23-f801-43e3-b763-166cc510fc6f,0001d5429cf08061039da491b1aad68d,1,"2024-08-26 14:58:37"
e58722e9-8296-4eec-9772-47acb7777c73,03001f7d-1e0e-4a7f-9485-5495b0fbbfa5,0025ce876cfed6b24f086c64b91dd51e,5,"2024-08-26 14:58:37"
e597fdac-afbe-47ba-81e5-592afc180100,068098a6-8381-43bd-b561-9500ac62be3b,00234f1417b5b1dc65feb088cf612762,3,"2024-08-26 14:58:37"
e6b60f5a-dba7-4b54-a46b-babfce43ad68,02e80abf-f7d5-4974-9b42-6deb06f3ed0e,002fcb4b9380b7ac8f268383fc6a47c3,1,"2024-08-26 14:58:37"
e805d08f-766c-45d6-9ad0-cb69af971218,03001f7d-1e0e-4a7f-9485-5495b0fbbfa5,0001d5429cf08061039da491b1aad68d,1,"2024-08-26 14:58:37"
e94482b4-9a3a-4115-8bb0-a199ba4017c3,0442be35-6b14-452d-83b9-4e30128487d7,0031ba559767ebd78db849ac6df06257,1,"2024-08-26 14:58:37"
ea19404a-49af-4faa-9225-8faea7858337,00fcb0d4-7972-404e-bf63-d409538151b2,003aebcdcfd3d30bfaec28207d8814bb,3,"2024-08-26 14:58:37"
ea81091d-bc5f-4502-9ef0-596cf25f551d,03b7cf17-0c69-410f-b85f-d149bd0bb59e,00353b508276e6f860b5760654a0bb65,2,"2024-08-26 14:58:37"
eb03759d-f278-4ad3-9c9a-34a12c8d98b2,04ef4ca3-93d7-4713-bed6-49d4025b0679,0031ba559767ebd78db849ac6df06257,5,"2024-08-26 14:58:37"
eb32f853-602a-43a9-8460-8d19cd9503be,064bc709-1dca-4c97-9eee-318eb66f4fe3,00322e32b4705cfc74d73032c39a44ab,5,"2024-08-26 14:58:37"
eba65345-0a39-4b4c-8a14-be23ab1859c8,064bc709-1dca-4c97-9eee-318eb66f4fe3,00371f6f8a517e4bcb6f8982ff46c758,1,"2024-08-26 14:58:37"
ebf67136-8e79-4ff0-b3df-7e8bbfb92679,03057025-cdf2-4590-8a9a-abb36ec4905b,0025ce876cfed6b24f086c64b91dd51e,2,"2024-08-26 14:58:37"
ebfcaea7-49a4-4487-8b74-e9bb39effc5a,023923a3-0d07-4028-a200-a6ee253f09f3,002810df1681c552e4fc641cd1486e7f,2,"2024-08-26 14:58:37"
ed58f46f-496f-45e4-b47f-05da81e616ae,0412df17-6f98-42a3-9981-37f57a7ebb3b,003aebcdcfd3d30bfaec28207d8814bb,1,"2024-08-26 14:58:37"
ed5e9399-533c-4bff-be26-aa9df3715afb,023923a3-0d07-4028-a200-a6ee253f09f3,00353b508276e6f860b5760654a0bb65,2,"2024-08-26 14:58:37"
ee127d7e-f286-441d-b36b-c3beb85c9527,02e80abf-f7d5-4974-9b42-6deb06f3ed0e,002810df1681c552e4fc641cd1486e7f,2,"2024-08-26 14:58:37"
ee292432-f0f5-4812-8d08-22dadf9a0ed4,03b7cf17-0c69-410f-b85f-d149bd0bb59e,00234f1417b5b1dc65feb088cf612762,3,"2024-08-26 14:58:37"
eebd648a-0053-4ed5-ac3f-07cb3089a197,01eefcce-1df7-41b7-baba-3ae07122daa3,0025ce876cfed6b24f086c64b91dd51e,5,"2024-08-26 14:58:37"
efa5f04d-00a8-42ab-8c37-e64dc4f6cdae,023923a3-0d07-4028-a200-a6ee253f09f3,0031ba559767ebd78db849ac6df06257,5,"2024-08-26 14:58:37"
efb495fd-4126-443d-85ba-92458ec18285,054c8340-3127-4318-a249-3c340849848b,0016d519d6f1aaa48e4770e6b2577334,5,"2024-08-26 14:58:37"
f1577a2b-57fb-42e7-95df-dc9d0e14b857,053a15d1-f34e-487d-8ef5-4b8cd8e7e518,0022d958f1b99c82654829a85d1637f6,3,"2024-08-26 14:58:37"
f1e291b6-cb7b-4f1b-a2a6-20a5c28794d7,0434a613-15d5-441c-b2f6-a55a58f826e5,0005bab836087ed542c5e23111078035,4,"2024-08-26 14:58:37"
f205fc1c-5ed1-46f4-8f2c-e8a57a8c2a35,0442be35-6b14-452d-83b9-4e30128487d7,00322e32b4705cfc74d73032c39a44ab,1,"2024-08-26 14:58:37"
f2edc452-5a45-4b12-80bf-3efa0ccee6fa,03001f7d-1e0e-4a7f-9485-5495b0fbbfa5,003aebcdcfd3d30bfaec28207d8814bb,5,"2024-08-26 14:58:37"
f50b580b-9cd8-456c-bd12-762ba580245a,068098a6-8381-43bd-b561-9500ac62be3b,00353b508276e6f860b5760654a0bb65,3,"2024-08-26 14:58:37"
f5220698-9641-45a8-a922-c1ba2234e86f,04ef4ca3-93d7-4713-bed6-49d4025b0679,002fcb4b9380b7ac8f268383fc6a47c3,1,"2024-08-26 14:58:37"
f5d1ed57-7ca6-4858-8208-085bf6397c4b,03b7cf17-0c69-410f-b85f-d149bd0bb59e,0025ce876cfed6b24f086c64b91dd51e,1,"2024-08-26 14:58:37"
f7736e4a-831a-4a88-acd8-c5c1552dba78,023923a3-0d07-4028-a200-a6ee253f09f3,00371f6f8a517e4bcb6f8982ff46c758,4,"2024-08-26 14:58:37"
f796aaa5-57e1-4d56-aea2-8f7b730bc3df,0412df17-6f98-42a3-9981-37f57a7ebb3b,00250f949e316b885c61150158c48e56,3,"2024-08-26 14:58:37"
f80d4a7c-7085-4636-8976-0d02db498e16,054c8340-3127-4318-a249-3c340849848b,0025ce876cfed6b24f086c64b91dd51e,4,"2024-08-26 14:58:37"
f890c202-1be9-4ffa-84bb-b79f6acded19,04ef4ca3-93d7-4713-bed6-49d4025b0679,0005bab836087ed542c5e23111078035,2,"2024-08-26 14:58:37"
f893d60d-d1c2-4c84-a94f-7ca2cf8fa498,01eefcce-1df7-41b7-baba-3ae07122daa3,000908502cb76d87774f769ff431606d,2,"2024-08-26 14:58:37"
f8fbb189-1a78-465d-8fe8-b01d1103b080,02b6eea3-0739-409c-b231-1ffef6f1266e,0016d519d6f1aaa48e4770e6b2577334,1,"2024-08-26 14:58:37"
f9f84f73-c75e-4d07-b374-3c5e61c340ea,04ef4ca3-93d7-4713-bed6-49d4025b0679,0016d519d6f1aaa48e4770e6b2577334,4,"2024-08-26 14:58:37"
fa6fd2b8-b354-4856-b79b-062d96b0b449,00fcb0d4-7972-404e-bf63-d409538151b2,000908502cb76d87774f769ff431606d,2,"2024-08-26 14:58:37"
fab71a24-bdbb-4f0d-82b8-ba693e6bc4d9,00fcb0d4-7972-404e-bf63-d409538151b2,0005bab836087ed542c5e23111078035,4,"2024-08-26 14:58:37"
fb2a5099-7d9d-42a7-ba0a-f07f7ad89e9b,0412df17-6f98-42a3-9981-37f57a7ebb3b,000644ee3fede4b86059b419383ff013,2,"2024-08-26 14:58:37"
fcce1015-b52f-47df-bba2-59e2d8809f44,05aac8fc-56b0-4f70-b457-c3bbbddcd0f8,002810df1681c552e4fc641cd1486e7f,2,"2024-08-26 14:58:37"
fd731068-c55c-4ade-8958-81cae1a62d66,02b6eea3-0739-409c-b231-1ffef6f1266e,003aebcdcfd3d30bfaec28207d8814bb,2,"2024-08-26 14:58:37"
fdcd3ac2-215e-47dc-9280-d42cea1e8e8a,054c8340-3127-4318-a249-3c340849848b,003aebcdcfd3d30bfaec28207d8814bb,1,"2024-08-26 14:58:37"
fdd0c3d5-bc4e-4b55-a514-bacdf7597c90,0442be35-6b14-452d-83b9-4e30128487d7,002fcb4b9380b7ac8f268383fc6a47c3,5,"2024-08-26 14:58:37"
fef62eae-458e-41b8-bfe2-46f943e65dd1,0129c1e5-f6c9-4e70-a472-ae10b4fb46fd,0005bab836087ed542c5e23111078035,2,"2024-08-26 14:58:37"
ffa23b3e-bac0-44f4-8f28-fe5a0088a977,05786c23-f801-43e3-b763-166cc510fc6f,003aebcdcfd3d30bfaec28207d8814bb,4,"2024-08-26 14:58:37"
