city_uuid,city,country_id,last_update
001f49ab-6547-4627-b550-e33d151b044f,Jamalpur,4dfffaba-d825-4843-8c62-8890d50448f1,"2024-08-25 14:21:49"
005fd28d-2642-4d66-8aa7-1cb4b81c7a40,Cabuyao,d65f34ef-0003-40d0-8773-d8b368e05763,"2024-08-25 14:21:49"
008d0cca-e34a-475d-ae65-28bd49743b9b,Xi´angfan,90e83933-ca94-46f5-a2f1-642339889753,"2024-08-25 14:21:50"
00af785e-8a31-41a3-907e-5f6921b8ab0c,Zhezqazghan,5acf0074-41ec-4a5a-b2d3-0ebed9f147ff,"2024-08-25 14:21:50"
0160d5c1-615f-4294-996d-24dcaad86e80,Molodetšno,f10666aa-7c05-4141-b2b3-f404c39a5901,"2024-08-25 14:21:49"
01bbcbd3-ebe1-4844-afb8-2f60335f2c55,Bagé,c54cb78a-6f18-4a69-a6da-cf891071719e,"2024-08-25 14:21:49"
0225ba61-06f5-4ef5-8b61-de2343aa978f,Onomichi,4c680ffb-b7e6-4cf2-afc5-57d8c2ebd4cc,"2024-08-25 14:21:49"
029734f8-1e6e-47fc-90c7-faf511a09a41,"Purnea (Purnia)",63e2ce20-ac3c-46e6-a597-675caf8f246c,"2024-08-25 14:21:50"
02cea1cd-189b-4266-823e-08899e65ba7d,Xintai,90e83933-ca94-46f5-a2f1-642339889753,"2024-08-25 14:21:50"
02fd857e-8cad-4bd9-8834-eb6c77ab18ed,Arecibo,900627db-49fd-4fb9-98a3-c96b415c831f,"2024-08-25 14:21:49"
031c40f4-6931-45f7-b9a5-218bf744d0e3,Botshabelo,4014d078-e6bc-43c6-8d3a-2a96853dc6c3,"2024-08-25 14:21:49"
035ec736-6056-47b7-8293-ac560ecfc30c,Bayugan,d65f34ef-0003-40d0-8773-d8b368e05763,"2024-08-25 14:21:49"
036021c0-8f62-490e-9b65-70443bfff045,"Santo André",c54cb78a-6f18-4a69-a6da-cf891071719e,"2024-08-25 14:21:50"
0388646a-b580-4ad6-acea-a8321dd3893e,Johannesburg,4014d078-e6bc-43c6-8d3a-2a96853dc6c3,"2024-08-25 14:21:49"
03e08d72-76d9-45d6-83ba-8e9dc909e69c,Lancaster,d483795b-4820-40c7-b8d4-d53114ea07a8,"2024-08-25 14:21:49"
040341ef-1271-4dbc-96f3-f3276ce67344,Beni-Mellal,7bf36b79-c53e-4330-b4d8-33ddc9d0eaab,"2024-08-25 14:21:49"
0414607c-b69b-4503-8957-67f9e7404585,Chatsworth,4014d078-e6bc-43c6-8d3a-2a96853dc6c3,"2024-08-25 14:21:49"
0427b96c-4eb2-44e0-9d03-3183df3bb0de,Dayton,d483795b-4820-40c7-b8d4-d53114ea07a8,"2024-08-25 14:21:49"
0476c145-c755-475b-b8f3-d177e366c82b,Zeleznogorsk,4863649f-cb3e-4ac3-926a-427c5a2941ee,"2024-08-25 14:21:50"
04da0cfc-b99c-4fca-950c-2a68db1ffa1f,"San Miguel de Tucumán",d21550c4-7003-43d8-bc09-a5adbbcf8015,"2024-08-25 14:21:50"
04ffc5a2-f6dc-47fc-93df-93c724184bb6,"Juazeiro do Norte",c54cb78a-6f18-4a69-a6da-cf891071719e,"2024-08-25 14:21:49"
05c645da-895f-4c1f-aa5b-d316c44df2bf,Syrakusa,995d06bc-2156-4804-8c18-712d0d48cfcd,"2024-08-25 14:21:50"
0649daea-c8b4-499a-949d-609b3ed6099e,Caracas,f816194f-6489-4822-ba1c-e769e0a3778b,"2024-08-25 14:21:49"
07511659-b222-4a91-911e-3b9751122918,"Addis Abeba",40c3557f-c798-4d21-b7d5-537e96f4e3f9,"2024-08-25 14:21:48"
087fab14-11ab-413f-8c38-7c63fed4b43b,"Juiz de Fora",c54cb78a-6f18-4a69-a6da-cf891071719e,"2024-08-25 14:21:49"
091b334e-905a-4859-a57e-047464ebd70e,Atšinsk,4863649f-cb3e-4ac3-926a-427c5a2941ee,"2024-08-25 14:21:49"
0a8b1179-5afb-4e86-ad37-260348fa7ed3,Tonghae,d99f7231-ca88-486f-81a8-9d3068438759,"2024-08-25 14:21:50"
0b5e77c0-ef4f-4860-aa27-e5feb202af34,"Augusta-Richmond County",d483795b-4820-40c7-b8d4-d53114ea07a8,"2024-08-25 14:21:49"
0bb1e2dd-e155-40c5-a347-92b9e96e5e63,Béchar,cdc8e979-783f-49b8-bf0d-570be9f93b03,"2024-08-25 14:21:49"
0c6f2653-1747-47df-b06c-2fcb17200824,Korla,90e83933-ca94-46f5-a2f1-642339889753,"2024-08-25 14:21:49"
0d077147-7127-4db8-9bb3-44e4bf7a66b7,Zaoyang,90e83933-ca94-46f5-a2f1-642339889753,"2024-08-25 14:21:50"
0d625acd-718d-46d6-af57-3cb3483aaf47,Tanshui,8bf68fc2-3b44-4d20-b1ba-5459b98e8e11,"2024-08-25 14:21:50"
0d8b3a8a-560a-4a8c-b359-9570ce7f7988,Guarujá,c54cb78a-6f18-4a69-a6da-cf891071719e,"2024-08-25 14:21:49"
0e591f1c-aa85-4689-8b26-875297791bf4,Brest,f4b6a929-cae1-4092-9284-b0cced427d31,"2024-08-25 14:21:49"
0eb49b76-7829-475c-ba1b-0082024215a0,Ezeiza,d21550c4-7003-43d8-bc09-a5adbbcf8015,"2024-08-25 14:21:49"
0ed6c016-49ba-41b3-adf5-317b5906aa41,Myingyan,728ab1f9-3dd3-498f-a8af-f6f3c940c68d,"2024-08-25 14:21:49"
0f0061c6-fff8-4e3f-a75f-32b277f38e38,"Cam Ranh",e044ef9d-e3da-487a-8931-07179088016a,"2024-08-25 14:21:49"
0f82efa8-f85d-4447-af3e-5f290d4a43c5,Kurgan,4863649f-cb3e-4ac3-926a-427c5a2941ee,"2024-08-25 14:21:49"
0f8f6b59-ee66-40a3-8e28-4b6c49358a6c,Smolensk,4863649f-cb3e-4ac3-926a-427c5a2941ee,"2024-08-25 14:21:50"
0fa985f0-3610-4ce6-badd-b5dae965fc29,Niznekamsk,4863649f-cb3e-4ac3-926a-427c5a2941ee,"2024-08-25 14:21:49"
0fad58c2-d41a-4f70-9b50-12f118832d34,Buenaventura,a7cafc8b-ef44-49f1-9afd-529e88771cce,"2024-08-25 14:21:49"
10fc72ee-0fb8-4617-97c5-44e6713eccf4,Atlixco,f7bdbdc4-b6a6-4ce2-89f1-9c358c5a90a1,"2024-08-25 14:21:49"
12859669-b817-4278-96a7-ad6b4a36c973,"São Bernardo do Campo",c54cb78a-6f18-4a69-a6da-cf891071719e,"2024-08-25 14:21:50"
1343ea1c-0c3a-4d8d-a853-132ff88c0853,Córdoba,d21550c4-7003-43d8-bc09-a5adbbcf8015,"2024-08-25 14:21:49"
134508b1-f408-41df-8ccb-2c1458e24d12,Yangor,2dd3cb66-fa2e-4a18-a8fb-afe01d5fc486,"2024-08-25 14:21:50"
136324f4-a0c3-4fff-a505-4756a24dcfb7,al-Ayn,028135a0-1661-4824-9468-3e0f85d333c6,"2024-08-25 14:21:49"
13bd22a4-01cf-4e40-803e-7916dcd88ecd,Apeldoorn,8889ca24-dbd5-48eb-bcd0-9e38edef2640,"2024-08-25 14:21:49"
13d2e9b0-9f7e-4cb6-b2de-a841ece3527d,Monywa,728ab1f9-3dd3-498f-a8af-f6f3c940c68d,"2024-08-25 14:21:49"
152d24af-1c5c-4e91-9de4-6f9c30f8a798,Cumaná,f816194f-6489-4822-ba1c-e769e0a3778b,"2024-08-25 14:21:49"
153d5717-dc7b-4cd4-ada9-0b11470abbec,Hamilton,4936e868-57f5-47fd-bb07-177fc5b4d2f8,"2024-08-25 14:21:49"
15556f20-352e-4455-b8ab-8289745de2e2,"Santiago de los Caballeros",577b397e-0f32-40e1-9630-450e1c5022e7,"2024-08-25 14:21:50"
15af598f-5b4b-46b8-8f82-e14a628ad43f,"Jalib al-Shuyukh",b84d51ab-560d-4928-a6e6-0feef5a37763,"2024-08-25 14:21:49"
15c886ce-23c3-4b16-b572-393e7e58e641,Qinhuangdao,90e83933-ca94-46f5-a2f1-642339889753,"2024-08-25 14:21:50"
1612b973-a087-4c57-946b-31df22b14e2c,Meixian,90e83933-ca94-46f5-a2f1-642339889753,"2024-08-25 14:21:49"
16fa44de-e85e-45ff-8e9a-e0139858cbac,Kisumu,01d9d087-05a3-45f6-bd26-d9e456ef4996,"2024-08-25 14:21:49"
17630273-22b4-468a-a7f8-b7dc81fb1901,Huixquilucan,f7bdbdc4-b6a6-4ce2-89f1-9c358c5a90a1,"2024-08-25 14:21:49"
18b8bb4a-08d8-4ec9-b603-77647476af9d,Effon-Alaiye,e6d080bb-b109-468a-bc04-4790c46253e5,"2024-08-25 14:21:49"
194419ea-694a-4e96-8293-c1198131b942,"San Felipe del Progreso",f7bdbdc4-b6a6-4ce2-89f1-9c358c5a90a1,"2024-08-25 14:21:50"
196c97aa-a03e-4880-8a5b-5038de3854ae,Jedda,1583d347-e031-4183-8a29-deba9f2db81e,"2024-08-25 14:21:49"
1991bc74-f194-4170-8b6f-7f1ba441a517,Warren,d483795b-4820-40c7-b8d4-d53114ea07a8,"2024-08-25 14:21:50"
19b130e5-f95e-44fa-af14-80dbbbfe2508,Tabriz,bec18263-47b0-43f5-9d6b-b805ec528b80,"2024-08-25 14:21:50"
1a7da663-bc1e-4987-821c-057bea131588,Patras,4e30cafb-1048-4b15-a24b-a92252493c9c,"2024-08-25 14:21:49"
1a8d4701-ad2c-4333-9891-6c1bf8a59dac,Iwaki,4c680ffb-b7e6-4cf2-afc5-57d8c2ebd4cc,"2024-08-25 14:21:49"
1ae86146-0cc8-4ee6-95f5-ea2cc63fdc4c,Blumenau,c54cb78a-6f18-4a69-a6da-cf891071719e,"2024-08-25 14:21:49"
1b3d2ac9-bf9f-4c92-abce-a2376614de00,Dadu,0ae2eb2f-b60c-431c-9afd-55acb2bf8e51,"2024-08-25 14:21:49"
1c66bc49-307d-45aa-af73-d53758da9571,Masqat,d2dd6862-56d0-441c-ab94-bedc6af1ecfd,"2024-08-25 14:21:49"
1c7c0500-9dc7-44aa-a49c-9550225cc5d4,"Siliguri (Shiliguri)",63e2ce20-ac3c-46e6-a597-675caf8f246c,"2024-08-25 14:21:50"
1ce6384a-d76d-4175-961b-d27f6d51f4b6,Tandil,d21550c4-7003-43d8-bc09-a5adbbcf8015,"2024-08-25 14:21:50"
1d0c69bd-4333-4c22-bb9b-c47cdf76a769,Katihar,63e2ce20-ac3c-46e6-a597-675caf8f246c,"2024-08-25 14:21:49"
1d430eda-3d62-4314-a7cc-7619e0bea452,"Tel Aviv-Jaffa",80db55ca-587f-44a3-bb5e-8e577bb3f173,"2024-08-25 14:21:50"
1dc05f94-ef04-43f7-b6fc-98a09a65a8e2,Skikda,cdc8e979-783f-49b8-bf0d-570be9f93b03,"2024-08-25 14:21:50"
1e40d8f9-2a8f-4e57-b435-88a461fade57,Ljubertsy,4863649f-cb3e-4ac3-926a-427c5a2941ee,"2024-08-25 14:21:49"
1e635b1c-ea5b-4d09-b461-0de4e6ebf112,Kragujevac,50bc502c-7d41-44ac-94bf-d3f47916d6b9,"2024-08-25 14:21:49"
1e723159-dbc2-4599-8972-0ffaa0cc5705,Sumy,2a80c702-dc97-4267-b2ce-8927172da2d2,"2024-08-25 14:21:50"
1eb63025-6dd9-47f2-9a90-448a5476865f,Omiya,4c680ffb-b7e6-4cf2-afc5-57d8c2ebd4cc,"2024-08-25 14:21:49"
1f92dea9-ad40-4591-98e1-7fcc22685422,Iwatsuki,4c680ffb-b7e6-4cf2-afc5-57d8c2ebd4cc,"2024-08-25 14:21:49"
2008aed9-b75e-4005-8f5f-b8530e275b1c,Papeete,131bcde4-9751-41fb-8000-f494498de0ed,"2024-08-25 14:21:49"
207c8ac9-c442-4fa0-9957-1d8c1a7afe8e,Nuuk,80ad0da0-13e4-4889-b5a3-c694e558a1b4,"2024-08-25 14:21:49"
21224e4e-f73f-46bb-b590-bfb6da47c713,Tianjin,90e83933-ca94-46f5-a2f1-642339889753,"2024-08-25 14:21:50"
2160a42c-8f82-479c-a2ee-f705feeef6af,Sambhal,63e2ce20-ac3c-46e6-a597-675caf8f246c,"2024-08-25 14:21:50"
21700153-0efc-49a3-b5cb-215e33c03b8c,Chandrapur,63e2ce20-ac3c-46e6-a597-675caf8f246c,"2024-08-25 14:21:49"
21b8d58c-3a24-4385-ba63-84019b3bad66,Cheju,d99f7231-ca88-486f-81a8-9d3068438759,"2024-08-25 14:21:49"
21ccc37d-5284-4557-9a86-1a6d3b3b93ad,Ondo,e6d080bb-b109-468a-bc04-4790c46253e5,"2024-08-25 14:21:49"
22a6bc74-c68a-4700-be52-3104df2100c0,Lengshuijiang,90e83933-ca94-46f5-a2f1-642339889753,"2024-08-25 14:21:49"
22c56f81-bc9d-4aff-af0d-efdc3a90a596,Yantai,90e83933-ca94-46f5-a2f1-642339889753,"2024-08-25 14:21:50"
22edd1a4-8ca9-4bfb-8d1c-54623c1d4f35,"Saint Louis",d483795b-4820-40c7-b8d4-d53114ea07a8,"2024-08-25 14:21:50"
22f99a72-f7af-48b0-aa6f-f12cf86db2c3,Kurashiki,4c680ffb-b7e6-4cf2-afc5-57d8c2ebd4cc,"2024-08-25 14:21:49"
23481367-e3c7-451c-b3cb-a003a77b549a,Sunnyvale,d483795b-4820-40c7-b8d4-d53114ea07a8,"2024-08-25 14:21:50"
23dfe5b9-200a-455d-a0c9-dc13e5cdaf59,Ashdod,80db55ca-587f-44a3-bb5e-8e577bb3f173,"2024-08-25 14:21:49"
23e30b71-a2f5-4f56-9790-4a75bf0235c6,Coatzacoalcos,f7bdbdc4-b6a6-4ce2-89f1-9c358c5a90a1,"2024-08-25 14:21:49"
23f8087f-dee7-415e-b214-c38bf76b883a,Nantou,8bf68fc2-3b44-4d20-b1ba-5459b98e8e11,"2024-08-25 14:21:49"
2445baed-db5f-42ec-99b5-300bc55aec10,Fengshan,8bf68fc2-3b44-4d20-b1ba-5459b98e8e11,"2024-08-25 14:21:49"
24fd08b6-8aa9-4868-b08f-c2f6fed82630,Kimberley,4014d078-e6bc-43c6-8d3a-2a96853dc6c3,"2024-08-25 14:21:49"
2572490c-fd77-4fa1-b956-a617ebc5b5d9,"Rio Claro",c54cb78a-6f18-4a69-a6da-cf891071719e,"2024-08-25 14:21:50"
2630e784-fc10-4dfa-8660-7722b234d612,Shaoguan,90e83933-ca94-46f5-a2f1-642339889753,"2024-08-25 14:21:50"
264fab4c-f425-4edd-8af5-ca86d0ef7c81,Avellaneda,d21550c4-7003-43d8-bc09-a5adbbcf8015,"2024-08-25 14:21:49"
26991ffa-c25b-4cac-b762-0456c61b3c22,Sirjan,bec18263-47b0-43f5-9d6b-b805ec528b80,"2024-08-25 14:21:50"
2723c7e3-d2c8-475f-9cbe-a6844d7a19fd,Esfahan,bec18263-47b0-43f5-9d6b-b805ec528b80,"2024-08-25 14:21:49"
27461bb3-4e3d-414e-b1fc-8497bd9fc5b9,London,70e8c413-a91e-4b1f-960c-a8069479f946,"2024-08-25 14:21:49"
27daa2cc-afef-4fde-a337-5cfc545a43f5,Barcelona,f816194f-6489-4822-ba1c-e769e0a3778b,"2024-08-25 14:21:49"
280645ff-066c-43e9-b418-3223af52b056,"Donostia-San Sebastián",9b2e548b-4a0e-4c7f-80d4-bd04c4997f55,"2024-08-25 14:21:49"
289b18c4-15f8-4cad-ba9b-52c1ef57f948,"Città del Vaticano",f2385f59-fc78-4ea1-afde-529223acc69b,"2024-08-25 14:21:49"
29414fe5-49cd-419c-a5d2-1c778510ace2,Hanoi,e044ef9d-e3da-487a-8931-07179088016a,"2024-08-25 14:21:49"
2947592d-e749-4401-a6c3-ede643d85f75,Parbhani,63e2ce20-ac3c-46e6-a597-675caf8f246c,"2024-08-25 14:21:49"
2a5fcd9e-86ba-466a-8fb2-310c8e22324a,Vijayawada,63e2ce20-ac3c-46e6-a597-675caf8f246c,"2024-08-25 14:21:50"
2aa5fa6e-cfd9-4f85-800c-f5b7655d9e36,Salzburg,ddc282f2-3d7f-4370-bd97-cb6c13c49dea,"2024-08-25 14:21:50"
2ae6242f-8f64-494b-975b-44311e2f3966,Jaroslavl,4863649f-cb3e-4ac3-926a-427c5a2941ee,"2024-08-25 14:21:49"
2b18bb7d-4b09-4983-abcf-1ff4c08b44b7,Brindisi,995d06bc-2156-4804-8c18-712d0d48cfcd,"2024-08-25 14:21:49"
2b30ae3d-d63c-40bb-a21e-ad2a5db1e01c,Lhokseumawe,c380bfa8-d10c-4d2d-a655-2492a75c42fd,"2024-08-25 14:21:49"
2b568db7-09ec-43a9-951a-24217ed73b3a,"Pangkal Pinang",c380bfa8-d10c-4d2d-a655-2492a75c42fd,"2024-08-25 14:21:49"
2b9690e1-9f54-4c42-abd4-e5eb1c5a73e4,Haiphong,e044ef9d-e3da-487a-8931-07179088016a,"2024-08-25 14:21:49"
2bbf2f00-9a4f-4796-a459-2577c78be53c,Vilnius,6adf9463-5d55-4357-a58c-2dc1e752211c,"2024-08-25 14:21:50"
2c26ce3b-190f-400c-88b1-ef7241a2f38e,Toulon,f4b6a929-cae1-4092-9284-b0cced427d31,"2024-08-25 14:21:50"
2c523654-f422-4141-ada4-55b22cfe7b09,Urawa,4c680ffb-b7e6-4cf2-afc5-57d8c2ebd4cc,"2024-08-25 14:21:50"
2c8f558f-c105-4f7f-8bae-0464f57f4d68,Owo,e6d080bb-b109-468a-bc04-4790c46253e5,"2024-08-25 14:21:49"
2cb8d538-89af-4195-8563-c7f5b35ecd81,Kursk,4863649f-cb3e-4ac3-926a-427c5a2941ee,"2024-08-25 14:21:49"
2cbfe6e3-0bef-4fef-ad37-8bb7ee8217ab,Inegöl,421151ec-2990-4e00-8c1c-211bb20d0e5c,"2024-08-25 14:21:49"
2d3185e0-50a4-4acd-a3dc-1b2d68d1a03d,Juárez,f7bdbdc4-b6a6-4ce2-89f1-9c358c5a90a1,"2024-08-25 14:21:49"
2d417bec-323a-4f91-80a0-89a8a67a547b,Dhaka,4dfffaba-d825-4843-8c62-8890d50448f1,"2024-08-25 14:21:49"
2d596d8e-7569-4fa0-98ef-73e100a9432f,Lima,86975845-a95e-4e9b-86fe-ba0f33122bdd,"2024-08-25 14:21:49"
2dcbbddd-ecc8-4881-af58-b3901648f287,Zalantun,90e83933-ca94-46f5-a2f1-642339889753,"2024-08-25 14:21:50"
2dfb72d3-fa00-4282-82a8-2f3ef600367b,Basel,588bf563-4c4d-4079-8906-bedba1f13599,"2024-08-25 14:21:49"
2e84d993-0810-46e9-8b75-2e4951c3e043,Chapra,63e2ce20-ac3c-46e6-a597-675caf8f246c,"2024-08-25 14:21:49"
2f9a4dce-24bc-4d63-be32-6ca5ad864135,"Citrus Heights",d483795b-4820-40c7-b8d4-d53114ea07a8,"2024-08-25 14:21:49"
2fb18473-4870-4a20-833a-f595e96d21cb,Gijón,9b2e548b-4a0e-4c7f-80d4-bd04c4997f55,"2024-08-25 14:21:49"
3015fb6e-56af-42a6-91f5-2d1e3e540d2d,Lungtan,8bf68fc2-3b44-4d20-b1ba-5459b98e8e11,"2024-08-25 14:21:49"
3036a7f3-4599-4a78-8a70-a547bc238c97,Okayama,4c680ffb-b7e6-4cf2-afc5-57d8c2ebd4cc,"2024-08-25 14:21:49"
3085b71b-fe83-495c-8a9d-9c10f4fdbecb,Bucuresti,c7711a0c-ddfd-4bec-9ce3-81ccceb91ac3,"2024-08-25 14:21:49"
30976b62-c460-4b94-abd9-201759774065,"Le Mans",f4b6a929-cae1-4092-9284-b0cced427d31,"2024-08-25 14:21:49"
30bf60c1-2cb4-4e4e-9f48-fa8f77744de1,Ilorin,e6d080bb-b109-468a-bc04-4790c46253e5,"2024-08-25 14:21:49"
30da0545-dad0-4d33-90db-bd9fe1e87c95,"Angra dos Reis",c54cb78a-6f18-4a69-a6da-cf891071719e,"2024-08-25 14:21:49"
3117fa92-682b-42e7-b0cb-1895a019e1c3,Emeishan,90e83933-ca94-46f5-a2f1-642339889753,"2024-08-25 14:21:49"
3154e2b9-cfaf-49ef-94da-749c3b4a27b1,Brockton,d483795b-4820-40c7-b8d4-d53114ea07a8,"2024-08-25 14:21:49"
3241f394-0384-48d3-bd16-b684d7fe2f26,Halisahar,63e2ce20-ac3c-46e6-a597-675caf8f246c,"2024-08-25 14:21:49"
32caf8aa-4de8-44ed-a3b5-f4a7f3c64f5f,NDjamna,bd6692d8-e3ba-4020-b2b9-b8649e04ef8a,"2024-08-25 14:21:49"
33702712-2370-4d3f-a277-5b7f953facc7,Acuña,f7bdbdc4-b6a6-4ce2-89f1-9c358c5a90a1,"2024-08-25 14:21:48"
3396b4f8-2447-491f-b4d4-67d6bafb061f,"Novi Sad",50bc502c-7d41-44ac-94bf-d3f47916d6b9,"2024-08-25 14:21:49"
33bd3ff8-a228-4dba-b3e7-a4fdbe054a40,Hidalgo,f7bdbdc4-b6a6-4ce2-89f1-9c358c5a90a1,"2024-08-25 14:21:49"
3417b0c2-eb43-4339-a513-a84278f4eba0,Daugavpils,a8a73d66-37b3-4c00-a24b-5e23bcbbe52b,"2024-08-25 14:21:49"
3456dde1-efc6-4e1d-a15c-160a34fc8276,Batna,cdc8e979-783f-49b8-bf0d-570be9f93b03,"2024-08-25 14:21:49"
348f7939-f0a8-4e9d-ac07-410bc03c8b0f,Antofagasta,b39e96cb-6aa1-4149-b9ef-c644d2cb80db,"2024-08-25 14:21:49"
34e57ee8-6625-4cac-ae22-2648626335e0,Salé,7bf36b79-c53e-4330-b4d8-33ddc9d0eaab,"2024-08-25 14:21:50"
356b4f85-3611-47bc-913d-c73ff6019575,Zhoushan,90e83933-ca94-46f5-a2f1-642339889753,"2024-08-25 14:21:50"
359ec5ce-dbeb-4a14-9165-1a002934796e,Funafuti,fe7ac9d2-9256-45aa-8864-a258abdabed4,"2024-08-25 14:21:49"
35eb5902-1019-4c0e-a726-87d7b05cc7b8,"San Felipe de Puerto Plata",577b397e-0f32-40e1-9630-450e1c5022e7,"2024-08-25 14:21:50"
3684991a-f1d5-4cd7-9f38-c407e7e2faf7,Shanwei,90e83933-ca94-46f5-a2f1-642339889753,"2024-08-25 14:21:50"
368d29fb-9aa9-4c21-8a9e-2ec762f61705,Ikerre,e6d080bb-b109-468a-bc04-4790c46253e5,"2024-08-25 14:21:49"
374e6406-f52b-4146-848f-ae49126a16af,Akishima,4c680ffb-b7e6-4cf2-afc5-57d8c2ebd4cc,"2024-08-25 14:21:48"
3796af53-35cd-4fce-9cf6-5b2d4702c7e8,Jelets,4863649f-cb3e-4ac3-926a-427c5a2941ee,"2024-08-25 14:21:49"
37c170ab-5d4d-4c75-b7f4-7f4292fc3fdb,Tete,45014403-f93e-45e2-8f08-4786c664a40f,"2024-08-25 14:21:50"
38550dab-354f-4585-bdf9-406c9a82eed5,Anápolis,c54cb78a-6f18-4a69-a6da-cf891071719e,"2024-08-25 14:21:49"
385acbd6-56a3-4333-98aa-899b2481f1cf,Halifax,c30f2e4b-59d8-4fda-8c66-23bc773aa664,"2024-08-25 14:21:49"
38d9e6df-9dba-4da1-8bd2-2cf22f3e3da3,Tama,4c680ffb-b7e6-4cf2-afc5-57d8c2ebd4cc,"2024-08-25 14:21:50"
38da2aed-cc9b-4996-a351-8578bc87b37f,Mahajanga,899cf4cf-3c49-425d-adec-9d13ad9e1dc6,"2024-08-25 14:21:49"
3927f129-8ee2-42b8-8fa4-b25107c96059,Monclova,f7bdbdc4-b6a6-4ce2-89f1-9c358c5a90a1,"2024-08-25 14:21:49"
3962d02d-5464-4121-b920-c77d0c9b8f8e,Enshi,90e83933-ca94-46f5-a2f1-642339889753,"2024-08-25 14:21:49"
398a7f93-c787-4b6a-bbcc-afe9ec452490,"Sterling Heights",d483795b-4820-40c7-b8d4-d53114ea07a8,"2024-08-25 14:21:50"
3a4317e0-1627-41a4-bc43-7f9bb0982689,Yuncheng,90e83933-ca94-46f5-a2f1-642339889753,"2024-08-25 14:21:50"
3b919188-99f4-4841-ba44-76614aa38657,Firozabad,63e2ce20-ac3c-46e6-a597-675caf8f246c,"2024-08-25 14:21:49"
3c293c65-cfcf-462f-b208-93c7f09dbaa2,Simferopol,2a80c702-dc97-4267-b2ce-8927172da2d2,"2024-08-25 14:21:50"
3c2abc11-a177-47aa-a94a-5e371a64e025,Nuku´alofa,fe96461c-97a4-4c1e-8027-da175a1c4373,"2024-08-25 14:21:49"
3cccf196-3888-4a02-9e7c-6309b627b979,Etawah,63e2ce20-ac3c-46e6-a597-675caf8f246c,"2024-08-25 14:21:49"
3cd0cd05-d12d-41ab-8218-86a25e053ac6,Surakarta,c380bfa8-d10c-4d2d-a655-2492a75c42fd,"2024-08-25 14:21:50"
3dce4cc2-2d7a-4591-aa95-45c6c41eb7a2,"A Coruña (La Coruña)",9b2e548b-4a0e-4c7f-80d4-bd04c4997f55,"2024-08-25 14:21:48"
3e073678-e184-4583-a942-1e15e9f8727e,Nezahualcóyotl,f7bdbdc4-b6a6-4ce2-89f1-9c358c5a90a1,"2024-08-25 14:21:49"
3e2f4368-f5ab-4216-9e07-fbdf6f5beb0a,"Charlotte Amalie",6537e8c9-1fbb-4983-90f6-4210c3e30e42,"2024-08-25 14:21:49"
3e3c4bc5-68f9-45c1-8145-00c2bec032f3,Ashgabat,71036662-18dd-453e-9f10-13d74318fd7a,"2024-08-25 14:21:49"
3e79bb93-ab0e-4559-932f-d19c29862945,Tychy,146798e4-e99e-41de-9eeb-c9d06e5b7f6c,"2024-08-25 14:21:50"
3eeb752f-b624-4b16-9bbe-081935308a99,Hsichuh,8bf68fc2-3b44-4d20-b1ba-5459b98e8e11,"2024-08-25 14:21:49"
3f50eb81-3d38-48f4-998b-7596418e4eb2,"Mit Ghamr",7d65e5a6-0d85-4b41-a0bd-f95106333823,"2024-08-25 14:21:49"
3fc163ad-c598-4b9c-b848-ca999697205f,Leshan,90e83933-ca94-46f5-a2f1-642339889753,"2024-08-25 14:21:49"
3fca564e-1dd1-467a-a128-32fd008a6e05,Cayenne,0b780ee7-0d0a-4f65-8458-fb65a89a50f6,"2024-08-25 14:21:49"
3fe1f0b2-e22d-4707-ab46-2ef18e81de4e,Pudukkottai,63e2ce20-ac3c-46e6-a597-675caf8f246c,"2024-08-25 14:21:49"
402a446f-d4f2-4cfd-9e7b-36b1ba20dbea,Ziguinchor,45d7d300-2c18-48bd-8aa6-1d0437422b7f,"2024-08-25 14:21:50"
40540a14-4b18-4cb3-bd1c-2bc5bda6afaa,Jaipur,63e2ce20-ac3c-46e6-a597-675caf8f246c,"2024-08-25 14:21:49"
4098b3ad-df55-4c39-a27a-f58384d6b4b2,Clarksville,d483795b-4820-40c7-b8d4-d53114ea07a8,"2024-08-25 14:21:49"
40c8d770-9f19-4c7c-8068-ff77a6bd72c1,Hodeida,3a7c50c0-f879-4c1f-8ed9-223aef1be091,"2024-08-25 14:21:49"
40dce4de-2d1b-425d-8951-759b2113645c,Shivapuri,63e2ce20-ac3c-46e6-a597-675caf8f246c,"2024-08-25 14:21:50"
4116dbaa-3273-468d-93e4-3d777e7d8d0a,Tartu,d0a6e9e5-a7ea-48c1-b5f0-f036b86135fa,"2024-08-25 14:21:50"
41418fb2-22d6-449e-802f-64158392d4d4,Novotšerkassk,4863649f-cb3e-4ac3-926a-427c5a2941ee,"2024-08-25 14:21:49"
414da6be-8759-4c06-87fa-74991bbdcd90,Naju,d99f7231-ca88-486f-81a8-9d3068438759,"2024-08-25 14:21:49"
41932dd6-0c1d-4141-a731-bf0762e26238,Yerevan,2ef847f9-8206-4609-9c82-6109903e664f,"2024-08-25 14:21:50"
4204fc85-ae38-4762-bed6-416bc291b370,Osmaniye,421151ec-2990-4e00-8c1c-211bb20d0e5c,"2024-08-25 14:21:49"
422483ef-d550-4cb6-b781-cc286fb52af5,Peoria,d483795b-4820-40c7-b8d4-d53114ea07a8,"2024-08-25 14:21:49"
424af3d4-ad80-422c-b46c-e8aca63e4b4e,"Dhule (Dhulia)",63e2ce20-ac3c-46e6-a597-675caf8f246c,"2024-08-25 14:21:49"
425fcc88-a7d7-4416-afb6-d12d392d402f,Goiânia,c54cb78a-6f18-4a69-a6da-cf891071719e,"2024-08-25 14:21:49"
42b10fe6-3d01-4f74-95d9-6ec3084ddcdc,Nanyang,90e83933-ca94-46f5-a2f1-642339889753,"2024-08-25 14:21:49"
42c4c35d-65c7-491b-89be-a976b9ebd90e,Xi´angtan,90e83933-ca94-46f5-a2f1-642339889753,"2024-08-25 14:21:50"
431df3f1-ef69-44d2-accf-f404ffa89e7e,Pune,63e2ce20-ac3c-46e6-a597-675caf8f246c,"2024-08-25 14:21:50"
4372ddc7-030e-4001-8c24-6170936649f7,Oulu,9382e5e8-c172-44eb-a465-6dd72780c47b,"2024-08-25 14:21:49"
43b89bdd-4cc4-4dcd-b6fd-272216f0b31d,Sorocaba,c54cb78a-6f18-4a69-a6da-cf891071719e,"2024-08-25 14:21:50"
43eb8a3d-53c3-42e2-a757-7b2b24f64747,"Ciudad del Este",5be2f926-1bc6-4e6a-b135-7e7965ff09f9,"2024-08-25 14:21:49"
442098cd-e3ac-433e-9f93-173003977f38,Tiefa,90e83933-ca94-46f5-a2f1-642339889753,"2024-08-25 14:21:50"
45fa5f27-9772-4062-ae07-76402b56d5f8,Yinchuan,90e83933-ca94-46f5-a2f1-642339889753,"2024-08-25 14:21:50"
465f0d2a-d3cc-4560-8ad7-d1e489ac0682,Jaffna,f85ba440-1e12-4756-be1b-095beca08c2c,"2024-08-25 14:21:49"
46694c61-8817-41cc-bb8d-ee5638ae7bb5,Daxian,90e83933-ca94-46f5-a2f1-642339889753,"2024-08-25 14:21:49"
47044ac3-cf6f-44be-8a1f-ab02add9dad0,"Bahía Blanca",d21550c4-7003-43d8-bc09-a5adbbcf8015,"2024-08-25 14:21:49"
4781c2a9-3a69-4458-add9-946c461ae78f,"Santa Brbara dOeste",c54cb78a-6f18-4a69-a6da-cf891071719e,"2024-08-25 14:21:50"
47a0e0f4-05ad-43dc-aed9-2103254d61ec,Chisinau,e18aae4d-b0db-4f97-94f4-4694b821ae5d,"2024-08-25 14:21:49"
488068ca-140a-42f2-a1d6-3ae27fff3c4b,"Santa Fé",d21550c4-7003-43d8-bc09-a5adbbcf8015,"2024-08-25 14:21:50"
48c936e2-3195-45d8-81df-3c191f07a084,Okinawa,4c680ffb-b7e6-4cf2-afc5-57d8c2ebd4cc,"2024-08-25 14:21:49"
48dc986f-66ff-4da1-b3f6-cbe3c34ef18a,Lapu-Lapu,d65f34ef-0003-40d0-8773-d8b368e05763,"2024-08-25 14:21:49"
48fdffad-82fa-4899-bbd5-e96b2955d75f,Usak,421151ec-2990-4e00-8c1c-211bb20d0e5c,"2024-08-25 14:21:50"
48feb1d9-826a-4d8b-bfea-d2ba2f968e17,Ueda,4c680ffb-b7e6-4cf2-afc5-57d8c2ebd4cc,"2024-08-25 14:21:50"
49d6b16c-4bf4-4bfa-b3b5-bbff752a6b07,Tieli,90e83933-ca94-46f5-a2f1-642339889753,"2024-08-25 14:21:50"
4a6b6c56-decf-4359-93e0-963fd96b4ae4,Kirovo-Tšepetsk,4863649f-cb3e-4ac3-926a-427c5a2941ee,"2024-08-25 14:21:49"
4a73871b-1b48-4b69-ba50-9a037cd2b4cc,Rampur,63e2ce20-ac3c-46e6-a597-675caf8f246c,"2024-08-25 14:21:50"
4b213f9a-efc6-4287-be8a-d5a923217afb,Datong,90e83933-ca94-46f5-a2f1-642339889753,"2024-08-25 14:21:49"
4b3ae29e-c740-4e88-8db1-7a92e2ea698a,Klerksdorp,4014d078-e6bc-43c6-8d3a-2a96853dc6c3,"2024-08-25 14:21:49"
4bac10fc-4623-440e-bc73-6306bdd30f57,Plock,146798e4-e99e-41de-9eeb-c9d06e5b7f6c,"2024-08-25 14:21:49"
4c9cb1da-f434-4c75-94e7-7b65a2bc787f,Portoviejo,9e496936-be09-480b-84bc-83ebb1be9f0e,"2024-08-25 14:21:49"
4cb1a963-23ee-43a8-b1ec-5456f61c4608,Okara,0ae2eb2f-b60c-431c-9afd-55acb2bf8e51,"2024-08-25 14:21:49"
4e1eee3b-48f1-411c-8512-3bb3f5dac6e6,Wroclaw,146798e4-e99e-41de-9eeb-c9d06e5b7f6c,"2024-08-25 14:21:50"
4fc73b4a-aa9e-4e5d-8cf8-4308b2b2dc00,Kuwana,4c680ffb-b7e6-4cf2-afc5-57d8c2ebd4cc,"2024-08-25 14:21:49"
509cfc38-1d0a-4cd0-8e21-d7d738ec30ab,Mexicali,f7bdbdc4-b6a6-4ce2-89f1-9c358c5a90a1,"2024-08-25 14:21:49"
50b8b7ef-b06d-4d8f-9868-fae54d9c7933,"Grand Prairie",d483795b-4820-40c7-b8d4-d53114ea07a8,"2024-08-25 14:21:49"
51458dc7-3684-41f6-8bcf-663f7c49e39f,Adoni,63e2ce20-ac3c-46e6-a597-675caf8f246c,"2024-08-25 14:21:48"
516bf5b8-43a4-486d-99b1-308f446ccd69,Sucre,9941e842-ceca-45de-9bc0-f9ae1c9163df,"2024-08-25 14:21:50"
51c0a268-fdc1-46ba-aa2c-7c8e51c4864f,Pjatigorsk,4863649f-cb3e-4ac3-926a-427c5a2941ee,"2024-08-25 14:21:49"
51c4c35a-6a46-441d-9217-84cf8d65ac93,Lilongwe,31004baf-dfc6-403d-b7a5-0c7b18814a85,"2024-08-25 14:21:49"
51d9a2cf-9cc6-426e-a2b9-4a5f99e7a732,Shimoga,63e2ce20-ac3c-46e6-a597-675caf8f246c,"2024-08-25 14:21:50"
51f46bdf-7a60-4d4f-aabc-19fdf8ed4e8d,al-Manama,32e63048-73ac-4c62-93c2-844bdf99e9c6,"2024-08-25 14:21:49"
522f052e-4a7e-47f0-b9ca-45f61cc1de75,Soshanguve,4014d078-e6bc-43c6-8d3a-2a96853dc6c3,"2024-08-25 14:21:50"
55556829-3edc-40b4-bf9c-4095f9c19132,Rockford,d483795b-4820-40c7-b8d4-d53114ea07a8,"2024-08-25 14:21:50"
55be31ec-b00a-43bf-b916-01d6f046f142,Tsaotun,8bf68fc2-3b44-4d20-b1ba-5459b98e8e11,"2024-08-25 14:21:50"
55ccd3d9-d18e-4343-89be-f0efd1ab27ad,Tafuna,4922baa0-a01f-46b5-ae97-2afadd96dc7b,"2024-08-25 14:21:50"
56272e3b-8ca1-4acb-a150-90e14a7202e7,Kanazawa,4c680ffb-b7e6-4cf2-afc5-57d8c2ebd4cc,"2024-08-25 14:21:49"
56c48439-caf6-4a17-838f-5b851efc37d6,Saarbrücken,7995b8b4-94ca-40d1-91f8-869cb740e6ec,"2024-08-25 14:21:50"
571e6e86-e773-4874-aede-3643c4bab913,Lubumbashi,9fc9de6c-b9c6-4703-9b14-dd1b62cbe0e6,"2024-08-25 14:21:49"
57f01ef4-168a-4252-b17c-25c1eb3423b0,Hohhot,90e83933-ca94-46f5-a2f1-642339889753,"2024-08-25 14:21:49"
58015fa7-fe15-4b53-832c-514122befbb9,Fontana,d483795b-4820-40c7-b8d4-d53114ea07a8,"2024-08-25 14:21:49"
583cb682-c965-4246-8312-edeab174e809,Ozamis,d65f34ef-0003-40d0-8773-d8b368e05763,"2024-08-25 14:21:49"
58ccb66c-757b-4af6-8f66-e6238961956a,Mwene-Ditu,9fc9de6c-b9c6-4703-9b14-dd1b62cbe0e6,"2024-08-25 14:21:49"
595f7888-c013-479c-a82b-990bf140105b,Kuching,a08765b6-9896-4d99-a1b6-b12ab236a4c0,"2024-08-25 14:21:49"
59abd840-c388-43a0-bc14-8f1e6f7e361f,Olomouc,93b36321-d246-4a29-9812-174c2cfea98b,"2024-08-25 14:21:49"
59babbe2-5de2-4032-894a-a02b9fc980bd,Fukuyama,4c680ffb-b7e6-4cf2-afc5-57d8c2ebd4cc,"2024-08-25 14:21:49"
5a262eef-05f3-4d1c-ad29-3fb51b7a1f50,Allende,f7bdbdc4-b6a6-4ce2-89f1-9c358c5a90a1,"2024-08-25 14:21:49"
5a604329-4079-4d6e-8b16-dbde0cc42293,Yuzhou,90e83933-ca94-46f5-a2f1-642339889753,"2024-08-25 14:21:50"
5a8a2ba3-3afe-4f3e-ac4e-9f294dddad8b,Zanzibar,0fc4e1f1-38d8-4ef0-b482-3fb2bc98c232,"2024-08-25 14:21:50"
5aba34a7-8acb-4c85-9b81-d4b21eadf59b,Maikop,4863649f-cb3e-4ac3-926a-427c5a2941ee,"2024-08-25 14:21:49"
5b6f4179-332d-4779-aec9-5a511e845690,"Poços de Caldas",c54cb78a-6f18-4a69-a6da-cf891071719e,"2024-08-25 14:21:49"
5c8539f8-b483-4588-be3a-fff5f2164466,Vinh,e044ef9d-e3da-487a-8931-07179088016a,"2024-08-25 14:21:50"
5dbd0175-1959-47c2-9933-5ece6c52871c,Nagaon,63e2ce20-ac3c-46e6-a597-675caf8f246c,"2024-08-25 14:21:49"
5df25e79-884e-4565-8281-1db1bb72fac5,Mardan,0ae2eb2f-b60c-431c-9afd-55acb2bf8e51,"2024-08-25 14:21:49"
5f63375f-d7df-46f6-8d38-42b726bd901c,"La Romana",577b397e-0f32-40e1-9630-450e1c5022e7,"2024-08-25 14:21:49"
60982e18-34a7-41c0-a7dc-175841de0034,Touliu,8bf68fc2-3b44-4d20-b1ba-5459b98e8e11,"2024-08-25 14:21:50"
60ba3232-1ca6-4d4b-9880-fab1518f65fc,Linz,ddc282f2-3d7f-4370-bd97-cb6c13c49dea,"2024-08-25 14:21:49"
60e4e96e-fbc8-43d4-93f3-0957cd008927,Suihua,90e83933-ca94-46f5-a2f1-642339889753,"2024-08-25 14:21:50"
61aac896-9a2c-495c-a13c-7f4e30abc47d,Jinzhou,90e83933-ca94-46f5-a2f1-642339889753,"2024-08-25 14:21:49"
61deb1b8-c352-4508-abda-342e9b1acaac,"Benin City",e6d080bb-b109-468a-bc04-4790c46253e5,"2024-08-25 14:21:49"
62618023-9a5d-4667-968d-96bcc8b7d6fd,Aden,3a7c50c0-f879-4c1f-8ed9-223aef1be091,"2024-08-25 14:21:48"
627efc0b-a28d-4b52-a102-dc50518e3042,Jining,90e83933-ca94-46f5-a2f1-642339889753,"2024-08-25 14:21:49"
630f57d8-e9e2-4f7e-8468-8db4ddbf51d4,Alessandria,995d06bc-2156-4804-8c18-712d0d48cfcd,"2024-08-25 14:21:49"
63ba382b-fde4-4daa-8974-bac0bdf18f66,Tórshavn,6760c183-47ab-4bc9-9ea3-6e3fdabab965,"2024-08-25 14:21:50"
63d14107-436a-4cc2-88f5-37763b3255d0,Kimchon,d99f7231-ca88-486f-81a8-9d3068438759,"2024-08-25 14:21:49"
6495dbec-1ba3-4f1d-9a42-2f9bfb967947,Imus,d65f34ef-0003-40d0-8773-d8b368e05763,"2024-08-25 14:21:49"
64ea8782-7990-4db7-898b-9cc3a6fa5ce7,Ezhou,90e83933-ca94-46f5-a2f1-642339889753,"2024-08-25 14:21:49"
65b2145a-d65a-4214-bad7-802faa193313,Shimonoseki,4c680ffb-b7e6-4cf2-afc5-57d8c2ebd4cc,"2024-08-25 14:21:50"
65c44b68-d9d2-4dfc-b42e-736f67353f2b,Luziânia,c54cb78a-6f18-4a69-a6da-cf891071719e,"2024-08-25 14:21:49"
664f9b06-e959-467d-98dc-534fd0b0e622,Kabul,80c967d6-bcfe-4451-8157-fc1276af9c35,"2024-08-25 14:21:49"
67241bd9-73e9-4df6-96cf-1b8e03a07d75,Mosul,0ad59534-ada4-434a-80b3-395590b0eb62,"2024-08-25 14:21:49"
672b5519-cea5-4456-80d1-4e25926be57a,Siegen,7995b8b4-94ca-40d1-91f8-869cb740e6ec,"2024-08-25 14:21:50"
67443a91-4c47-45d2-b917-eb1ed693dedc,Kakamigahara,4c680ffb-b7e6-4cf2-afc5-57d8c2ebd4cc,"2024-08-25 14:21:49"
67789048-7a6d-414c-bd5c-b0daec929bda,Emmen,8889ca24-dbd5-48eb-bcd0-9e38edef2640,"2024-08-25 14:21:49"
67940ec0-592e-415c-acdd-c0115d5123b5,Bradford,70e8c413-a91e-4b1f-960c-a8069479f946,"2024-08-25 14:21:49"
683befca-1e62-429b-805f-378b1c85793c,"Santa Rosa",d65f34ef-0003-40d0-8773-d8b368e05763,"2024-08-25 14:21:50"
68b9ba4b-098f-43dc-907c-8504da8abbfc,Balašiha,4863649f-cb3e-4ac3-926a-427c5a2941ee,"2024-08-25 14:21:49"
69229226-31d2-439f-98a7-d890232f43aa,Sultanbeyli,421151ec-2990-4e00-8c1c-211bb20d0e5c,"2024-08-25 14:21:50"
69a06aa6-6f04-48a7-8b9d-9f022595bc95,Jodhpur,63e2ce20-ac3c-46e6-a597-675caf8f246c,"2024-08-25 14:21:49"
69b0e3e3-6424-4d6c-8eab-49f3fc6c4c8b,Liepaja,a8a73d66-37b3-4c00-a24b-5e23bcbbe52b,"2024-08-25 14:21:49"
69ccd519-cfb1-4e7a-a01e-428079b0eb20,Eskisehir,421151ec-2990-4e00-8c1c-211bb20d0e5c,"2024-08-25 14:21:49"
6abe6a68-176d-4ccb-ba30-f3f177cb65fc,Kumbakonam,63e2ce20-ac3c-46e6-a597-675caf8f246c,"2024-08-25 14:21:49"
6ad56c01-dba9-48b7-8aeb-1c2fbdc59fb7,Qalyub,7d65e5a6-0d85-4b41-a0bd-f95106333823,"2024-08-25 14:21:50"
6adbe33b-ef33-4503-862c-7adbe414c144,Guadalajara,f7bdbdc4-b6a6-4ce2-89f1-9c358c5a90a1,"2024-08-25 14:21:49"
6c0c0e4b-a95f-4185-b60c-fbf0efb7179e,"Munger (Monghyr)",63e2ce20-ac3c-46e6-a597-675caf8f246c,"2024-08-25 14:21:49"
6cee6da2-8cab-493f-b3df-ed2269f52a17,Tongliao,90e83933-ca94-46f5-a2f1-642339889753,"2024-08-25 14:21:50"
6e384061-3598-4d1e-ba57-a8c4947674a4,Sivas,421151ec-2990-4e00-8c1c-211bb20d0e5c,"2024-08-25 14:21:50"
6e967dd6-c7ef-43c5-8e40-927116875526,Paarl,4014d078-e6bc-43c6-8d3a-2a96853dc6c3,"2024-08-25 14:21:49"
6edcc2ea-b6a3-4a05-b53c-cb972c61d429,"El Fuerte",f7bdbdc4-b6a6-4ce2-89f1-9c358c5a90a1,"2024-08-25 14:21:49"
6f191dc6-4b20-4745-9656-27dae581be6c,Poá,c54cb78a-6f18-4a69-a6da-cf891071719e,"2024-08-25 14:21:49"
6f33efaf-2e6f-43a3-a5ff-f94fa5b93fe7,Malmö,fb3af481-a178-4767-a0eb-4817428a8607,"2024-08-25 14:21:49"
6f5bd19a-ef00-4de5-9b25-24ae24f4e819,Rajkot,63e2ce20-ac3c-46e6-a597-675caf8f246c,"2024-08-25 14:21:50"
6f8346af-f7f0-4111-9df6-2eaccd29e2b0,Udaipur,63e2ce20-ac3c-46e6-a597-675caf8f246c,"2024-08-25 14:21:50"
7016fe43-b381-49e0-8742-7af147237c42,Tallahassee,d483795b-4820-40c7-b8d4-d53114ea07a8,"2024-08-25 14:21:50"
7110d566-20e7-4f24-8e1b-17f98633d3bc,Cianjur,c380bfa8-d10c-4d2d-a655-2492a75c42fd,"2024-08-25 14:21:49"
715e0a0d-6682-458f-ac9d-edfbea35e323,Athenai,4e30cafb-1048-4b15-a24b-a92252493c9c,"2024-08-25 14:21:49"
73d7215c-e53e-4a4b-af74-c35aaec2d538,"La Plata",d21550c4-7003-43d8-bc09-a5adbbcf8015,"2024-08-25 14:21:49"
740c0a71-947e-4e38-952a-89c96aa1ffa4,Benguela,22a52e6e-2eeb-4e4a-9452-e2e5f109bec7,"2024-08-25 14:21:49"
742438f0-e59b-4c8d-8e80-55179d55b0f3,Halle/Saale,7995b8b4-94ca-40d1-91f8-869cb740e6ec,"2024-08-25 14:21:49"
742d37f2-7876-4a16-8b85-91e1ca6ce168,Taizz,3a7c50c0-f879-4c1f-8ed9-223aef1be091,"2024-08-25 14:21:50"
74ae3319-1fe7-49b9-8936-fde7bceb5435,Cuernavaca,f7bdbdc4-b6a6-4ce2-89f1-9c358c5a90a1,"2024-08-25 14:21:49"
752bb103-4e48-4c9c-aed1-045fc7de2400,Gandhinagar,63e2ce20-ac3c-46e6-a597-675caf8f246c,"2024-08-25 14:21:49"
75e16177-50ab-4ef8-ad4b-897c9d3427fa,"Berhampore (Baharampur)",63e2ce20-ac3c-46e6-a597-675caf8f246c,"2024-08-25 14:21:49"
76317c3d-8d92-418f-b919-83e570b76907,Ruse,93a0fe52-21b4-463a-b831-8a1069f086c1,"2024-08-25 14:21:50"
769592ad-ca25-49f8-8dec-e77b06df4fe8,Battambang,91f61a99-a5a0-4ed5-a3be-d8fcddd262d8,"2024-08-25 14:21:49"
76d38ac0-f9b3-4fb1-afe9-3022da798945,Pyongyang,b192e525-f443-4d22-a180-9ec0980fd703,"2024-08-25 14:21:50"
78f6c2e2-5d64-48ef-9619-413de25252bd,Nagareyama,4c680ffb-b7e6-4cf2-afc5-57d8c2ebd4cc,"2024-08-25 14:21:49"
793e8005-72c8-4f82-ba45-681e90c642f9,al-Hawiya,1583d347-e031-4183-8a29-deba9f2db81e,"2024-08-25 14:21:49"
7a3ec11a-d3d8-492c-9c53-984a47e5bbfc,Coquimbo,b39e96cb-6aa1-4149-b9ef-c644d2cb80db,"2024-08-25 14:21:49"
7a68cb2b-f812-4a87-a879-bb409d335a30,Ríobamba,9e496936-be09-480b-84bc-83ebb1be9f0e,"2024-08-25 14:21:50"
7a6a86b1-c3a8-4d06-b753-290f8f3d5feb,Asunción,5be2f926-1bc6-4e6a-b135-7e7965ff09f9,"2024-08-25 14:21:49"
7b7c272d-8856-4579-a475-a13cf4604883,Kamyšin,4863649f-cb3e-4ac3-926a-427c5a2941ee,"2024-08-25 14:21:49"
7b99e12c-ef4f-4d07-9dde-1b24de75859f,Czestochowa,146798e4-e99e-41de-9eeb-c9d06e5b7f6c,"2024-08-25 14:21:49"
7bb9aef8-1c0e-49ee-87b8-c688908dbe00,"Ourense (Orense)",9b2e548b-4a0e-4c7f-80d4-bd04c4997f55,"2024-08-25 14:21:49"
7bf88c0d-ba93-47e5-a042-5b2a33517860,Haining,90e83933-ca94-46f5-a2f1-642339889753,"2024-08-25 14:21:49"
7c3ae781-850f-49f1-9d2a-a2a56d4c0e6d,Tarlac,d65f34ef-0003-40d0-8773-d8b368e05763,"2024-08-25 14:21:50"
7c70aab6-539d-443b-8da1-4473368fbf05,"Pachuca de Soto",f7bdbdc4-b6a6-4ce2-89f1-9c358c5a90a1,"2024-08-25 14:21:49"
7c971561-6941-47b9-a835-6324569980aa,Salala,d2dd6862-56d0-441c-ab94-bedc6af1ecfd,"2024-08-25 14:21:50"
7ce87d5a-a27f-4b47-af02-8b6d18e08b74,Tegal,c380bfa8-d10c-4d2d-a655-2492a75c42fd,"2024-08-25 14:21:50"
7cea708d-f158-409c-8634-83f36bf8b234,Rancagua,b39e96cb-6aa1-4149-b9ef-c644d2cb80db,"2024-08-25 14:21:50"
7dee41b5-276b-4a58-9917-460f1d37d3cb,Brescia,995d06bc-2156-4804-8c18-712d0d48cfcd,"2024-08-25 14:21:49"
7e1069ae-49cb-471d-959e-33c640b8b050,Probolinggo,c380bfa8-d10c-4d2d-a655-2492a75c42fd,"2024-08-25 14:21:49"
7e93377f-4cff-44f6-8a5a-ea56077609a3,Southend-on-Sea,70e8c413-a91e-4b1f-960c-a8069479f946,"2024-08-25 14:21:50"
7ec05a8f-3a76-4be0-a6ca-f3d90fe32c6a,"São Leopoldo",c54cb78a-6f18-4a69-a6da-cf891071719e,"2024-08-25 14:21:50"
7efbe61a-d448-4a93-b7ad-8f4f49f7f683,Davao,d65f34ef-0003-40d0-8773-d8b368e05763,"2024-08-25 14:21:49"
7f9b28df-1160-45a0-bf76-9db9b787a1e5,"Mandi Bahauddin",0ae2eb2f-b60c-431c-9afd-55acb2bf8e51,"2024-08-25 14:21:49"
808156f1-eba3-4a59-ba18-3b23aac68f8e,Zaria,e6d080bb-b109-468a-bc04-4790c46253e5,"2024-08-25 14:21:50"
80c92f92-361f-44ed-bbad-0c80c0c7608e,Elista,4863649f-cb3e-4ac3-926a-427c5a2941ee,"2024-08-25 14:21:49"
81ac9393-8e98-468d-83de-22158f772a80,Mogiljov,f10666aa-7c05-4141-b2b3-f404c39a5901,"2024-08-25 14:21:49"
8247debc-d151-4828-aedc-3eeb05debda4,Székesfehérvár,91a1f6c4-050f-45b2-9674-530345faa77e,"2024-08-25 14:21:50"
8261c16f-7978-482c-8beb-940762e50467,Kalisz,146798e4-e99e-41de-9eeb-c9d06e5b7f6c,"2024-08-25 14:21:49"
82c3a5b7-a126-4878-9833-0e6d6c7eea06,"Dos Quebradas",a7cafc8b-ef44-49f1-9afd-529e88771cce,"2024-08-25 14:21:49"
82ea1af1-ea6c-4a16-877a-48e4d1e7ef73,Baicheng,90e83933-ca94-46f5-a2f1-642339889753,"2024-08-25 14:21:49"
834a0916-94fc-471e-ba85-aa142bf4b41b,al-Qadarif,327000cf-6b1b-499d-9f78-5b22d70c5ac5,"2024-08-25 14:21:49"
841a59fc-4e20-4622-ba0b-5983eccf2167,"El Alto",9941e842-ceca-45de-9bc0-f9ae1c9163df,"2024-08-25 14:21:49"
84659176-9c32-4c4b-ba16-8abaad953a3c,Liaocheng,90e83933-ca94-46f5-a2f1-642339889753,"2024-08-25 14:21:49"
8561baaf-53b1-44da-b227-e71dde2859da,Pontianak,c380bfa8-d10c-4d2d-a655-2492a75c42fd,"2024-08-25 14:21:49"
85ee7cea-fb88-4298-8d5e-b898562ae643,´s-Hertogenbosch,8889ca24-dbd5-48eb-bcd0-9e38edef2640,"2024-08-25 14:21:50"
86842fbe-51a8-44a1-859e-5afe5e225142,Aurora,d483795b-4820-40c7-b8d4-d53114ea07a8,"2024-08-25 14:21:49"
86f66aa3-5322-4f7c-af40-9a581db0f9dc,Gorontalo,c380bfa8-d10c-4d2d-a655-2492a75c42fd,"2024-08-25 14:21:49"
87444fd9-8058-4ec7-afb7-02abcc6d67b0,Korolev,4863649f-cb3e-4ac3-926a-427c5a2941ee,"2024-08-25 14:21:49"
87bbafe9-034e-4f6e-ba60-ebe526dba1cb,Rustenburg,4014d078-e6bc-43c6-8d3a-2a96853dc6c3,"2024-08-25 14:21:50"
885240f5-b8a6-41a0-86bd-c54e2be7d2f6,Bhimavaram,63e2ce20-ac3c-46e6-a597-675caf8f246c,"2024-08-25 14:21:49"
889426d6-3e93-4334-9ff8-adfe38c9a204,Uruapan,f7bdbdc4-b6a6-4ce2-89f1-9c358c5a90a1,"2024-08-25 14:21:50"
8970e13a-9bf4-4f93-97ab-e5a104b0b79c,Xinxiang,90e83933-ca94-46f5-a2f1-642339889753,"2024-08-25 14:21:50"
89b9f8f4-1b4f-4b1d-ae37-b8669c3c0600,Salamanca,f7bdbdc4-b6a6-4ce2-89f1-9c358c5a90a1,"2024-08-25 14:21:50"
8a2d1efc-3295-4639-b336-1e243969d49c,Qomsheh,bec18263-47b0-43f5-9d6b-b805ec528b80,"2024-08-25 14:21:50"
8c33bab4-122e-4535-b988-fd6c20a56c88,Nador,7bf36b79-c53e-4330-b4d8-33ddc9d0eaab,"2024-08-25 14:21:49"
8d25c735-b21a-4fe1-b3cb-d41ad457cbfa,Toulouse,f4b6a929-cae1-4092-9284-b0cced427d31,"2024-08-25 14:21:50"
8e049c73-c3b1-4b91-b39c-4215e34d76f3,"Phnom Penh",91f61a99-a5a0-4ed5-a3be-d8fcddd262d8,"2024-08-25 14:21:49"
8e50b4d0-c7bb-435e-bf6a-0d0dc64fce90,"Vila Velha",c54cb78a-6f18-4a69-a6da-cf891071719e,"2024-08-25 14:21:50"
8e9cbef6-68eb-47a3-a5d7-d309a78ad248,Jakarta,c380bfa8-d10c-4d2d-a655-2492a75c42fd,"2024-08-25 14:21:49"
8f02079e-5ff5-4755-bf29-6e6eef3703f6,Batman,421151ec-2990-4e00-8c1c-211bb20d0e5c,"2024-08-25 14:21:49"
90406337-a250-4556-8859-20f8e1394afc,Valparai,63e2ce20-ac3c-46e6-a597-675caf8f246c,"2024-08-25 14:21:50"
90c6e6da-3c0b-4e29-97d4-ae8cefea7d42,"Águas Lindas de Goiás",c54cb78a-6f18-4a69-a6da-cf891071719e,"2024-08-25 14:21:49"
91d883ec-76a5-470d-81f8-67dce0c23720,Haldia,63e2ce20-ac3c-46e6-a597-675caf8f246c,"2024-08-25 14:21:49"
91e7329b-330d-491a-a341-e7c4a533e735,Rizhao,90e83933-ca94-46f5-a2f1-642339889753,"2024-08-25 14:21:50"
92323cb4-aa25-4f72-8a54-f00c144ba6e4,Jinchang,90e83933-ca94-46f5-a2f1-642339889753,"2024-08-25 14:21:49"
9243df5a-cc26-489d-8102-596398a6f94c,Dzerzinsk,4863649f-cb3e-4ac3-926a-427c5a2941ee,"2024-08-25 14:21:49"
92688297-0c52-4dee-8a04-341d33d8900a,Shenzhen,90e83933-ca94-46f5-a2f1-642339889753,"2024-08-25 14:21:50"
929beb29-41d7-4b1c-b4bd-ddee38278309,Sullana,86975845-a95e-4e9b-86fe-ba0f33122bdd,"2024-08-25 14:21:50"
9336fbd1-2362-4ce9-927f-fb30770aa316,Pemalang,c380bfa8-d10c-4d2d-a655-2492a75c42fd,"2024-08-25 14:21:49"
937bec1a-e2c7-48c9-906d-d4f6ef60d36c,Baybay,d65f34ef-0003-40d0-8773-d8b368e05763,"2024-08-25 14:21:49"
93a03e4d-059e-4e5e-8149-b233e4e6d33d,Faaa,131bcde4-9751-41fb-8000-f494498de0ed,"2024-08-25 14:21:49"
9469023e-8537-4ef5-a4f4-eb517ca7be16,Lethbridge,c30f2e4b-59d8-4fda-8c66-23bc773aa664,"2024-08-25 14:21:49"
94701470-6f4f-48dc-997e-45ac4feaf3d7,Livorno,995d06bc-2156-4804-8c18-712d0d48cfcd,"2024-08-25 14:21:49"
94b3a80d-232e-4633-a5b3-b15919e95f73,Abha,1583d347-e031-4183-8a29-deba9f2db81e,"2024-08-25 14:21:48"
9550c2ce-2ff7-4fa6-93af-3826ffc329f9,"El Monte",d483795b-4820-40c7-b8d4-d53114ea07a8,"2024-08-25 14:21:49"
955563fb-f497-49d3-b4b2-345e7682454d,Witten,7995b8b4-94ca-40d1-91f8-869cb740e6ec,"2024-08-25 14:21:50"
956d1366-1bcb-480a-838a-f55f37f9371a,Higashiosaka,4c680ffb-b7e6-4cf2-afc5-57d8c2ebd4cc,"2024-08-25 14:21:49"
9579405a-a322-4ca1-a67a-846078b796b4,Uttarpara-Kotrung,63e2ce20-ac3c-46e6-a597-675caf8f246c,"2024-08-25 14:21:50"
957bdace-af2a-4742-af68-8532d2dfe566,Merlo,d21550c4-7003-43d8-bc09-a5adbbcf8015,"2024-08-25 14:21:49"
961118f1-1139-4aae-a656-b7d7fa7d41b2,Nyeri,01d9d087-05a3-45f6-bd26-d9e456ef4996,"2024-08-25 14:21:49"
96d70f80-6a2f-45af-8efb-d70b7ac196c4,"Nabereznyje Tšelny",4863649f-cb3e-4ac3-926a-427c5a2941ee,"2024-08-25 14:21:49"
96e0ed01-b665-460a-8fd8-eac291c9ffcb,Bern,588bf563-4c4d-4079-8906-bedba1f13599,"2024-08-25 14:21:49"
9760dfd4-3d00-4e25-ae41-d459d2c4f0b3,Cuautla,f7bdbdc4-b6a6-4ce2-89f1-9c358c5a90a1,"2024-08-25 14:21:49"
982f0279-1b11-454d-bd46-5e4e927e08f0,Chiayi,8bf68fc2-3b44-4d20-b1ba-5459b98e8e11,"2024-08-25 14:21:49"
983eb572-9cae-4a6f-965d-c8f6e0621bb4,"Pak Kret",856f079f-0740-4c84-9ec4-9a9b5342e4de,"2024-08-25 14:21:49"
98f6acb7-237c-43e3-bfec-f0ede525a305,"Allappuzha (Alleppey)",63e2ce20-ac3c-46e6-a597-675caf8f246c,"2024-08-25 14:21:49"
9935ed38-2478-4e53-a0aa-85782140c064,Oyo,e6d080bb-b109-468a-bc04-4790c46253e5,"2024-08-25 14:21:49"
99c9c783-0007-4a31-99e9-876b92f6ad95,Jastrzebie-Zdrój,146798e4-e99e-41de-9eeb-c9d06e5b7f6c,"2024-08-25 14:21:49"
9b19ca31-6106-4e37-b33c-2bd1921e10f2,Fuzhou,90e83933-ca94-46f5-a2f1-642339889753,"2024-08-25 14:21:49"
9b41ab5e-77c6-4943-ae37-a8b2dfa0f75f,Kilis,421151ec-2990-4e00-8c1c-211bb20d0e5c,"2024-08-25 14:21:49"
9b5ae90b-188c-43ee-8ec6-4d1024f5e9d6,Mysore,63e2ce20-ac3c-46e6-a597-675caf8f246c,"2024-08-25 14:21:49"
9b64cfaf-615e-4a09-b60d-179d0688b4b9,Karnal,63e2ce20-ac3c-46e6-a597-675caf8f246c,"2024-08-25 14:21:49"
9c34a77d-cd8d-46ec-bb43-954f2037a74b,Miraj,63e2ce20-ac3c-46e6-a597-675caf8f246c,"2024-08-25 14:21:49"
9c43f0c7-acc7-4fd9-bfea-ee1ac724abd0,Tambaram,63e2ce20-ac3c-46e6-a597-675caf8f246c,"2024-08-25 14:21:50"
9cc32dce-b9c5-46f1-85da-776371c421e0,Loja,9e496936-be09-480b-84bc-83ebb1be9f0e,"2024-08-25 14:21:49"
9d6274cb-781c-4f03-b6c2-b509f744e508,Joliet,d483795b-4820-40c7-b8d4-d53114ea07a8,"2024-08-25 14:21:49"
9dae7d9a-a2f4-4ef5-a805-34894798b80e,Hoshiarpur,63e2ce20-ac3c-46e6-a597-675caf8f246c,"2024-08-25 14:21:49"
9e20309d-c689-4a56-9636-fde3b6ca328a,Kaduna,e6d080bb-b109-468a-bc04-4790c46253e5,"2024-08-25 14:21:49"
9e2d0a14-d623-46b9-8481-6657661ff5db,Junan,90e83933-ca94-46f5-a2f1-642339889753,"2024-08-25 14:21:49"
9e824e58-e74f-43f5-802d-ed87deee2785,Carmen,f7bdbdc4-b6a6-4ce2-89f1-9c358c5a90a1,"2024-08-25 14:21:49"
9e9f43d0-1bb3-4e99-9d53-e3fd689d71de,Sasebo,4c680ffb-b7e6-4cf2-afc5-57d8c2ebd4cc,"2024-08-25 14:21:50"
a00df4a9-6079-48fe-a3f8-4fbe0728ffc7,Amersfoort,8889ca24-dbd5-48eb-bcd0-9e38edef2640,"2024-08-25 14:21:49"
a05d6dbf-bf39-45dd-889c-7552dbfa28fa,Ipoh,a08765b6-9896-4d99-a1b6-b12ab236a4c0,"2024-08-25 14:21:49"
a06571e5-cfa5-45b3-b39b-9d3cc364ef61,Ivanovo,4863649f-cb3e-4ac3-926a-427c5a2941ee,"2024-08-25 14:21:49"
a0dd805d-6dc4-454e-bc2b-a05db61a3041,Saint-Denis,77a5adb2-03fa-40e7-8044-ca8a56a8a48a,"2024-08-25 14:21:50"
a150588d-b436-4a2a-bb3c-bd1480300756,Oshawa,c30f2e4b-59d8-4fda-8c66-23bc773aa664,"2024-08-25 14:21:49"
a27ead9f-46d0-40e9-b3de-a4faaba89225,Tangail,4dfffaba-d825-4843-8c62-8890d50448f1,"2024-08-25 14:21:50"
a324b835-f996-42d6-b021-a62bc7ee8a14,Ciomas,c380bfa8-d10c-4d2d-a655-2492a75c42fd,"2024-08-25 14:21:49"
a41ea417-2661-41f6-8779-4a30218c6292,Otsu,4c680ffb-b7e6-4cf2-afc5-57d8c2ebd4cc,"2024-08-25 14:21:49"
a4209cd0-c137-46c8-9dd9-5056aaed8722,Hiroshima,4c680ffb-b7e6-4cf2-afc5-57d8c2ebd4cc,"2024-08-25 14:21:49"
a446fdbe-9687-483a-93c3-a603f086cc63,"Ocumare del Tuy",f816194f-6489-4822-ba1c-e769e0a3778b,"2024-08-25 14:21:49"
a4a5e562-4407-4691-bdcc-38296b9913f4,"Nha Trang",e044ef9d-e3da-487a-8931-07179088016a,"2024-08-25 14:21:49"
a4b5fe87-3557-4687-b16b-30f28693e6c2,Woodridge,f5310d9d-cfd2-4d17-84c3-9d6a12b33c61,"2024-08-25 14:21:50"
a501047c-fcbc-4094-8ef8-006f74637a1c,Omdurman,327000cf-6b1b-499d-9f78-5b22d70c5ac5,"2024-08-25 14:21:49"
a5971444-c4fc-4f3c-82b7-d024826dea5c,Roanoke,d483795b-4820-40c7-b8d4-d53114ea07a8,"2024-08-25 14:21:50"
a597a2a6-343b-4491-9d6e-0a804566884a,Kolpino,4863649f-cb3e-4ac3-926a-427c5a2941ee,"2024-08-25 14:21:49"
a5980147-2438-421d-a8e5-0bcd16fe0b0f,Birgunj,2c5bc389-6939-4e3c-925c-971c4bb68407,"2024-08-25 14:21:49"
a5ceaa76-78ce-416a-b3c7-072389ab6af1,Bhavnagar,63e2ce20-ac3c-46e6-a597-675caf8f246c,"2024-08-25 14:21:49"
a64febaf-0ac2-4920-b47b-46a9e42abd1c,Salinas,d483795b-4820-40c7-b8d4-d53114ea07a8,"2024-08-25 14:21:50"
a6ac4266-b15a-4bfd-8584-22d2fc41546a,Callao,86975845-a95e-4e9b-86fe-ba0f33122bdd,"2024-08-25 14:21:49"
a6d68eb5-e469-48e8-810b-62a52782d5df,"La Paz",f7bdbdc4-b6a6-4ce2-89f1-9c358c5a90a1,"2024-08-25 14:21:49"
a70dabfb-60d6-47bc-8642-46be6f1997af,"San Juan Bautista Tuxtepec",f7bdbdc4-b6a6-4ce2-89f1-9c358c5a90a1,"2024-08-25 14:21:50"
a7b3d09f-3640-49c6-b789-5ead2e16d1fc,Duisburg,7995b8b4-94ca-40d1-91f8-869cb740e6ec,"2024-08-25 14:21:49"
a8f2c89e-4484-4b2e-8256-08fc38324961,"Huejutla de Reyes",f7bdbdc4-b6a6-4ce2-89f1-9c358c5a90a1,"2024-08-25 14:21:49"
a934374b-773f-454e-9e6d-d18d02eb356b,Arlington,d483795b-4820-40c7-b8d4-d53114ea07a8,"2024-08-25 14:21:49"
a97b0aba-2b72-4ea4-be8e-701b2a338664,Erlangen,7995b8b4-94ca-40d1-91f8-869cb740e6ec,"2024-08-25 14:21:49"
a97b552d-48df-4dcd-a8c0-791578a9aece,Memphis,d483795b-4820-40c7-b8d4-d53114ea07a8,"2024-08-25 14:21:49"
a98f17c1-6cf4-4b56-9f5e-b14c936af025,Springs,4014d078-e6bc-43c6-8d3a-2a96853dc6c3,"2024-08-25 14:21:50"
aa8c7a16-bffb-4b9f-b983-b85a3b5361d7,Lipetsk,4863649f-cb3e-4ac3-926a-427c5a2941ee,"2024-08-25 14:21:49"
aab0f883-7060-421c-9cd2-015b1ba66bd3,Dallas,d483795b-4820-40c7-b8d4-d53114ea07a8,"2024-08-25 14:21:49"
ab8fc9f7-ae3f-4ec4-ae0e-6493fdaf401b,Bydgoszcz,146798e4-e99e-41de-9eeb-c9d06e5b7f6c,"2024-08-25 14:21:49"
abb29a60-2618-4c1a-8052-b051dd4e5820,"Shahr-e Kord",bec18263-47b0-43f5-9d6b-b805ec528b80,"2024-08-25 14:21:50"
abc6307a-5b97-40d7-bb33-07fdf27af933,Uluberia,63e2ce20-ac3c-46e6-a597-675caf8f246c,"2024-08-25 14:21:50"
ac2db519-c3c2-4b76-81b0-9d6e21a37480,"Kansas City",d483795b-4820-40c7-b8d4-d53114ea07a8,"2024-08-25 14:21:49"
acc4a376-574e-42c6-9883-dc3648522cd2,"Valle de Santiago",f7bdbdc4-b6a6-4ce2-89f1-9c358c5a90a1,"2024-08-25 14:21:50"
ad3864c4-5eaa-4e9d-994e-5704c774c2de,Newcastle,4014d078-e6bc-43c6-8d3a-2a96853dc6c3,"2024-08-25 14:21:49"
ad9929d9-226b-43d5-9dbd-16a33b7c94e3,Sawhaj,7d65e5a6-0d85-4b41-a0bd-f95106333823,"2024-08-25 14:21:50"
ae58916a-4969-4036-ac4d-c2cf8bd82166,Quilmes,d21550c4-7003-43d8-bc09-a5adbbcf8015,"2024-08-25 14:21:50"
aec79814-acec-45f1-9230-2931a765dcd1,Koriyama,4c680ffb-b7e6-4cf2-afc5-57d8c2ebd4cc,"2024-08-25 14:21:49"
aed595ed-45e6-4f1d-a8c4-e8d9eeef210f,Tanza,d65f34ef-0003-40d0-8773-d8b368e05763,"2024-08-25 14:21:50"
aeefc319-6167-40ea-92e7-bef028b494f7,Binzhou,90e83933-ca94-46f5-a2f1-642339889753,"2024-08-25 14:21:49"
af5ea6e2-2522-4347-bfa6-9d66fe48289c,Araçatuba,c54cb78a-6f18-4a69-a6da-cf891071719e,"2024-08-25 14:21:49"
afb7652c-61ec-47e6-bf3d-66e4065765f1,Greensboro,d483795b-4820-40c7-b8d4-d53114ea07a8,"2024-08-25 14:21:49"
afbd3f1d-3d6a-4d14-9436-370f2890092d,Huai´an,90e83933-ca94-46f5-a2f1-642339889753,"2024-08-25 14:21:49"
afdd85b1-3716-4489-b469-31cb0130af11,Maracaíbo,f816194f-6489-4822-ba1c-e769e0a3778b,"2024-08-25 14:21:49"
b060672e-10b8-46b5-9522-6566ac9fe827,"Garden Grove",d483795b-4820-40c7-b8d4-d53114ea07a8,"2024-08-25 14:21:49"
b065f4bb-3ede-4e31-8a2e-7f997d8ae0ff,Bamenda,3a5751c1-5e91-4350-8741-6c266b3364fb,"2024-08-25 14:21:49"
b08feb76-9872-41ce-b595-b3f0ae1fe34c,Laohekou,90e83933-ca94-46f5-a2f1-642339889753,"2024-08-25 14:21:49"
b100292d-8041-4c35-be15-a8c5d2e2dda5,Laredo,d483795b-4820-40c7-b8d4-d53114ea07a8,"2024-08-25 14:21:49"
b15cd4c0-e666-4059-89b9-e7c343429fd5,Pereira,a7cafc8b-ef44-49f1-9afd-529e88771cce,"2024-08-25 14:21:49"
b1955c52-ba16-4f18-99b1-f8df24c9e884,"South Hill",2edc55b4-d996-47e5-a142-d7dce6caad35,"2024-08-25 14:21:50"
b1a08ae6-1240-4a6f-8ceb-d7a179492ab9,Bratislava,ee98bbe4-4c5d-4e18-aa97-2c8f65667de0,"2024-08-25 14:21:49"
b1ab5bb8-ae38-46e3-b943-3b7c3b7dd4ed,Yaoundé,3a5751c1-5e91-4350-8741-6c266b3364fb,"2024-08-25 14:21:50"
b48a2571-fcc3-4517-9654-94fbade03192,Yingkou,90e83933-ca94-46f5-a2f1-642339889753,"2024-08-25 14:21:50"
b4af249f-6bcf-4f56-849d-440e488cf095,Fuyu,90e83933-ca94-46f5-a2f1-642339889753,"2024-08-25 14:21:49"
b4fd122e-6b6e-42be-9127-5e58141d7a4f,Botosani,c7711a0c-ddfd-4bec-9ce3-81ccceb91ac3,"2024-08-25 14:21:49"
b505faec-b0c3-4f69-96b7-45ca2762a953,Ambattur,63e2ce20-ac3c-46e6-a597-675caf8f246c,"2024-08-25 14:21:49"
b54d5684-9075-4db3-8cc7-205b4c2420a3,Tanauan,d65f34ef-0003-40d0-8773-d8b368e05763,"2024-08-25 14:21:50"
b54db722-6ac7-4c59-9568-6de1d8c7e7d0,Ife,e6d080bb-b109-468a-bc04-4790c46253e5,"2024-08-25 14:21:49"
b6623e3f-83f2-4b03-bc06-a6b67c3df99d,"Santiago de Compostela",9b2e548b-4a0e-4c7f-80d4-bd04c4997f55,"2024-08-25 14:21:50"
b6f714c1-4d1e-48e8-a951-33cf2ab79b99,Arak,bec18263-47b0-43f5-9d6b-b805ec528b80,"2024-08-25 14:21:49"
b7742266-08aa-4e6e-8c7c-4df04e46fcc7,Satna,63e2ce20-ac3c-46e6-a597-675caf8f246c,"2024-08-25 14:21:50"
b83e61ae-6c95-406e-9957-16516345d6d1,Ciparay,c380bfa8-d10c-4d2d-a655-2492a75c42fd,"2024-08-25 14:21:49"
b89dca41-16ec-4d9c-b04f-2c9acec51e73,Cuauhtémoc,f7bdbdc4-b6a6-4ce2-89f1-9c358c5a90a1,"2024-08-25 14:21:49"
b8cec1c2-ae3d-461f-95b9-4f71ebece2cb,Kamarhati,63e2ce20-ac3c-46e6-a597-675caf8f246c,"2024-08-25 14:21:49"
b8e5c89e-d8f4-44fb-9455-3e2475f10cff,Zapopan,f7bdbdc4-b6a6-4ce2-89f1-9c358c5a90a1,"2024-08-25 14:21:50"
b9087e26-84a3-48d1-ad30-cdd08254bdcd,Sumqayit,ae8e924e-d1d4-44e1-85d4-54db28b9885c,"2024-08-25 14:21:50"
b96ed62e-8fb7-4ee3-93fd-1a97d43d80be,Sanya,90e83933-ca94-46f5-a2f1-642339889753,"2024-08-25 14:21:50"
b98c74f0-20a0-4b77-9ff5-2e05e542ec6c,"Sungai Petani",a08765b6-9896-4d99-a1b6-b12ab236a4c0,"2024-08-25 14:21:50"
b9e65b14-5754-49f1-af4c-a478455cc5d7,Laiwu,90e83933-ca94-46f5-a2f1-642339889753,"2024-08-25 14:21:49"
b9f38e31-eafd-4ad0-ac8c-50d9d0659bd4,Ogbomosho,e6d080bb-b109-468a-bc04-4790c46253e5,"2024-08-25 14:21:49"
ba92ee30-8c37-46dc-a23b-324c4842aa57,Adana,421151ec-2990-4e00-8c1c-211bb20d0e5c,"2024-08-25 14:21:48"
bbcbd090-2d34-43db-b835-307d0f4031bc,Taguig,d65f34ef-0003-40d0-8773-d8b368e05763,"2024-08-25 14:21:50"
bc4cdad6-4b3e-4226-9818-92b79e35b4b9,Balurghat,63e2ce20-ac3c-46e6-a597-675caf8f246c,"2024-08-25 14:21:49"
bcbfab8c-31ce-4e97-a805-c371680dfc83,Lausanne,588bf563-4c4d-4079-8906-bedba1f13599,"2024-08-25 14:21:49"
bde00214-f68e-4b20-ab18-cf6b8045d6a5,Manchester,d483795b-4820-40c7-b8d4-d53114ea07a8,"2024-08-25 14:21:49"
bdfade6a-3af8-40db-acf1-139a407c327d,Pingxiang,90e83933-ca94-46f5-a2f1-642339889753,"2024-08-25 14:21:49"
bec79f9d-709c-4da5-97b7-265b9d52142d,Alvorada,c54cb78a-6f18-4a69-a6da-cf891071719e,"2024-08-25 14:21:49"
befa2e72-e4b4-4233-8ec3-ab64a01d4baa,Madiun,c380bfa8-d10c-4d2d-a655-2492a75c42fd,"2024-08-25 14:21:49"
bf14f3d7-8b0d-494d-b781-8441008d4153,Bhusawal,63e2ce20-ac3c-46e6-a597-675caf8f246c,"2024-08-25 14:21:49"
bf38059c-7d95-456c-86a8-dd6aa5406bfa,Ahmadnagar,63e2ce20-ac3c-46e6-a597-675caf8f246c,"2024-08-25 14:21:48"
bf513bc0-3ac1-4179-9654-60cb3a02ca59,"Valle de la Pascua",f816194f-6489-4822-ba1c-e769e0a3778b,"2024-08-25 14:21:50"
bfd5429b-1eff-43a4-ae27-20f025933a06,"Varanasi (Benares)",63e2ce20-ac3c-46e6-a597-675caf8f246c,"2024-08-25 14:21:50"
c0877242-72b1-45b4-82a5-720af075f401,Talavera,d65f34ef-0003-40d0-8773-d8b368e05763,"2024-08-25 14:21:50"
c08f6300-82d8-4043-8183-5c5ae98e9e37,Moscow,4863649f-cb3e-4ac3-926a-427c5a2941ee,"2024-08-25 14:21:49"
c1073ee2-9a6f-4399-8331-5ba27c835a43,Lincoln,d483795b-4820-40c7-b8d4-d53114ea07a8,"2024-08-25 14:21:49"
c10972e7-1d6b-4fa0-987c-3f9cf5ce9fa5,Bergamo,995d06bc-2156-4804-8c18-712d0d48cfcd,"2024-08-25 14:21:49"
c112d7a1-9b6c-4243-8f7f-7b1d766c6be5,Weifang,90e83933-ca94-46f5-a2f1-642339889753,"2024-08-25 14:21:50"
c1449f45-2845-4a17-853f-5b51af3368a0,Sharja,028135a0-1661-4824-9468-3e0f85d333c6,"2024-08-25 14:21:50"
c184c6e8-b267-4a4c-93ff-704c72a400a4,Sousse,0343f1ce-0e4c-493f-a909-61717f1f220a,"2024-08-25 14:21:50"
c1eac3b0-7366-4231-8899-cd09c2bc3df5,Tsuyama,4c680ffb-b7e6-4cf2-afc5-57d8c2ebd4cc,"2024-08-25 14:21:50"
c224a16b-710d-4fa7-af52-0f7d544d0579,Huánuco,86975845-a95e-4e9b-86fe-ba0f33122bdd,"2024-08-25 14:21:49"
c23740b6-99c7-4ad2-8dfe-40b4ec56bb9c,Tarsus,421151ec-2990-4e00-8c1c-211bb20d0e5c,"2024-08-25 14:21:50"
c2a14227-99b0-42a8-913a-eac63f96f989,Sanaa,3a7c50c0-f879-4c1f-8ed9-223aef1be091,"2024-08-25 14:21:50"
c329b35b-f659-4d8c-80cb-76bdff303531,Isesaki,4c680ffb-b7e6-4cf2-afc5-57d8c2ebd4cc,"2024-08-25 14:21:49"
c347c1c2-eada-4e17-8ca8-5224ae6b364a,Southampton,70e8c413-a91e-4b1f-960c-a8069479f946,"2024-08-25 14:21:50"
c36a2845-55cd-47be-9ef3-39707f2b9435,"Boa Vista",c54cb78a-6f18-4a69-a6da-cf891071719e,"2024-08-25 14:21:49"
c37e3092-846f-42a9-b2b3-865251e4c7e0,Gulbarga,63e2ce20-ac3c-46e6-a597-675caf8f246c,"2024-08-25 14:21:49"
c39d79ea-713d-44c4-809a-9c6c92cf6f87,Tabuk,1583d347-e031-4183-8a29-deba9f2db81e,"2024-08-25 14:21:50"
c3c72056-1d9f-474e-8241-e593a3ed6ff8,Shikarpur,0ae2eb2f-b60c-431c-9afd-55acb2bf8e51,"2024-08-25 14:21:50"
c42f72d9-c4f4-4857-9210-849e6910a58b,Jhansi,63e2ce20-ac3c-46e6-a597-675caf8f246c,"2024-08-25 14:21:49"
c442887d-a20e-49ca-8de3-f6790286dc2d,Chungho,8bf68fc2-3b44-4d20-b1ba-5459b98e8e11,"2024-08-25 14:21:49"
c48bf0a2-c1ed-4cfc-a9bb-4d1538c95a3f,"Vicente López",d21550c4-7003-43d8-bc09-a5adbbcf8015,"2024-08-25 14:21:50"
c4b0d2b1-57dc-44be-9fdf-2241fce8327c,Bellevue,d483795b-4820-40c7-b8d4-d53114ea07a8,"2024-08-25 14:21:49"
c4bd2f5b-28eb-46a0-b9eb-c593a1b40432,Mwanza,0fc4e1f1-38d8-4ef0-b482-3fb2bc98c232,"2024-08-25 14:21:49"
c50ee719-8914-43f8-928d-bece269f218e,Baku,ae8e924e-d1d4-44e1-85d4-54db28b9885c,"2024-08-25 14:21:49"
c57f4760-edf5-4b45-acff-fa159368aa28,Bhopal,63e2ce20-ac3c-46e6-a597-675caf8f246c,"2024-08-25 14:21:49"
c6000046-5bf0-40cd-80a2-0ba10a48a3a6,Beira,45014403-f93e-45e2-8f08-4786c664a40f,"2024-08-25 14:21:49"
c67e053f-0b01-456d-b1f7-63d201189cf9,Purwakarta,c380bfa8-d10c-4d2d-a655-2492a75c42fd,"2024-08-25 14:21:50"
c6a443eb-3bc2-4d70-baa2-51cd9fe12931,"Rae Bareli",63e2ce20-ac3c-46e6-a597-675caf8f246c,"2024-08-25 14:21:50"
c7fa4284-3108-4329-8b87-24c3c1246dc2,Kamakura,4c680ffb-b7e6-4cf2-afc5-57d8c2ebd4cc,"2024-08-25 14:21:49"
c811be21-4584-4f4c-96e2-f47deb9fdf2d,Šostka,2a80c702-dc97-4267-b2ce-8927172da2d2,"2024-08-25 14:21:49"
c843a518-bcf6-49bf-a37c-1d159e0ede67,Denizli,421151ec-2990-4e00-8c1c-211bb20d0e5c,"2024-08-25 14:21:49"
c861e0d1-f679-474e-b78c-86f0f460ac73,Syktyvkar,4863649f-cb3e-4ac3-926a-427c5a2941ee,"2024-08-25 14:21:50"
c951849c-96e8-4631-9eba-42ad46fa1864,Bhilwara,63e2ce20-ac3c-46e6-a597-675caf8f246c,"2024-08-25 14:21:49"
c9adde1b-780b-4e1e-95e4-e5fcf7d05133,Kaliningrad,4863649f-cb3e-4ac3-926a-427c5a2941ee,"2024-08-25 14:21:49"
cb8b5ad7-0978-429b-933e-b537812da1de,Compton,d483795b-4820-40c7-b8d4-d53114ea07a8,"2024-08-25 14:21:49"
cb92a54b-a2e6-4ab1-8d07-d40497367095,Usolje-Sibirskoje,4863649f-cb3e-4ac3-926a-427c5a2941ee,"2024-08-25 14:21:50"
cbba99dc-08ce-4026-99c3-71ecaa9c8280,Namibe,22a52e6e-2eeb-4e4a-9452-e2e5f109bec7,"2024-08-25 14:21:49"
cbf261b0-65f5-4d69-9a08-bee8a5c2f047,Lublin,146798e4-e99e-41de-9eeb-c9d06e5b7f6c,"2024-08-25 14:21:49"
ccab453c-6b09-4b38-9e91-76e03253bcc9,Balikesir,421151ec-2990-4e00-8c1c-211bb20d0e5c,"2024-08-25 14:21:49"
ce5aa36c-e0e5-427f-b36c-67f3df5f7b35,Stockport,70e8c413-a91e-4b1f-960c-a8069479f946,"2024-08-25 14:21:50"
ce69c211-2226-4791-9ee9-4753358a425e,Torreón,f7bdbdc4-b6a6-4ce2-89f1-9c358c5a90a1,"2024-08-25 14:21:50"
ce90499b-9386-4d2d-92ce-6a49d36cfdb0,Hino,4c680ffb-b7e6-4cf2-afc5-57d8c2ebd4cc,"2024-08-25 14:21:49"
cf34a94e-5fcb-4679-8d10-1e3eb5f144dd,Garland,d483795b-4820-40c7-b8d4-d53114ea07a8,"2024-08-25 14:21:49"
cf50db21-a040-4bb7-9623-da9596e0decd,"Richmond Hill",c30f2e4b-59d8-4fda-8c66-23bc773aa664,"2024-08-25 14:21:50"
cfc1d8d9-6796-48cc-a09f-c0f74b1b3e20,"Coacalco de Berriozábal",f7bdbdc4-b6a6-4ce2-89f1-9c358c5a90a1,"2024-08-25 14:21:49"
d177fba2-7e96-4c27-a882-b0caf14de0f5,Pathankot,63e2ce20-ac3c-46e6-a597-675caf8f246c,"2024-08-25 14:21:49"
d1e20be9-6ce6-465c-bbdd-d1c9c880a297,"Nam Dinh",e044ef9d-e3da-487a-8931-07179088016a,"2024-08-25 14:21:49"
d2fc0cb3-ab93-4012-868c-0a2973230a3b,"San Bernardino",d483795b-4820-40c7-b8d4-d53114ea07a8,"2024-08-25 14:21:50"
d36344c0-c644-447f-9210-ebdeffa10306,Idfu,7d65e5a6-0d85-4b41-a0bd-f95106333823,"2024-08-25 14:21:49"
d4c1b27c-e231-48c2-be59-961373563866,York,70e8c413-a91e-4b1f-960c-a8069479f946,"2024-08-25 14:21:50"
d5227c89-a197-4ce4-a62a-6111207453bd,Kamjanets-Podilskyi,2a80c702-dc97-4267-b2ce-8927172da2d2,"2024-08-25 14:21:49"
d5b26fcb-31fb-47d3-b5a8-3b5104ae8d19,Hagonoy,d65f34ef-0003-40d0-8773-d8b368e05763,"2024-08-25 14:21:49"
d610f398-b81a-43ff-8e78-1339104ff93b,Sincelejo,a7cafc8b-ef44-49f1-9afd-529e88771cce,"2024-08-25 14:21:50"
d6300694-c8ef-4122-afd4-3dfc86b72f36,Cavite,d65f34ef-0003-40d0-8773-d8b368e05763,"2024-08-25 14:21:49"
d76b7b43-e671-4610-81fc-b246eba18c6b,Matamoros,f7bdbdc4-b6a6-4ce2-89f1-9c358c5a90a1,"2024-08-25 14:21:49"
da331d62-abfe-4350-af1a-79da1903ace6,Sokoto,e6d080bb-b109-468a-bc04-4790c46253e5,"2024-08-25 14:21:50"
da872d28-a1f7-4476-ae22-455844e72f53,Matsue,4c680ffb-b7e6-4cf2-afc5-57d8c2ebd4cc,"2024-08-25 14:21:49"
da8ff3e6-8346-4f16-97d8-5f94e309c86f,Kanchrapara,63e2ce20-ac3c-46e6-a597-675caf8f246c,"2024-08-25 14:21:49"
dba38afa-aa45-469f-bbd7-cb8b8279a0ab,Gatineau,c30f2e4b-59d8-4fda-8c66-23bc773aa664,"2024-08-25 14:21:49"
ddb5e24d-abfc-4804-b3a4-1710d8884b7d,Hami,90e83933-ca94-46f5-a2f1-642339889753,"2024-08-25 14:21:49"
ddff23ac-3d25-4384-b068-76aac76e4146,Changzhou,90e83933-ca94-46f5-a2f1-642339889753,"2024-08-25 14:21:49"
de274bb5-1fe0-4e86-9401-e26420911ea3,"Cape Coral",d483795b-4820-40c7-b8d4-d53114ea07a8,"2024-08-25 14:21:49"
de63c513-3ce8-4ee0-a4f0-abfbe5003c8a,Vaduz,5ce45621-3bd0-4c8b-add7-1450a71487ac,"2024-08-25 14:21:50"
ded875c9-cedc-4a30-849b-3e7def1b87c1,"Vitória de Santo Antão",c54cb78a-6f18-4a69-a6da-cf891071719e,"2024-08-25 14:21:50"
df0faeae-8a6e-46d1-9683-e0bb401839c9,Kingstown,88340714-7878-4ea6-9c1f-97174e1d57d8,"2024-08-25 14:21:49"
e0a37376-601b-419e-87b3-6988ef4e6070,"Shubra al-Khayma",7d65e5a6-0d85-4b41-a0bd-f95106333823,"2024-08-25 14:21:50"
e15a67e1-7230-4107-a7b2-a80e7707dc9c,"Stara Zagora",93a0fe52-21b4-463a-b831-8a1069f086c1,"2024-08-25 14:21:50"
e1814530-9971-40bd-805b-65f4f1d0cc77,Vancouver,c30f2e4b-59d8-4fda-8c66-23bc773aa664,"2024-08-25 14:21:50"
e1eb3709-9bc4-4ea1-84ff-057ffc8f9795,Gingoog,d65f34ef-0003-40d0-8773-d8b368e05763,"2024-08-25 14:21:49"
e1fa13d0-925d-4de8-919e-4e816ef2cfbe,Dundee,70e8c413-a91e-4b1f-960c-a8069479f946,"2024-08-25 14:21:49"
e27fd756-eb61-4b8a-8f31-477743581c65,"Yamuna Nagar",63e2ce20-ac3c-46e6-a597-675caf8f246c,"2024-08-25 14:21:50"
e2c840aa-63a0-43c4-ad28-380a6db3cfd2,al-Qatif,1583d347-e031-4183-8a29-deba9f2db81e,"2024-08-25 14:21:49"
e5a1922e-587c-4fcb-b24c-fe0b4178e9b4,Kermanshah,bec18263-47b0-43f5-9d6b-b805ec528b80,"2024-08-25 14:21:49"
e5aced0d-b09a-410e-990b-3fe9abe76b30,Kütahya,421151ec-2990-4e00-8c1c-211bb20d0e5c,"2024-08-25 14:21:49"
e6764f72-04c8-4a4f-b97a-b491dd0d667b,Ashqelon,80db55ca-587f-44a3-bb5e-8e577bb3f173,"2024-08-25 14:21:49"
e69fcbb0-d1d9-4d66-9045-e2d76b300924,Serpuhov,4863649f-cb3e-4ac3-926a-427c5a2941ee,"2024-08-25 14:21:50"
e6b98145-46e7-4463-b587-a06562922764,Songkhla,856f079f-0740-4c84-9ec4-9a9b5342e4de,"2024-08-25 14:21:50"
e6f445b0-94c0-4f28-8c5c-cd33a1041bf0,Konotop,2a80c702-dc97-4267-b2ce-8927172da2d2,"2024-08-25 14:21:49"
e715deec-299a-47fa-a810-8ac56494a340,London,c30f2e4b-59d8-4fda-8c66-23bc773aa664,"2024-08-25 14:21:49"
e7aeb96c-a594-404c-96f1-89347c0d407b,Mannheim,7995b8b4-94ca-40d1-91f8-869cb740e6ec,"2024-08-25 14:21:49"
e91555e9-7f65-40f9-931e-571f3e413b18,Valencia,f816194f-6489-4822-ba1c-e769e0a3778b,"2024-08-25 14:21:50"
e9677ea8-3177-4759-8310-e73cacdce5c2,Akron,d483795b-4820-40c7-b8d4-d53114ea07a8,"2024-08-25 14:21:49"
e99d8156-f703-4c7a-a7a0-c77623d97aea,Baiyin,90e83933-ca94-46f5-a2f1-642339889753,"2024-08-25 14:21:49"
ea2e0c16-a798-4423-9a68-b32d8cdec7ce,Mukatševe,2a80c702-dc97-4267-b2ce-8927172da2d2,"2024-08-25 14:21:49"
eadaca8a-1972-4f55-8336-b6c56eb56235,Hubli-Dharwad,63e2ce20-ac3c-46e6-a597-675caf8f246c,"2024-08-25 14:21:49"
eba8541c-b826-4eda-86a1-a4eb59944c5f,Naçala-Porto,45014403-f93e-45e2-8f08-4786c664a40f,"2024-08-25 14:21:49"
ebfdc81c-9dda-44a6-acc2-fef26780ce53,Izumisano,4c680ffb-b7e6-4cf2-afc5-57d8c2ebd4cc,"2024-08-25 14:21:49"
ed06890a-e817-459b-9cb4-213fbf6116f5,Pavlodar,5acf0074-41ec-4a5a-b2d3-0ebed9f147ff,"2024-08-25 14:21:49"
ed4df939-6e17-45bd-97f6-a6f66912b7ea,Uijongbu,d99f7231-ca88-486f-81a8-9d3068438759,"2024-08-25 14:21:50"
ee33829d-b7f4-4ab6-8d38-bb9af51d51de,Graz,ddc282f2-3d7f-4370-bd97-cb6c13c49dea,"2024-08-25 14:21:49"
ef0e27cc-827e-4548-8d37-f2caba1eca39,Ibirité,c54cb78a-6f18-4a69-a6da-cf891071719e,"2024-08-25 14:21:49"
ef65a06d-3ad8-4f19-b25a-f43f73f3928f,Celaya,f7bdbdc4-b6a6-4ce2-89f1-9c358c5a90a1,"2024-08-25 14:21:49"
ef77d1b1-8091-43a3-994c-5fa15b246f5b,Maringá,c54cb78a-6f18-4a69-a6da-cf891071719e,"2024-08-25 14:21:49"
ef9271f6-ddbd-44ca-9279-79a8e8071a05,"Nakhon Sawan",856f079f-0740-4c84-9ec4-9a9b5342e4de,"2024-08-25 14:21:49"
efb16514-564f-4562-be6a-5f3214d0c4d5,Dongying,90e83933-ca94-46f5-a2f1-642339889753,"2024-08-25 14:21:49"
efcd8bef-16bf-46b9-8f7f-2bed711c3fc7,Mandaluyong,d65f34ef-0003-40d0-8773-d8b368e05763,"2024-08-25 14:21:49"
f00e861a-98b1-43ce-b603-6d2c7e38c6e4,Miyakonojo,4c680ffb-b7e6-4cf2-afc5-57d8c2ebd4cc,"2024-08-25 14:21:49"
f03cc3cc-8160-4a64-b825-5c67a759bc84,Ponce,900627db-49fd-4fb9-98a3-c96b415c831f,"2024-08-25 14:21:49"
f060b1b7-03b7-4c35-862d-0a22c6f69f59,"Almirante Brown",d21550c4-7003-43d8-bc09-a5adbbcf8015,"2024-08-25 14:21:49"
f075292a-0b98-49b9-9972-8f73669fc23c,Patiala,63e2ce20-ac3c-46e6-a597-675caf8f246c,"2024-08-25 14:21:49"
f2fb72df-264e-4f9a-baee-db609121f447,Iwakuni,4c680ffb-b7e6-4cf2-afc5-57d8c2ebd4cc,"2024-08-25 14:21:49"
f32d61de-9b3a-4068-9c46-b19189a6cc6a,Bijapur,63e2ce20-ac3c-46e6-a597-675caf8f246c,"2024-08-25 14:21:49"
f341ee55-cce2-437f-a61f-944a147982cd,"Bandar Seri Begawan",b486febb-a77b-49b2-9d19-eca8675fc40e,"2024-08-25 14:21:49"
f3750d2a-ec2d-4dd1-bb25-10e25efedc1d,Ranchi,63e2ce20-ac3c-46e6-a597-675caf8f246c,"2024-08-25 14:21:50"
f42a9920-ead2-4671-a58a-ed244a591a66,Tokat,421151ec-2990-4e00-8c1c-211bb20d0e5c,"2024-08-25 14:21:50"
f50127de-c3e7-4788-862e-24d7622f660c,Boksburg,4014d078-e6bc-43c6-8d3a-2a96853dc6c3,"2024-08-25 14:21:49"
f523be58-ebad-4846-b759-886877d3f0f2,"José Azueta",f7bdbdc4-b6a6-4ce2-89f1-9c358c5a90a1,"2024-08-25 14:21:49"
f59e01df-4495-4486-9e23-34aba942532c,Iligan,d65f34ef-0003-40d0-8773-d8b368e05763,"2024-08-25 14:21:49"
f5c079b1-5c43-4041-9cfa-4f44cf356530,Florencia,a7cafc8b-ef44-49f1-9afd-529e88771cce,"2024-08-25 14:21:49"
f61e9236-fdbe-4fd1-8ee0-cbfe50591d64,Ede,8889ca24-dbd5-48eb-bcd0-9e38edef2640,"2024-08-25 14:21:49"
f623a742-1c83-4fea-9c2d-66976095baac,Bilbays,7d65e5a6-0d85-4b41-a0bd-f95106333823,"2024-08-25 14:21:49"
f7465e2e-0d94-4691-8120-bcff76575008,"Palghat (Palakkad)",63e2ce20-ac3c-46e6-a597-675caf8f246c,"2024-08-25 14:21:49"
f7e8c06a-31cb-4eb7-bc86-4ec3a7c5edbc,"San Lorenzo",5be2f926-1bc6-4e6a-b135-7e7965ff09f9,"2024-08-25 14:21:50"
f8050d4b-713a-4d4e-954a-49d320cd5147,Sogamoso,a7cafc8b-ef44-49f1-9afd-529e88771cce,"2024-08-25 14:21:50"
f8b8a677-ffeb-4667-b02b-3caded1d89ab,Amroha,63e2ce20-ac3c-46e6-a597-675caf8f246c,"2024-08-25 14:21:49"
f8c2b5e0-370f-4571-8047-2e3c38cff798,Kitwe,402fcd7f-0003-4b03-884e-37cc96a3e260,"2024-08-25 14:21:49"
f8d20642-0cd8-43ff-8393-7cc494328b8b,"Abu Dhabi",028135a0-1661-4824-9468-3e0f85d333c6,"2024-08-25 14:21:48"
f9275032-8033-4dd6-8ee3-7309d7b1a34f,Southport,70e8c413-a91e-4b1f-960c-a8069479f946,"2024-08-25 14:21:50"
f9589fca-720b-4905-8e21-e436978ff473,Bislig,d65f34ef-0003-40d0-8773-d8b368e05763,"2024-08-25 14:21:49"
f960125c-3ec8-440f-a8df-376fa1f0a69f,Changhwa,8bf68fc2-3b44-4d20-b1ba-5459b98e8e11,"2024-08-25 14:21:49"
fa515f08-498b-4be7-a0c8-f196247cabac,Gaziantep,421151ec-2990-4e00-8c1c-211bb20d0e5c,"2024-08-25 14:21:49"
fadeed3c-a934-4c26-bf32-914c92f74aa9,"Kowloon and New Kowloon",da7f482a-3387-40f2-a6ad-fec542351384,"2024-08-25 14:21:49"
fb852e77-badc-4308-8fae-830c2eae4fe8,Brasília,c54cb78a-6f18-4a69-a6da-cf891071719e,"2024-08-25 14:21:49"
fbf7fdd0-eb9d-45bb-9109-e12fcf2337a6,"Aparecida de Goiânia",c54cb78a-6f18-4a69-a6da-cf891071719e,"2024-08-25 14:21:49"
fca170b9-b2ad-46ae-be85-84e182ac92aa,Sagamihara,4c680ffb-b7e6-4cf2-afc5-57d8c2ebd4cc,"2024-08-25 14:21:50"
fca2bfb1-6089-4564-8dc8-9bca5a785a2e,Najafabad,bec18263-47b0-43f5-9d6b-b805ec528b80,"2024-08-25 14:21:49"
fca83d0c-2b78-4928-a9b1-fcfccef0e3ac,"Bat Yam",80db55ca-587f-44a3-bb5e-8e577bb3f173,"2024-08-25 14:21:49"
fcc61f77-f9ad-4f13-8602-afe5c2405479,Tabora,0fc4e1f1-38d8-4ef0-b482-3fb2bc98c232,"2024-08-25 14:21:50"
fdb2bc18-8a26-4b50-9487-1f524c016214,Banjul,d8e33825-e788-4fde-af1b-3f5c6265ea6c,"2024-08-25 14:21:49"
fe210e07-6eba-4ecd-9974-2bf1f247ace4,Tšeboksary,4863649f-cb3e-4ac3-926a-427c5a2941ee,"2024-08-25 14:21:50"
fed7e490-fae4-41d8-a916-6e7e20f76140,Tuguegarao,d65f34ef-0003-40d0-8773-d8b368e05763,"2024-08-25 14:21:50"
ff1086af-cb76-4f77-b0ff-97799ba277bb,Escobar,d21550c4-7003-43d8-bc09-a5adbbcf8015,"2024-08-25 14:21:49"
ff43b23d-66f6-4abf-bb7d-bf84e978b0aa,Udine,995d06bc-2156-4804-8c18-712d0d48cfcd,"2024-08-25 14:21:50"
ff6b3e53-25ae-42a4-9e06-c42b1887b5fe,"Deba Habe",e6d080bb-b109-468a-bc04-4790c46253e5,"2024-08-25 14:21:49"
ffe2d5e6-301a-4e71-ba0e-3698bbfd1591,Belém,c54cb78a-6f18-4a69-a6da-cf891071719e,"2024-08-25 14:21:49"
