order_item_id,order_id,product_id,quantity,price
010e6301-716f-4e8b-94ec-5e10e593bbab,af01a515-1b9a-49fb-8c27-f499aec0c397,00250f949e316b885c61150158c48e56,2,598.00
014ac6ec-c8f2-44d5-b032-3deffa57a2b2,f87321ab-dad1-4d95-b8c6-20310ade81b0,00322e32b4705cfc74d73032c39a44ab,3,2100.00
014b9f1f-39be-4f12-9d02-c632962bccf3,25f01219-50ac-47d7-aabe-2b195b71a2ec,00353b508276e6f860b5760654a0bb65,1,999.00
022268ed-4a97-4c85-8780-5beb12a32c3a,0810c9bd-6924-41d6-afae-bbf0f3db1723,00322e32b4705cfc74d73032c39a44ab,2,1400.00
02c0927b-fb9b-4d9e-b205-11357098a16b,ee06f599-6b9f-4008-886c-79a3c74243f6,0022d958f1b99c82654829a85d1637f6,5,2995.00
02d3a8b2-f5fd-4884-b954-761c43b3e822,5a0c551b-b514-495d-b148-052d5d2b0a09,00353b508276e6f860b5760654a0bb65,2,1998.00
0337e54c-27fe-4952-84a2-12d981c5bc3e,145c0bbc-c66a-43e5-8444-61e39fab7ab3,003aebcdcfd3d30bfaec28207d8814bb,2,1208.00
03c6b844-974d-408c-b94d-0a67a4dd8dd0,c5026e67-c634-4040-9740-0275ed612bfb,0022d958f1b99c82654829a85d1637f6,1,599.00
051d2076-becf-41e3-b78f-a33e3cf9921b,43642ecb-5636-4460-bdd5-ff704ed37aae,00234f1417b5b1dc65feb088cf612762,5,1070.00
055fd028-22f7-417d-b240-38f5214f0bb3,a72c725a-4e83-44ec-b61a-512489306a69,002fcb4b9380b7ac8f268383fc6a47c3,5,3735.00
06900fb3-8eb8-4669-8491-0685b6fdee93,c5026e67-c634-4040-9740-0275ed612bfb,0005bbbd05785765697e048f56b9b17e,5,7745.00
06d7d223-bd8b-47c2-a68f-e5633d441a2f,2bc473e8-74d3-47a1-b497-d2cbaa4ac22d,000908502cb76d87774f769ff431606d,1,1099.00
07b88026-d36c-4534-9297-44c333c34113,0810c9bd-6924-41d6-afae-bbf0f3db1723,000908502cb76d87774f769ff431606d,4,4396.00
0886ae32-f94c-4cc3-a297-0ce8a7dec08a,af01a515-1b9a-49fb-8c27-f499aec0c397,000908502cb76d87774f769ff431606d,4,4396.00
09a0479e-6764-425c-82bf-013a5a4b8faa,f45329ac-8def-4a66-bc41-d5ea8ea9ae71,002faeb78a8673afcface4776b579a4a,1,250.00
09abb07c-708e-4997-b0dd-cbbb0fe7702b,3cea7325-3aa1-4ec7-a4ec-0c0ea742ef93,0005bbbd05785765697e048f56b9b17e,5,7745.00
09d6b79a-46a8-4318-9fdf-6100c2069563,2bc473e8-74d3-47a1-b497-d2cbaa4ac22d,0016d519d6f1aaa48e4770e6b2577334,1,399.00
0b27f30d-8c49-450f-9eb1-e8cd5cd962c1,c5026e67-c634-4040-9740-0275ed612bfb,00234f1417b5b1dc65feb088cf612762,1,214.00
0b7a9304-1676-4aff-a023-d25b88be9678,43642ecb-5636-4460-bdd5-ff704ed37aae,0005bbbd05785765697e048f56b9b17e,4,6196.00
0b8a600a-ccf9-4775-9c7b-46a15b713b6e,145c0bbc-c66a-43e5-8444-61e39fab7ab3,0024c8c4636f633a96e6b032acc179c5,5,800.00
0b9ebd18-678a-46f7-88c4-a11f51bbea51,0810c9bd-6924-41d6-afae-bbf0f3db1723,0031ba559767ebd78db849ac6df06257,3,1497.00
0bdd9c61-4e51-4dd3-bf96-57e1065f2a1b,c5026e67-c634-4040-9740-0275ed612bfb,003aebcdcfd3d30bfaec28207d8814bb,1,604.00
0e6e651e-59e9-45e5-8f13-e2bfe40379ee,25f01219-50ac-47d7-aabe-2b195b71a2ec,0001d5429cf08061039da491b1aad68d,3,3297.00
0eeed575-290a-4874-a1e3-e0f3afb40eea,ee06f599-6b9f-4008-886c-79a3c74243f6,00353b508276e6f860b5760654a0bb65,4,3996.00
0f5ceb9a-cda7-47e7-b07a-474887baefcf,0810c9bd-6924-41d6-afae-bbf0f3db1723,003aebcdcfd3d30bfaec28207d8814bb,5,3020.00
10086610-8706-4ffa-adab-bd6e08c0b18c,2bc473e8-74d3-47a1-b497-d2cbaa4ac22d,002fcb4b9380b7ac8f268383fc6a47c3,2,1494.00
1153c8c5-6bab-42dc-94c1-8bac3d010cab,3cea7325-3aa1-4ec7-a4ec-0c0ea742ef93,000908502cb76d87774f769ff431606d,3,3297.00
1189a2b7-7387-4438-b5dd-339bdf5a3de2,0810c9bd-6924-41d6-afae-bbf0f3db1723,00234f1417b5b1dc65feb088cf612762,5,1070.00
11cb18d5-7a22-4f3e-ab0d-65af22515c9a,a198ab03-2f87-437a-b204-d5419e19f151,002faeb78a8673afcface4776b579a4a,5,1250.00
1220b0bd-1b6a-439e-bfdb-b4447ed41380,5a804b0b-6f2c-4484-937a-f025307526a0,0025ce876cfed6b24f086c64b91dd51e,4,2396.00
12ad6b57-ff03-471a-bc11-a3a60f519a8e,af01a515-1b9a-49fb-8c27-f499aec0c397,002cae16ffce99194b37233ae182f62f,4,1240.00
13983568-6000-4d2c-8f79-457915fd9c40,c5026e67-c634-4040-9740-0275ed612bfb,000908502cb76d87774f769ff431606d,1,1099.00
1569f8cf-2c95-43cd-93f2-2fdf273014be,f45329ac-8def-4a66-bc41-d5ea8ea9ae71,0031ba559767ebd78db849ac6df06257,4,1996.00
16af1d35-f51c-47dc-b3ed-c3f1f6e480eb,a72c725a-4e83-44ec-b61a-512489306a69,0005bab836087ed542c5e23111078035,4,2796.00
170a7592-960d-4e58-991a-6eaac19b7df8,43642ecb-5636-4460-bdd5-ff704ed37aae,0025ce876cfed6b24f086c64b91dd51e,3,1797.00
17549f79-4420-4a69-887a-9633cbf44c6a,76aa2c4b-f018-498a-9000-a413fa3be394,00353b508276e6f860b5760654a0bb65,1,999.00
1856e141-6bd2-4d71-a2f2-be5091929c12,145c0bbc-c66a-43e5-8444-61e39fab7ab3,00234f1417b5b1dc65feb088cf612762,2,428.00
1926a8a8-c82e-44c7-9d1d-56879356e983,03f33822-d880-406c-ac5e-5cd1335fe1c6,0005bab836087ed542c5e23111078035,2,1398.00
1975d2c7-eb36-4c8f-b89f-109b0c6110ea,f87321ab-dad1-4d95-b8c6-20310ade81b0,002cae16ffce99194b37233ae182f62f,4,1240.00
19a163a1-5f35-4c5e-a41c-7181f4d0d44e,ee06f599-6b9f-4008-886c-79a3c74243f6,000908502cb76d87774f769ff431606d,3,3297.00
1a493b2b-f1be-42f2-bd5b-55c7269cb672,a198ab03-2f87-437a-b204-d5419e19f151,0022d958f1b99c82654829a85d1637f6,5,2995.00
1a81525c-2268-4b28-b6c5-76c15cacb2ab,626b33e1-5972-471e-8076-b8708ab82201,0025ce876cfed6b24f086c64b91dd51e,5,2995.00
1babf084-b16f-499a-a7d0-cfe6a4c70f3c,5a0c551b-b514-495d-b148-052d5d2b0a09,00371f6f8a517e4bcb6f8982ff46c758,5,4995.00
1bcc8811-c402-495c-ae29-dc888889f15c,3cea7325-3aa1-4ec7-a4ec-0c0ea742ef93,00322e32b4705cfc74d73032c39a44ab,3,2100.00
1cf0fd04-6834-4603-96b0-f234398b9349,5a0c551b-b514-495d-b148-052d5d2b0a09,0005bbbd05785765697e048f56b9b17e,4,6196.00
1d073942-19ce-46ed-bcf9-006d19475c35,03f33822-d880-406c-ac5e-5cd1335fe1c6,0016d519d6f1aaa48e4770e6b2577334,4,1596.00
1d8d0348-eec3-411e-8a57-e90eae071396,43642ecb-5636-4460-bdd5-ff704ed37aae,003aebcdcfd3d30bfaec28207d8814bb,5,3020.00
1df6d2e5-3014-4c16-afff-46fb8aa04ba1,f87321ab-dad1-4d95-b8c6-20310ade81b0,00371f6f8a517e4bcb6f8982ff46c758,2,1998.00
1e1ccbd5-6b18-401f-9ba0-ff6255028291,145c0bbc-c66a-43e5-8444-61e39fab7ab3,00322e32b4705cfc74d73032c39a44ab,3,2100.00
1ef7e02f-224d-4bac-86d9-ee3ff8b4b280,5a804b0b-6f2c-4484-937a-f025307526a0,002fcb4b9380b7ac8f268383fc6a47c3,2,1494.00
1f530852-730c-4eb4-9f11-85f8affe5283,03f33822-d880-406c-ac5e-5cd1335fe1c6,003aebcdcfd3d30bfaec28207d8814bb,2,1208.00
1f645bb1-86e8-43fa-b66f-069afbab3925,f87321ab-dad1-4d95-b8c6-20310ade81b0,0024c8c4636f633a96e6b032acc179c5,3,480.00
1f6aca42-b7d3-4661-86ad-835126fd16f2,ee06f599-6b9f-4008-886c-79a3c74243f6,002810df1681c552e4fc641cd1486e7f,2,1100.00
20e9afa4-9958-40bb-8eed-bc5cdaa1cc2e,5a804b0b-6f2c-4484-937a-f025307526a0,0005bab836087ed542c5e23111078035,5,3495.00
23074bba-c855-48d3-a32d-bb2aa3bbb88b,1b0cbeeb-2008-4bcb-9e82-fd6cef532561,00353b508276e6f860b5760654a0bb65,1,999.00
23dc5b53-7875-4d41-9684-32562e79d5f5,af01a515-1b9a-49fb-8c27-f499aec0c397,0001d5429cf08061039da491b1aad68d,3,3297.00
24648485-3f38-4fcf-a580-0a2610236f9a,f87321ab-dad1-4d95-b8c6-20310ade81b0,0025ce876cfed6b24f086c64b91dd51e,1,599.00
255859e0-373a-4ed1-9692-9d22b95caa54,2bc473e8-74d3-47a1-b497-d2cbaa4ac22d,002faeb78a8673afcface4776b579a4a,1,250.00
2728ab1e-5ccb-4945-8145-230b8294b97e,145c0bbc-c66a-43e5-8444-61e39fab7ab3,00250f949e316b885c61150158c48e56,3,897.00
27367e21-0c89-4b58-8d71-379b89027267,43642ecb-5636-4460-bdd5-ff704ed37aae,00353b508276e6f860b5760654a0bb65,3,2997.00
285880af-81b5-4fdc-8d56-c67c7f3c1510,43642ecb-5636-4460-bdd5-ff704ed37aae,00371f6f8a517e4bcb6f8982ff46c758,3,2997.00
28e38370-8944-4462-8105-14f8de5725bc,5a0c551b-b514-495d-b148-052d5d2b0a09,002faeb78a8673afcface4776b579a4a,5,1250.00
28fae40f-934c-4d69-aefb-a9f04152a7c3,76aa2c4b-f018-498a-9000-a413fa3be394,0005bab836087ed542c5e23111078035,3,2097.00
2966db9d-8ccc-4615-8ed2-a06a6079f581,145c0bbc-c66a-43e5-8444-61e39fab7ab3,0025ce876cfed6b24f086c64b91dd51e,5,2995.00
299f9077-e262-4d54-afd8-77aa1068ac59,0810c9bd-6924-41d6-afae-bbf0f3db1723,0001d5429cf08061039da491b1aad68d,5,5495.00
29dc291b-b21b-40de-ad37-cb2a655b9d01,ee06f599-6b9f-4008-886c-79a3c74243f6,002fcb4b9380b7ac8f268383fc6a47c3,5,3735.00
2a2fca32-02a3-43b7-b01c-119339d944a9,0810c9bd-6924-41d6-afae-bbf0f3db1723,0025ce876cfed6b24f086c64b91dd51e,2,1198.00
2abe9a10-1464-4233-9dbb-d0851ae8542a,3cea7325-3aa1-4ec7-a4ec-0c0ea742ef93,00234f1417b5b1dc65feb088cf612762,1,214.00
2b503183-8c30-4e04-a274-0b76640cabce,f45329ac-8def-4a66-bc41-d5ea8ea9ae71,00234f1417b5b1dc65feb088cf612762,1,214.00
2b8ee26e-94fb-4ebe-9780-bbcc8bddb817,af01a515-1b9a-49fb-8c27-f499aec0c397,00322e32b4705cfc74d73032c39a44ab,2,1400.00
2b9e56c0-65c6-48c7-a5a1-591bb1867d8c,2bc473e8-74d3-47a1-b497-d2cbaa4ac22d,00322e32b4705cfc74d73032c39a44ab,1,700.00
2baafe94-0421-4858-b94b-58b976c94312,f87321ab-dad1-4d95-b8c6-20310ade81b0,002faeb78a8673afcface4776b579a4a,2,500.00
2bf6ae75-5075-4d7d-8db4-02359ab8adeb,43642ecb-5636-4460-bdd5-ff704ed37aae,002faeb78a8673afcface4776b579a4a,1,250.00
2c481e96-b2dd-4124-b840-9cafabff420d,145c0bbc-c66a-43e5-8444-61e39fab7ab3,002faeb78a8673afcface4776b579a4a,5,1250.00
2c974d15-3e89-43e9-8f07-2cca6b917063,c5026e67-c634-4040-9740-0275ed612bfb,00250f949e316b885c61150158c48e56,4,1196.00
2cebae46-3e48-414e-990b-a1b7d891619d,3cea7325-3aa1-4ec7-a4ec-0c0ea742ef93,00250f949e316b885c61150158c48e56,2,598.00
2d718a31-3366-4a62-807f-9e648291940d,03f33822-d880-406c-ac5e-5cd1335fe1c6,0005bbbd05785765697e048f56b9b17e,3,4647.00
2ddf38e7-b39d-4e5a-b5c3-ac57f02beefb,1b0cbeeb-2008-4bcb-9e82-fd6cef532561,0025ce876cfed6b24f086c64b91dd51e,4,2396.00
2e7d8f3b-f3f1-4a35-b7a3-f50bdb2ecff6,76aa2c4b-f018-498a-9000-a413fa3be394,000644ee3fede4b86059b419383ff013,1,899.00
2f57ca5d-f6cc-4229-9129-764d61be209b,2bc473e8-74d3-47a1-b497-d2cbaa4ac22d,00234f1417b5b1dc65feb088cf612762,4,856.00
3005053b-7c5f-474e-aa39-ea9812d08d3c,43642ecb-5636-4460-bdd5-ff704ed37aae,000908502cb76d87774f769ff431606d,3,3297.00
301da87a-dd07-4c69-98b7-4046cc3e4702,43642ecb-5636-4460-bdd5-ff704ed37aae,000644ee3fede4b86059b419383ff013,3,2697.00
30abc09a-f63e-4de7-812f-4e718f9c6882,f87321ab-dad1-4d95-b8c6-20310ade81b0,000908502cb76d87774f769ff431606d,4,4396.00
30b607a6-8a3e-4fb7-bec9-8838a527ed3f,5a804b0b-6f2c-4484-937a-f025307526a0,0016d519d6f1aaa48e4770e6b2577334,1,399.00
31d92739-372b-44a9-abdf-7d0bad6bf2f1,c5026e67-c634-4040-9740-0275ed612bfb,000644ee3fede4b86059b419383ff013,4,3596.00
31eb220a-3d27-4fea-8d2c-2febb5a224ff,a198ab03-2f87-437a-b204-d5419e19f151,00353b508276e6f860b5760654a0bb65,3,2997.00
32045d73-d0cd-49a1-b00f-948a58f0b199,3cea7325-3aa1-4ec7-a4ec-0c0ea742ef93,0016d519d6f1aaa48e4770e6b2577334,3,1197.00
324ac2fa-778f-49e9-a2ff-b87b46fb9df5,0810c9bd-6924-41d6-afae-bbf0f3db1723,00371f6f8a517e4bcb6f8982ff46c758,4,3996.00
3270e9e2-3465-46ac-a5e5-9e0784f38ccf,a72c725a-4e83-44ec-b61a-512489306a69,00353b508276e6f860b5760654a0bb65,4,3996.00
328d23b8-ac11-4f5a-8ff6-6cb0f46ad92a,867a969f-2612-4f3d-95d7-95cde6bb2b72,0005bbbd05785765697e048f56b9b17e,2,3098.00
34876b22-8139-4055-8419-c0e6bcf5f261,2bc473e8-74d3-47a1-b497-d2cbaa4ac22d,0005bbbd05785765697e048f56b9b17e,1,1549.00
34b6a0c6-e6af-415a-b30e-5a37148f7b8e,5a0c551b-b514-495d-b148-052d5d2b0a09,00250f949e316b885c61150158c48e56,4,1196.00
35664ee3-a24a-45e7-9309-a41f3ce4e6f3,5a0c551b-b514-495d-b148-052d5d2b0a09,0022d958f1b99c82654829a85d1637f6,2,1198.00
357c5462-71f8-4ee2-9249-416d2d14b963,1b0cbeeb-2008-4bcb-9e82-fd6cef532561,000908502cb76d87774f769ff431606d,5,5495.00
3598738d-524c-485f-919a-a2027d8978ec,2bc473e8-74d3-47a1-b497-d2cbaa4ac22d,00353b508276e6f860b5760654a0bb65,1,999.00
377323d7-8b99-45fe-a598-1af29c873ccf,1b0cbeeb-2008-4bcb-9e82-fd6cef532561,00371f6f8a517e4bcb6f8982ff46c758,2,1998.00
37f44fb9-9625-4691-910e-02fb7ba89ea5,f45329ac-8def-4a66-bc41-d5ea8ea9ae71,0016d519d6f1aaa48e4770e6b2577334,5,1995.00
38a2efc3-e74f-4da8-a8ba-dbde892b3024,a198ab03-2f87-437a-b204-d5419e19f151,002fcb4b9380b7ac8f268383fc6a47c3,4,2988.00
38c21378-8d0e-46eb-a99a-c9ae7ee712f3,1b0cbeeb-2008-4bcb-9e82-fd6cef532561,0016d519d6f1aaa48e4770e6b2577334,5,1995.00
3a6b9725-7b12-4022-ad8a-95895196bdfa,5a804b0b-6f2c-4484-937a-f025307526a0,002cae16ffce99194b37233ae182f62f,4,1240.00
3b41b709-92ca-4cec-9d4c-3fcef1d74765,145c0bbc-c66a-43e5-8444-61e39fab7ab3,0001d5429cf08061039da491b1aad68d,2,2198.00
3bb7a6b0-7132-44fe-80ef-526041f634bc,867a969f-2612-4f3d-95d7-95cde6bb2b72,0031ba559767ebd78db849ac6df06257,4,1996.00
3dd02fd7-ad17-4bac-8364-ec76a6ee82c0,ee06f599-6b9f-4008-886c-79a3c74243f6,00322e32b4705cfc74d73032c39a44ab,3,2100.00
3e46694e-8b64-49e5-a9c9-2da80c63d47c,5a0c551b-b514-495d-b148-052d5d2b0a09,0016d519d6f1aaa48e4770e6b2577334,1,399.00
3e68ed9e-bd50-46fb-b1b9-6e5eadffa8ab,f45329ac-8def-4a66-bc41-d5ea8ea9ae71,00250f949e316b885c61150158c48e56,2,598.00
3e6c5ba8-3382-4cc4-b4c8-0cae68612f4c,1b0cbeeb-2008-4bcb-9e82-fd6cef532561,002fcb4b9380b7ac8f268383fc6a47c3,1,747.00
3f257f74-5574-4abc-b081-f26b35f56e30,a72c725a-4e83-44ec-b61a-512489306a69,0024c8c4636f633a96e6b032acc179c5,3,480.00
3fb94681-f03a-4174-951f-2886f28bf7d3,03f33822-d880-406c-ac5e-5cd1335fe1c6,0024c8c4636f633a96e6b032acc179c5,3,480.00
3fd69518-b9c5-48db-8bc4-839c723737f5,626b33e1-5972-471e-8076-b8708ab82201,00322e32b4705cfc74d73032c39a44ab,5,3500.00
40af8b68-5efe-4a72-bd57-fdd95fb2bb6f,867a969f-2612-4f3d-95d7-95cde6bb2b72,00353b508276e6f860b5760654a0bb65,3,2997.00
40ed8401-9ecb-4028-bdce-bf5002774551,f87321ab-dad1-4d95-b8c6-20310ade81b0,0001d5429cf08061039da491b1aad68d,1,1099.00
41592760-915c-420e-9361-6b490cd53101,145c0bbc-c66a-43e5-8444-61e39fab7ab3,0022d958f1b99c82654829a85d1637f6,5,2995.00
41c69352-babb-4754-bfc2-2b5ed6c62530,5a0c551b-b514-495d-b148-052d5d2b0a09,000908502cb76d87774f769ff431606d,1,1099.00
41fc4bd7-35ed-4a21-bff7-f88b87fd8174,a72c725a-4e83-44ec-b61a-512489306a69,0031ba559767ebd78db849ac6df06257,2,998.00
424591be-f9a9-4f1a-8349-ac32c01eebf8,a72c725a-4e83-44ec-b61a-512489306a69,002faeb78a8673afcface4776b579a4a,4,1000.00
428bee13-d385-42b8-98f7-0bace020de86,626b33e1-5972-471e-8076-b8708ab82201,0005bab836087ed542c5e23111078035,5,3495.00
42d5cc0f-48c3-4976-b22e-87b6d1f22370,3cea7325-3aa1-4ec7-a4ec-0c0ea742ef93,0022d958f1b99c82654829a85d1637f6,5,2995.00
44882ce2-5b62-4034-991e-b9e7e56a5069,af01a515-1b9a-49fb-8c27-f499aec0c397,002810df1681c552e4fc641cd1486e7f,2,1100.00
44cebf2b-0b3d-477d-8fb8-de32edfc8e43,0810c9bd-6924-41d6-afae-bbf0f3db1723,000644ee3fede4b86059b419383ff013,5,4495.00
44e0530f-bf52-4edd-8f4c-33b9d44d3496,f87321ab-dad1-4d95-b8c6-20310ade81b0,0031ba559767ebd78db849ac6df06257,4,1996.00
452326c2-8325-4816-8859-87d1bd5d7ce3,a72c725a-4e83-44ec-b61a-512489306a69,000644ee3fede4b86059b419383ff013,5,4495.00
46079325-6dc2-4c9f-b042-a548310a49be,ee06f599-6b9f-4008-886c-79a3c74243f6,0005bab836087ed542c5e23111078035,3,2097.00
46161f6b-2869-41cf-acce-66d0fbc67f52,25f01219-50ac-47d7-aabe-2b195b71a2ec,0024c8c4636f633a96e6b032acc179c5,2,320.00
46c9458e-5f05-4aff-bf69-756fa3da17c6,25f01219-50ac-47d7-aabe-2b195b71a2ec,00322e32b4705cfc74d73032c39a44ab,4,2800.00
470f15b3-f848-4f37-a485-a0292c60be7c,c5026e67-c634-4040-9740-0275ed612bfb,0016d519d6f1aaa48e4770e6b2577334,3,1197.00
4726a42b-af0b-4478-ab19-9671fc38aa39,a72c725a-4e83-44ec-b61a-512489306a69,002cae16ffce99194b37233ae182f62f,4,1240.00
4779f307-823e-435c-9af7-491313fb68f9,43642ecb-5636-4460-bdd5-ff704ed37aae,0031ba559767ebd78db849ac6df06257,4,1996.00
47a91a30-f91a-4a64-8f21-751b187c16ff,867a969f-2612-4f3d-95d7-95cde6bb2b72,000908502cb76d87774f769ff431606d,5,5495.00
47f4875e-f249-4821-8bef-b92227bed67f,ee06f599-6b9f-4008-886c-79a3c74243f6,00234f1417b5b1dc65feb088cf612762,4,856.00
47f48a79-79eb-4b9a-8182-3634c46c4768,f45329ac-8def-4a66-bc41-d5ea8ea9ae71,00371f6f8a517e4bcb6f8982ff46c758,4,3996.00
4830ec95-d6d7-443c-9461-b6e5340e55a4,25f01219-50ac-47d7-aabe-2b195b71a2ec,0005bbbd05785765697e048f56b9b17e,2,3098.00
488d886d-798b-4fa4-918e-73d789d6b935,03f33822-d880-406c-ac5e-5cd1335fe1c6,000908502cb76d87774f769ff431606d,1,1099.00
48fa5de2-24a9-49c2-8ffa-872e7f86fd37,c5026e67-c634-4040-9740-0275ed612bfb,0031ba559767ebd78db849ac6df06257,2,998.00
4a42197e-7c86-4081-968b-c3e14419fba8,ee06f599-6b9f-4008-886c-79a3c74243f6,003aebcdcfd3d30bfaec28207d8814bb,4,2416.00
4b55255e-8c73-4907-9734-43c6256f0537,626b33e1-5972-471e-8076-b8708ab82201,000908502cb76d87774f769ff431606d,4,4396.00
4b6093b2-b248-4644-9db2-045b89d4b1f7,43642ecb-5636-4460-bdd5-ff704ed37aae,0005bab836087ed542c5e23111078035,1,699.00
4bcf8180-be3f-40c5-a7de-e02afe9c4b36,43642ecb-5636-4460-bdd5-ff704ed37aae,0024c8c4636f633a96e6b032acc179c5,2,320.00
4c671a50-ed10-4e88-b503-599df9e0f183,145c0bbc-c66a-43e5-8444-61e39fab7ab3,002810df1681c552e4fc641cd1486e7f,3,1650.00
4ca33528-5fb1-483b-ab39-1c5e3f251adc,ee06f599-6b9f-4008-886c-79a3c74243f6,00250f949e316b885c61150158c48e56,1,299.00
4d2358c0-58f7-48f5-8e6c-e6c14a658819,a72c725a-4e83-44ec-b61a-512489306a69,00234f1417b5b1dc65feb088cf612762,2,428.00
4d65f376-7450-4996-a6cd-feb64332c485,f45329ac-8def-4a66-bc41-d5ea8ea9ae71,0024c8c4636f633a96e6b032acc179c5,1,160.00
4db66a5c-1f97-4ab4-a606-0efbaae135a6,76aa2c4b-f018-498a-9000-a413fa3be394,00234f1417b5b1dc65feb088cf612762,5,1070.00
4e391902-6177-4c7b-9595-b3400cf20e31,5a804b0b-6f2c-4484-937a-f025307526a0,00371f6f8a517e4bcb6f8982ff46c758,4,3996.00
4e58f78d-e303-4759-bf5c-40eaa6ce1da9,867a969f-2612-4f3d-95d7-95cde6bb2b72,0022d958f1b99c82654829a85d1637f6,5,2995.00
4f5fc18c-1893-4fca-b854-9967452e7311,2bc473e8-74d3-47a1-b497-d2cbaa4ac22d,0001d5429cf08061039da491b1aad68d,1,1099.00
50270efc-00db-49ad-8a56-5626bc1f7e8c,f87321ab-dad1-4d95-b8c6-20310ade81b0,0016d519d6f1aaa48e4770e6b2577334,1,399.00
51c96fc1-a8e4-48c1-b5f4-f17cad8d2f77,a198ab03-2f87-437a-b204-d5419e19f151,0005bab836087ed542c5e23111078035,2,1398.00
51e4a641-a96b-4c84-96ac-89581cdce2bf,145c0bbc-c66a-43e5-8444-61e39fab7ab3,000908502cb76d87774f769ff431606d,4,4396.00
525c645f-78fc-4ce5-8b91-6a10772fcab7,5a804b0b-6f2c-4484-937a-f025307526a0,00353b508276e6f860b5760654a0bb65,5,4995.00
53b3b7a0-d389-487d-a5a4-b097181dd65e,a198ab03-2f87-437a-b204-d5419e19f151,002cae16ffce99194b37233ae182f62f,3,930.00
53b5478f-0f3a-468b-bfeb-cc86331cf6a3,5a0c551b-b514-495d-b148-052d5d2b0a09,002810df1681c552e4fc641cd1486e7f,3,1650.00
54da779d-beb6-4220-9150-c4ad414e3255,867a969f-2612-4f3d-95d7-95cde6bb2b72,002810df1681c552e4fc641cd1486e7f,2,1100.00
54fb9add-a4e7-49c7-a9ae-e7a073d81d50,867a969f-2612-4f3d-95d7-95cde6bb2b72,003aebcdcfd3d30bfaec28207d8814bb,5,3020.00
550533bd-ffb2-46ed-949c-39797bb5c0ca,f45329ac-8def-4a66-bc41-d5ea8ea9ae71,00322e32b4705cfc74d73032c39a44ab,4,2800.00
55388d8a-eede-4edb-adb4-a5f3bb022e21,f87321ab-dad1-4d95-b8c6-20310ade81b0,0005bab836087ed542c5e23111078035,5,3495.00
553eb643-c1ce-4138-abca-aa501c6247ce,03f33822-d880-406c-ac5e-5cd1335fe1c6,002cae16ffce99194b37233ae182f62f,1,310.00
5544c26a-3d0f-4bc9-887a-8825e82f519d,a198ab03-2f87-437a-b204-d5419e19f151,003aebcdcfd3d30bfaec28207d8814bb,3,1812.00
5734f76b-d6c0-4e44-a22e-7573d9e1a822,0810c9bd-6924-41d6-afae-bbf0f3db1723,002cae16ffce99194b37233ae182f62f,3,930.00
57d97f1f-7b9f-4784-8702-2ee6fa0df2a7,0810c9bd-6924-41d6-afae-bbf0f3db1723,00250f949e316b885c61150158c48e56,2,598.00
598dab0f-663e-4624-a858-72350b26c7ff,2bc473e8-74d3-47a1-b497-d2cbaa4ac22d,002cae16ffce99194b37233ae182f62f,5,1550.00
59ae80fb-5f0c-4f06-8e65-08b321e9f329,43642ecb-5636-4460-bdd5-ff704ed37aae,00322e32b4705cfc74d73032c39a44ab,1,700.00
59b88dca-de08-415b-b0d2-91fc0475ce30,2bc473e8-74d3-47a1-b497-d2cbaa4ac22d,00250f949e316b885c61150158c48e56,1,299.00
5a0ebae5-b0a8-4d4c-a139-c240266d0588,af01a515-1b9a-49fb-8c27-f499aec0c397,003aebcdcfd3d30bfaec28207d8814bb,2,1208.00
5b7a6a21-8e13-4abf-b7ce-3a3be988ff09,5a804b0b-6f2c-4484-937a-f025307526a0,0005bbbd05785765697e048f56b9b17e,3,4647.00
5c658498-6d66-4dd2-8c68-48bf33177c0b,1b0cbeeb-2008-4bcb-9e82-fd6cef532561,0005bbbd05785765697e048f56b9b17e,2,3098.00
5c83a195-2ba5-4751-9e90-9a319d621590,f45329ac-8def-4a66-bc41-d5ea8ea9ae71,002fcb4b9380b7ac8f268383fc6a47c3,2,1494.00
5ce6ca62-9baa-484b-8bbc-9124292ca494,76aa2c4b-f018-498a-9000-a413fa3be394,002cae16ffce99194b37233ae182f62f,4,1240.00
5cf3f3d1-19ae-40ec-809a-2ad5a8fb65a4,626b33e1-5972-471e-8076-b8708ab82201,00353b508276e6f860b5760654a0bb65,3,2997.00
5d42990d-39cd-4784-9908-c29874fd0bed,626b33e1-5972-471e-8076-b8708ab82201,0016d519d6f1aaa48e4770e6b2577334,3,1197.00
5df5ab45-f201-4f13-8bf3-c683c60e898e,03f33822-d880-406c-ac5e-5cd1335fe1c6,0022d958f1b99c82654829a85d1637f6,1,599.00
5f350c9b-b2a5-4a66-a6b0-e009fd70e32c,5a804b0b-6f2c-4484-937a-f025307526a0,000644ee3fede4b86059b419383ff013,2,1798.00
5fb3b0b2-3c58-43dd-991f-6d78f63ac765,1b0cbeeb-2008-4bcb-9e82-fd6cef532561,00322e32b4705cfc74d73032c39a44ab,4,2800.00
5fd0d4c5-6a32-46a6-bc41-e64dff42e2a7,145c0bbc-c66a-43e5-8444-61e39fab7ab3,002fcb4b9380b7ac8f268383fc6a47c3,1,747.00
618c73f4-79cc-4263-b5ea-c115a77a06c5,25f01219-50ac-47d7-aabe-2b195b71a2ec,00371f6f8a517e4bcb6f8982ff46c758,2,1998.00
628d994d-7491-482b-b143-7ebf913fc8c1,76aa2c4b-f018-498a-9000-a413fa3be394,0001d5429cf08061039da491b1aad68d,4,4396.00
62a9673b-c4cd-4787-a436-b7c98e530999,3cea7325-3aa1-4ec7-a4ec-0c0ea742ef93,0001d5429cf08061039da491b1aad68d,4,4396.00
62b89b05-a0b2-400f-b872-54f169150797,3cea7325-3aa1-4ec7-a4ec-0c0ea742ef93,0005bab836087ed542c5e23111078035,4,2796.00
62bda372-30f1-4dea-ab43-181e52204aec,c5026e67-c634-4040-9740-0275ed612bfb,002faeb78a8673afcface4776b579a4a,2,500.00
6459cf9a-16ec-4e1a-b720-2bdd59775108,1b0cbeeb-2008-4bcb-9e82-fd6cef532561,0022d958f1b99c82654829a85d1637f6,4,2396.00
658f7ef3-1215-494e-978a-270d55acc15f,3cea7325-3aa1-4ec7-a4ec-0c0ea742ef93,003aebcdcfd3d30bfaec28207d8814bb,1,604.00
65c2f27b-264d-464e-b817-16f76a82b5a4,1b0cbeeb-2008-4bcb-9e82-fd6cef532561,002cae16ffce99194b37233ae182f62f,4,1240.00
66e517ea-3eac-4061-adf0-32eb5f96ddfc,f87321ab-dad1-4d95-b8c6-20310ade81b0,002fcb4b9380b7ac8f268383fc6a47c3,4,2988.00
67a9b7f3-f0a0-48e0-a615-cfb6cc3fe431,03f33822-d880-406c-ac5e-5cd1335fe1c6,002fcb4b9380b7ac8f268383fc6a47c3,3,2241.00
67c67856-bd8d-4d8d-814a-b553552d89b8,3cea7325-3aa1-4ec7-a4ec-0c0ea742ef93,000644ee3fede4b86059b419383ff013,1,899.00
68a63464-c57e-4090-8083-b12a8c3c5833,25f01219-50ac-47d7-aabe-2b195b71a2ec,00250f949e316b885c61150158c48e56,3,897.00
6a490d9a-9ec8-4ed9-b29a-4dd380d2af56,ee06f599-6b9f-4008-886c-79a3c74243f6,0001d5429cf08061039da491b1aad68d,1,1099.00
6b22c251-bd61-42a9-9f0d-44085802d743,03f33822-d880-406c-ac5e-5cd1335fe1c6,000644ee3fede4b86059b419383ff013,4,3596.00
6b900111-7686-4de5-beb3-f58e291caded,5a0c551b-b514-495d-b148-052d5d2b0a09,002fcb4b9380b7ac8f268383fc6a47c3,2,1494.00
6c25face-c7b2-4d30-acf1-4ee4c20f1e46,5a804b0b-6f2c-4484-937a-f025307526a0,002faeb78a8673afcface4776b579a4a,5,1250.00
6d3378e7-af6b-46b0-bbae-696f02da3fd6,626b33e1-5972-471e-8076-b8708ab82201,002faeb78a8673afcface4776b579a4a,2,500.00
6d3c2a18-42ac-4d8d-aec7-fba990ec8aca,3cea7325-3aa1-4ec7-a4ec-0c0ea742ef93,002cae16ffce99194b37233ae182f62f,2,620.00
6ee7aa83-e739-49cd-b07d-81fc9a4b2f0c,626b33e1-5972-471e-8076-b8708ab82201,003aebcdcfd3d30bfaec28207d8814bb,4,2416.00
6f97df6e-084b-44ac-b8b7-81156c6ec895,2bc473e8-74d3-47a1-b497-d2cbaa4ac22d,000644ee3fede4b86059b419383ff013,2,1798.00
6f9c9cf4-5087-439d-a608-e01abd62a9be,867a969f-2612-4f3d-95d7-95cde6bb2b72,0001d5429cf08061039da491b1aad68d,1,1099.00
6fd90c27-d313-46ae-9575-acbe5b7544f9,03f33822-d880-406c-ac5e-5cd1335fe1c6,0001d5429cf08061039da491b1aad68d,1,1099.00
707905c9-1717-45cf-85be-4a729ed1ea4f,f45329ac-8def-4a66-bc41-d5ea8ea9ae71,0022d958f1b99c82654829a85d1637f6,3,1797.00
70f0e40d-98cd-4dfd-af18-a753bde8c01c,3cea7325-3aa1-4ec7-a4ec-0c0ea742ef93,00371f6f8a517e4bcb6f8982ff46c758,3,2997.00
711bc573-8cff-4da7-950f-c522a32a83fc,3cea7325-3aa1-4ec7-a4ec-0c0ea742ef93,002810df1681c552e4fc641cd1486e7f,3,1650.00
722db09c-adc0-4868-8810-09b5dd5fdd0d,1b0cbeeb-2008-4bcb-9e82-fd6cef532561,00234f1417b5b1dc65feb088cf612762,3,642.00
732a3c11-01c1-4aff-b7ad-e26b7a5a8efc,0810c9bd-6924-41d6-afae-bbf0f3db1723,002fcb4b9380b7ac8f268383fc6a47c3,5,3735.00
74841575-9855-4648-b632-7d2f6a091365,2bc473e8-74d3-47a1-b497-d2cbaa4ac22d,0025ce876cfed6b24f086c64b91dd51e,3,1797.00
7527aaf8-0d16-4133-b0bf-9e9c58a37a3a,5a0c551b-b514-495d-b148-052d5d2b0a09,0005bab836087ed542c5e23111078035,1,699.00
75f68a2e-e798-4b65-809f-cd3df26484a1,25f01219-50ac-47d7-aabe-2b195b71a2ec,003aebcdcfd3d30bfaec28207d8814bb,2,1208.00
767ff62e-5fe8-4094-a2f3-5a194f690555,a198ab03-2f87-437a-b204-d5419e19f151,0031ba559767ebd78db849ac6df06257,3,1497.00
775d2096-7006-42c8-b205-ade4d7e7faeb,867a969f-2612-4f3d-95d7-95cde6bb2b72,0016d519d6f1aaa48e4770e6b2577334,1,399.00
7768fc5b-1920-422b-a5fd-15523a5a8ce2,25f01219-50ac-47d7-aabe-2b195b71a2ec,00234f1417b5b1dc65feb088cf612762,5,1070.00
78229400-8633-42ac-b704-36ff4ced3bba,5a0c551b-b514-495d-b148-052d5d2b0a09,00322e32b4705cfc74d73032c39a44ab,4,2800.00
794a2301-03b0-4fef-b37e-676053e96140,3cea7325-3aa1-4ec7-a4ec-0c0ea742ef93,0031ba559767ebd78db849ac6df06257,5,2495.00
7ada70c4-7d6c-4a30-85f3-d03afea32d89,af01a515-1b9a-49fb-8c27-f499aec0c397,000644ee3fede4b86059b419383ff013,3,2697.00
7c503a26-8afa-4ec4-863d-f8eb7f3d07db,626b33e1-5972-471e-8076-b8708ab82201,00250f949e316b885c61150158c48e56,1,299.00
7d012427-5053-4ac2-b165-405508334cf4,03f33822-d880-406c-ac5e-5cd1335fe1c6,00371f6f8a517e4bcb6f8982ff46c758,3,2997.00
7d1e1bd7-df2d-4e9b-8072-f0701b26728b,867a969f-2612-4f3d-95d7-95cde6bb2b72,00371f6f8a517e4bcb6f8982ff46c758,1,999.00
7d479e5f-6a44-4cc1-b379-17fc13c6b99e,867a969f-2612-4f3d-95d7-95cde6bb2b72,002cae16ffce99194b37233ae182f62f,4,1240.00
7d7454a0-2d8d-4e89-b805-327a16a55e65,f87321ab-dad1-4d95-b8c6-20310ade81b0,002810df1681c552e4fc641cd1486e7f,4,2200.00
7ea2ed65-5893-4170-a4a2-23dfe848016c,03f33822-d880-406c-ac5e-5cd1335fe1c6,00250f949e316b885c61150158c48e56,3,897.00
7ed50aaf-612d-41a4-8fad-c57ac48908cf,c5026e67-c634-4040-9740-0275ed612bfb,0001d5429cf08061039da491b1aad68d,1,1099.00
7f0a230e-0869-49c8-8068-094ef9ee9354,626b33e1-5972-471e-8076-b8708ab82201,000644ee3fede4b86059b419383ff013,4,3596.00
7fcf83b4-1c1d-44a9-909c-5c194991f88f,43642ecb-5636-4460-bdd5-ff704ed37aae,0022d958f1b99c82654829a85d1637f6,3,1797.00
7fd9346e-326b-424b-a42d-c862a2c89839,76aa2c4b-f018-498a-9000-a413fa3be394,00322e32b4705cfc74d73032c39a44ab,4,2800.00
80145fa4-f21f-4443-b67f-8a498729fde2,a72c725a-4e83-44ec-b61a-512489306a69,0016d519d6f1aaa48e4770e6b2577334,1,399.00
802aa564-d45c-486a-b549-22493f88129d,43642ecb-5636-4460-bdd5-ff704ed37aae,0001d5429cf08061039da491b1aad68d,3,3297.00
815da81d-0251-4e05-b4af-f3a55045a8dd,c5026e67-c634-4040-9740-0275ed612bfb,0025ce876cfed6b24f086c64b91dd51e,1,599.00
816aa215-fd89-4569-9132-50379d0aa203,2bc473e8-74d3-47a1-b497-d2cbaa4ac22d,003aebcdcfd3d30bfaec28207d8814bb,3,1812.00
82d20805-4cf9-42ad-a3c5-1e46f8aaf40b,1b0cbeeb-2008-4bcb-9e82-fd6cef532561,0031ba559767ebd78db849ac6df06257,3,1497.00
83051b23-1576-4700-81a6-697a0245b351,626b33e1-5972-471e-8076-b8708ab82201,0022d958f1b99c82654829a85d1637f6,4,2396.00
834896ec-aca3-4d9a-943c-cb46a05a7408,af01a515-1b9a-49fb-8c27-f499aec0c397,0005bab836087ed542c5e23111078035,2,1398.00
83712792-b22a-4971-8edf-3d7e48e95c10,3cea7325-3aa1-4ec7-a4ec-0c0ea742ef93,0024c8c4636f633a96e6b032acc179c5,3,480.00
842d973e-ab2b-4886-a68e-81a36793b6a3,f45329ac-8def-4a66-bc41-d5ea8ea9ae71,0001d5429cf08061039da491b1aad68d,3,3297.00
85888633-c2a8-4c2f-9669-b6906fa66437,25f01219-50ac-47d7-aabe-2b195b71a2ec,000908502cb76d87774f769ff431606d,4,4396.00
85c3decf-cd45-43a3-afd4-bf26819e830a,76aa2c4b-f018-498a-9000-a413fa3be394,0016d519d6f1aaa48e4770e6b2577334,5,1995.00
8710f597-8793-4dfa-8a94-57eee356601e,a198ab03-2f87-437a-b204-d5419e19f151,000908502cb76d87774f769ff431606d,3,3297.00
8826a34f-f5a1-47a0-af23-0ae45b4750f6,ee06f599-6b9f-4008-886c-79a3c74243f6,0031ba559767ebd78db849ac6df06257,2,998.00
88850a8a-d9df-4c70-a673-d294760720e6,5a0c551b-b514-495d-b148-052d5d2b0a09,0001d5429cf08061039da491b1aad68d,3,3297.00
8916fcd3-bf68-499e-b022-7f075bf5cdeb,a198ab03-2f87-437a-b204-d5419e19f151,0016d519d6f1aaa48e4770e6b2577334,5,1995.00
893f3d42-9bb6-47b4-8e68-f2984f73c198,f45329ac-8def-4a66-bc41-d5ea8ea9ae71,000644ee3fede4b86059b419383ff013,4,3596.00
896d360d-64bc-44c7-b852-d96a32badd71,f87321ab-dad1-4d95-b8c6-20310ade81b0,00353b508276e6f860b5760654a0bb65,3,2997.00
8a8c266c-46bb-46ba-a685-640522e60232,43642ecb-5636-4460-bdd5-ff704ed37aae,0016d519d6f1aaa48e4770e6b2577334,2,798.00
8b9ce0a6-ecea-47a9-b197-3c6120000c79,626b33e1-5972-471e-8076-b8708ab82201,0005bbbd05785765697e048f56b9b17e,3,4647.00
8bc653e0-7995-4b08-a13b-613161de8ee3,145c0bbc-c66a-43e5-8444-61e39fab7ab3,0016d519d6f1aaa48e4770e6b2577334,1,399.00
8cd5db29-444b-49fb-a9dd-f79d3b0cebab,145c0bbc-c66a-43e5-8444-61e39fab7ab3,0005bab836087ed542c5e23111078035,3,2097.00
8cf6915a-094e-4c01-ab69-3a277122b90d,5a0c551b-b514-495d-b148-052d5d2b0a09,0024c8c4636f633a96e6b032acc179c5,4,640.00
8d7cb4ac-e2dd-4f7c-8f24-97dd0430613e,af01a515-1b9a-49fb-8c27-f499aec0c397,0022d958f1b99c82654829a85d1637f6,1,599.00
8db2a9cc-7fad-4727-9283-1eee9c8865d5,867a969f-2612-4f3d-95d7-95cde6bb2b72,0005bab836087ed542c5e23111078035,5,3495.00
8dc9f8dd-9a38-4116-8586-f4ab651eb758,5a0c551b-b514-495d-b148-052d5d2b0a09,002cae16ffce99194b37233ae182f62f,5,1550.00
8ee5d36f-9fb4-4653-a6ff-4f8d26d88866,867a969f-2612-4f3d-95d7-95cde6bb2b72,00322e32b4705cfc74d73032c39a44ab,1,700.00
8f4fa4ae-d2e0-4040-9eaa-00508c7e2828,2bc473e8-74d3-47a1-b497-d2cbaa4ac22d,0024c8c4636f633a96e6b032acc179c5,3,480.00
8f80f7c1-3abb-42e2-9ed7-ea81f6c2be85,76aa2c4b-f018-498a-9000-a413fa3be394,00250f949e316b885c61150158c48e56,1,299.00
8f94c745-ff97-4314-adc1-d301fd062f0b,76aa2c4b-f018-498a-9000-a413fa3be394,0024c8c4636f633a96e6b032acc179c5,4,640.00
8ffdb105-4a61-407b-baae-87c35ecb00e1,5a804b0b-6f2c-4484-937a-f025307526a0,0001d5429cf08061039da491b1aad68d,4,4396.00
91a34bdf-08b8-471e-8bc1-9a04a30822bd,a72c725a-4e83-44ec-b61a-512489306a69,000908502cb76d87774f769ff431606d,5,5495.00
91b8ced9-622d-4b08-87e9-df2ebc7c661e,f87321ab-dad1-4d95-b8c6-20310ade81b0,000644ee3fede4b86059b419383ff013,1,899.00
93d0d0a0-59b4-464e-8786-9ea668e0b0db,f45329ac-8def-4a66-bc41-d5ea8ea9ae71,000908502cb76d87774f769ff431606d,4,4396.00
95130b50-f221-445a-b169-600b78b42e60,c5026e67-c634-4040-9740-0275ed612bfb,002810df1681c552e4fc641cd1486e7f,2,1100.00
95147929-f8a2-4dfc-94a7-3ca65ef3cd2a,76aa2c4b-f018-498a-9000-a413fa3be394,002faeb78a8673afcface4776b579a4a,3,750.00
95390b0f-6af8-4690-9772-88c35af30e00,25f01219-50ac-47d7-aabe-2b195b71a2ec,0025ce876cfed6b24f086c64b91dd51e,5,2995.00
964bf8d0-60ac-4c04-8ee6-cc65e018b0b3,af01a515-1b9a-49fb-8c27-f499aec0c397,0005bbbd05785765697e048f56b9b17e,3,4647.00
976dfc25-fb1b-4675-985b-c77b199fe781,a72c725a-4e83-44ec-b61a-512489306a69,003aebcdcfd3d30bfaec28207d8814bb,3,1812.00
98694130-cc5a-4ecf-b15a-8a6f92a264c4,03f33822-d880-406c-ac5e-5cd1335fe1c6,0025ce876cfed6b24f086c64b91dd51e,2,1198.00
989d4cb7-bb0e-494b-886b-cd115c3acf25,5a804b0b-6f2c-4484-937a-f025307526a0,0024c8c4636f633a96e6b032acc179c5,3,480.00
98a19f1d-42f8-4928-920b-14deceeb3303,f45329ac-8def-4a66-bc41-d5ea8ea9ae71,002cae16ffce99194b37233ae182f62f,1,310.00
99bcc78d-6131-4211-bdcd-f1625375d4bd,626b33e1-5972-471e-8076-b8708ab82201,0024c8c4636f633a96e6b032acc179c5,1,160.00
9af49554-5761-4eb6-880c-c0692d6c2c75,03f33822-d880-406c-ac5e-5cd1335fe1c6,00353b508276e6f860b5760654a0bb65,4,3996.00
9b5b87e3-798c-4ebf-933f-5a93d472e794,a198ab03-2f87-437a-b204-d5419e19f151,00234f1417b5b1dc65feb088cf612762,2,428.00
9b8485bc-a573-4e94-83dd-86045c408302,25f01219-50ac-47d7-aabe-2b195b71a2ec,002cae16ffce99194b37233ae182f62f,1,310.00
9c5ca9af-bbb5-4558-896c-a2a146cd64c8,2bc473e8-74d3-47a1-b497-d2cbaa4ac22d,0022d958f1b99c82654829a85d1637f6,5,2995.00
9c73ca38-5011-47e0-a2ff-f7ecc91435d2,f87321ab-dad1-4d95-b8c6-20310ade81b0,00250f949e316b885c61150158c48e56,5,1495.00
9e5e4caa-2273-46ae-b9df-78fa8d62442b,f45329ac-8def-4a66-bc41-d5ea8ea9ae71,0025ce876cfed6b24f086c64b91dd51e,2,1198.00
9e7a3aa8-9b62-414f-b036-515d8661223a,c5026e67-c634-4040-9740-0275ed612bfb,0005bab836087ed542c5e23111078035,3,2097.00
a109051d-f40a-42a0-9f69-e3c653a050e5,25f01219-50ac-47d7-aabe-2b195b71a2ec,0016d519d6f1aaa48e4770e6b2577334,1,399.00
a1988ad2-4f55-44f3-a497-6abaf0398a3a,af01a515-1b9a-49fb-8c27-f499aec0c397,0024c8c4636f633a96e6b032acc179c5,3,480.00
a2a7de21-48fb-40a1-8858-3546871b30a1,76aa2c4b-f018-498a-9000-a413fa3be394,0031ba559767ebd78db849ac6df06257,2,998.00
a32f9fb8-9263-4460-953e-ab9bbecffc94,5a804b0b-6f2c-4484-937a-f025307526a0,002810df1681c552e4fc641cd1486e7f,4,2200.00
a5757cbe-16fe-4abf-b980-a771c2f304b5,a198ab03-2f87-437a-b204-d5419e19f151,0025ce876cfed6b24f086c64b91dd51e,3,1797.00
a67bccdf-1614-4bda-af1b-2fd17e1c1504,f45329ac-8def-4a66-bc41-d5ea8ea9ae71,0005bbbd05785765697e048f56b9b17e,4,6196.00
a6c93b73-0212-4ec0-afae-758266c9ee34,3cea7325-3aa1-4ec7-a4ec-0c0ea742ef93,002fcb4b9380b7ac8f268383fc6a47c3,3,2241.00
a6d7c9b7-45a2-40f4-bae3-f7052170e4c7,c5026e67-c634-4040-9740-0275ed612bfb,00371f6f8a517e4bcb6f8982ff46c758,5,4995.00
a79d08d5-c5e8-4ef8-9d17-c6fbe78493d4,a72c725a-4e83-44ec-b61a-512489306a69,002810df1681c552e4fc641cd1486e7f,5,2750.00
a8ceb560-74eb-40e5-aac3-95db0377e9f1,03f33822-d880-406c-ac5e-5cd1335fe1c6,002faeb78a8673afcface4776b579a4a,2,500.00
a9186164-ccad-46a1-bb14-74b04d13d340,2bc473e8-74d3-47a1-b497-d2cbaa4ac22d,00371f6f8a517e4bcb6f8982ff46c758,5,4995.00
a96fccbd-e1ff-464d-8803-a0cc53fcfc62,03f33822-d880-406c-ac5e-5cd1335fe1c6,00322e32b4705cfc74d73032c39a44ab,5,3500.00
aa27c454-a7f5-4848-9f52-91e0c555f919,f45329ac-8def-4a66-bc41-d5ea8ea9ae71,0005bab836087ed542c5e23111078035,4,2796.00
ab019d92-f3ba-4759-b614-d4f8f9971b50,a72c725a-4e83-44ec-b61a-512489306a69,00250f949e316b885c61150158c48e56,2,598.00
abeac8d7-198a-47bc-aa3b-d676675a3c0e,2bc473e8-74d3-47a1-b497-d2cbaa4ac22d,002810df1681c552e4fc641cd1486e7f,1,550.00
ad88fd89-194b-4707-baf1-6649663a13a6,3cea7325-3aa1-4ec7-a4ec-0c0ea742ef93,00353b508276e6f860b5760654a0bb65,4,3996.00
adbc1929-e160-4b16-946f-74baa598b200,c5026e67-c634-4040-9740-0275ed612bfb,00353b508276e6f860b5760654a0bb65,5,4995.00
adee140f-f029-453e-a7a8-e5006c95b566,af01a515-1b9a-49fb-8c27-f499aec0c397,002fcb4b9380b7ac8f268383fc6a47c3,3,2241.00
adf27c86-06ce-4c22-93ef-454a729b6a26,5a0c551b-b514-495d-b148-052d5d2b0a09,0031ba559767ebd78db849ac6df06257,3,1497.00
ae1c5b63-df7c-4283-8c7c-744de385c882,ee06f599-6b9f-4008-886c-79a3c74243f6,00371f6f8a517e4bcb6f8982ff46c758,1,999.00
ae72edaa-0f8c-4164-b0b9-f07a589f49d3,5a804b0b-6f2c-4484-937a-f025307526a0,00234f1417b5b1dc65feb088cf612762,4,856.00
aea74588-0c65-4fcb-9987-10a58b2441d8,43642ecb-5636-4460-bdd5-ff704ed37aae,00250f949e316b885c61150158c48e56,2,598.00
af11ec75-82d0-4601-9fc7-09897acefbe4,5a0c551b-b514-495d-b148-052d5d2b0a09,0025ce876cfed6b24f086c64b91dd51e,5,2995.00
af9948e5-0240-412e-90dc-642891244398,5a804b0b-6f2c-4484-937a-f025307526a0,003aebcdcfd3d30bfaec28207d8814bb,3,1812.00
afc2d2e7-a27d-46f0-963a-ce1c3bbf1e83,ee06f599-6b9f-4008-886c-79a3c74243f6,0025ce876cfed6b24f086c64b91dd51e,4,2396.00
b04a8931-587a-4701-801b-cac63b725cbc,76aa2c4b-f018-498a-9000-a413fa3be394,0005bbbd05785765697e048f56b9b17e,1,1549.00
b07f5deb-6064-4cd6-8443-eadb83e95528,af01a515-1b9a-49fb-8c27-f499aec0c397,002faeb78a8673afcface4776b579a4a,4,1000.00
b0e1edd4-16f8-4431-a980-e9134897e94f,5a804b0b-6f2c-4484-937a-f025307526a0,000908502cb76d87774f769ff431606d,1,1099.00
b1768916-8e54-4dbf-8d8c-f9d2dddcbe47,af01a515-1b9a-49fb-8c27-f499aec0c397,0016d519d6f1aaa48e4770e6b2577334,1,399.00
b2511d74-b4a8-449e-91b2-4a0edcc3a50b,a198ab03-2f87-437a-b204-d5419e19f151,00250f949e316b885c61150158c48e56,4,1196.00
b309f4ef-fa7e-4297-8c48-4d1ce5448d30,626b33e1-5972-471e-8076-b8708ab82201,0001d5429cf08061039da491b1aad68d,4,4396.00
b375591a-f926-4570-8c5d-54a20283b127,1b0cbeeb-2008-4bcb-9e82-fd6cef532561,003aebcdcfd3d30bfaec28207d8814bb,1,604.00
b4602017-c69b-4a32-b201-0b9d6596ded3,f87321ab-dad1-4d95-b8c6-20310ade81b0,0005bbbd05785765697e048f56b9b17e,4,6196.00
b5fbdc25-d94f-4789-b4f1-b0abf1958e7c,867a969f-2612-4f3d-95d7-95cde6bb2b72,000644ee3fede4b86059b419383ff013,2,1798.00
b699d5fc-b7e9-48f7-95f3-e89ef38b7494,a198ab03-2f87-437a-b204-d5419e19f151,00322e32b4705cfc74d73032c39a44ab,5,3500.00
b6da0c94-ddc8-410c-b385-bc8a96e6f5d7,76aa2c4b-f018-498a-9000-a413fa3be394,002810df1681c552e4fc641cd1486e7f,4,2200.00
b725cdde-0353-4973-8d7c-a8f421da9667,0810c9bd-6924-41d6-afae-bbf0f3db1723,0005bbbd05785765697e048f56b9b17e,2,3098.00
b7cc27f6-b8fd-44ff-9dcb-140ffe9ef4b9,0810c9bd-6924-41d6-afae-bbf0f3db1723,002faeb78a8673afcface4776b579a4a,1,250.00
b7df1093-d88f-4032-aa11-26a592930235,03f33822-d880-406c-ac5e-5cd1335fe1c6,002810df1681c552e4fc641cd1486e7f,4,2200.00
b80cf5ed-f6e1-4fe2-9a8f-67eb95dc98c4,626b33e1-5972-471e-8076-b8708ab82201,002fcb4b9380b7ac8f268383fc6a47c3,2,1494.00
b82523bf-8608-4700-a4d2-bfe68d68d070,145c0bbc-c66a-43e5-8444-61e39fab7ab3,0005bbbd05785765697e048f56b9b17e,1,1549.00
b8901af2-4a88-4a8c-bb53-88a3b5c78e36,43642ecb-5636-4460-bdd5-ff704ed37aae,002810df1681c552e4fc641cd1486e7f,2,1100.00
b90bf274-e502-4e4c-b0ed-7cdab0ad6814,a72c725a-4e83-44ec-b61a-512489306a69,0005bbbd05785765697e048f56b9b17e,1,1549.00
baf6a298-3bf8-4780-938b-e5bd74250f50,0810c9bd-6924-41d6-afae-bbf0f3db1723,0022d958f1b99c82654829a85d1637f6,4,2396.00
bdd44c26-4e27-4a05-bea8-c56ab925940d,25f01219-50ac-47d7-aabe-2b195b71a2ec,002810df1681c552e4fc641cd1486e7f,3,1650.00
bdd8646c-d252-4165-be34-0f2081b86ad3,5a804b0b-6f2c-4484-937a-f025307526a0,0031ba559767ebd78db849ac6df06257,5,2495.00
bea2f85a-8202-4b6a-9187-b8001ab0a10f,af01a515-1b9a-49fb-8c27-f499aec0c397,00371f6f8a517e4bcb6f8982ff46c758,2,1998.00
c04a1875-b5b1-4b39-89a2-943949f0f123,f45329ac-8def-4a66-bc41-d5ea8ea9ae71,00353b508276e6f860b5760654a0bb65,4,3996.00
c1a80ca2-af6d-45b7-af1b-9ac4a891456e,76aa2c4b-f018-498a-9000-a413fa3be394,002fcb4b9380b7ac8f268383fc6a47c3,1,747.00
c2a0a94b-65c0-4359-81e1-99819e59a03d,1b0cbeeb-2008-4bcb-9e82-fd6cef532561,002810df1681c552e4fc641cd1486e7f,5,2750.00
c2f5c731-5379-4bdf-96ad-220b5065027a,0810c9bd-6924-41d6-afae-bbf0f3db1723,0005bab836087ed542c5e23111078035,1,699.00
c3d5b4ab-6f84-4b2b-9d47-83c7be6a9481,5a0c551b-b514-495d-b148-052d5d2b0a09,000644ee3fede4b86059b419383ff013,2,1798.00
c412ab19-48c9-4b04-a390-29d6d50c28ab,25f01219-50ac-47d7-aabe-2b195b71a2ec,002fcb4b9380b7ac8f268383fc6a47c3,2,1494.00
c4873610-ccee-4db8-acef-d9e1b4fe905d,145c0bbc-c66a-43e5-8444-61e39fab7ab3,000644ee3fede4b86059b419383ff013,2,1798.00
c54043af-3637-4d8e-b15d-f182d2e70b44,ee06f599-6b9f-4008-886c-79a3c74243f6,0016d519d6f1aaa48e4770e6b2577334,2,798.00
c59b89c1-33cd-43dd-a92d-26b908e5f993,a72c725a-4e83-44ec-b61a-512489306a69,00322e32b4705cfc74d73032c39a44ab,2,1400.00
c6be3e2f-4531-4cdd-a0e8-78b0f9e34063,867a969f-2612-4f3d-95d7-95cde6bb2b72,00234f1417b5b1dc65feb088cf612762,5,1070.00
c796c791-8f3a-4a57-975c-1585baa3831a,5a804b0b-6f2c-4484-937a-f025307526a0,0022d958f1b99c82654829a85d1637f6,1,599.00
c7ededde-4403-4b2e-ae5e-b1c6c72bd0a3,0810c9bd-6924-41d6-afae-bbf0f3db1723,0024c8c4636f633a96e6b032acc179c5,3,480.00
c8cd6144-1f0b-4a44-bc92-fdf77aec7d5e,2bc473e8-74d3-47a1-b497-d2cbaa4ac22d,0031ba559767ebd78db849ac6df06257,3,1497.00
ca66302b-f6b6-41f1-8a67-291b6f77a283,af01a515-1b9a-49fb-8c27-f499aec0c397,00353b508276e6f860b5760654a0bb65,4,3996.00
cc14f538-6afc-45ad-9c71-deb56462369e,1b0cbeeb-2008-4bcb-9e82-fd6cef532561,0001d5429cf08061039da491b1aad68d,4,4396.00
ccb7ce60-38d2-4275-b0ca-042d972beb21,76aa2c4b-f018-498a-9000-a413fa3be394,00371f6f8a517e4bcb6f8982ff46c758,2,1998.00
cd47c80b-fd59-4483-a975-d161cbef8254,c5026e67-c634-4040-9740-0275ed612bfb,002cae16ffce99194b37233ae182f62f,4,1240.00
cd8a3a6d-9115-4a6f-809b-de6ab1a5594f,af01a515-1b9a-49fb-8c27-f499aec0c397,0025ce876cfed6b24f086c64b91dd51e,2,1198.00
cdc1b157-ceb0-4290-a609-69d4ed36e0bd,af01a515-1b9a-49fb-8c27-f499aec0c397,00234f1417b5b1dc65feb088cf612762,3,642.00
d1735989-2c9f-43e2-b4d6-65dc7fdbfcc5,f45329ac-8def-4a66-bc41-d5ea8ea9ae71,002810df1681c552e4fc641cd1486e7f,1,550.00
d26fd9b5-cce1-451f-a47e-8212ee1ec45b,a198ab03-2f87-437a-b204-d5419e19f151,000644ee3fede4b86059b419383ff013,1,899.00
d32c8343-0056-4ed5-aea4-0c563b387cd4,626b33e1-5972-471e-8076-b8708ab82201,00234f1417b5b1dc65feb088cf612762,4,856.00
d337fa9d-8dd3-4a14-8a87-2ff26d96c7d8,ee06f599-6b9f-4008-886c-79a3c74243f6,0024c8c4636f633a96e6b032acc179c5,3,480.00
d3da1a24-27e8-40f4-8559-7d23101c8814,c5026e67-c634-4040-9740-0275ed612bfb,00322e32b4705cfc74d73032c39a44ab,3,2100.00
d3e07826-7099-4eda-9dae-ddf90d253cfa,145c0bbc-c66a-43e5-8444-61e39fab7ab3,002cae16ffce99194b37233ae182f62f,2,620.00
d4026a0c-0385-44b9-931f-5e90fd96091e,867a969f-2612-4f3d-95d7-95cde6bb2b72,0025ce876cfed6b24f086c64b91dd51e,5,2995.00
d45001e3-9706-4218-9f6b-96bc3b5d7682,a198ab03-2f87-437a-b204-d5419e19f151,0024c8c4636f633a96e6b032acc179c5,2,320.00
d77c4921-b10e-4ad8-a947-9c06731c87cb,f45329ac-8def-4a66-bc41-d5ea8ea9ae71,003aebcdcfd3d30bfaec28207d8814bb,3,1812.00
d7bc90a1-a73c-4713-acf3-da52fc5907e5,76aa2c4b-f018-498a-9000-a413fa3be394,0022d958f1b99c82654829a85d1637f6,5,2995.00
d7d7f833-5f20-4a5c-94d2-6ae7ac2482da,c5026e67-c634-4040-9740-0275ed612bfb,0024c8c4636f633a96e6b032acc179c5,2,320.00
d8249841-73ba-4862-b965-fc681b9ff510,145c0bbc-c66a-43e5-8444-61e39fab7ab3,00353b508276e6f860b5760654a0bb65,5,4995.00
d8377ba4-34de-40d1-b61c-1e6e258f1a2f,76aa2c4b-f018-498a-9000-a413fa3be394,0025ce876cfed6b24f086c64b91dd51e,1,599.00
d86cb0cc-265e-4ff0-ae50-8ad96df31b3f,1b0cbeeb-2008-4bcb-9e82-fd6cef532561,00250f949e316b885c61150158c48e56,4,1196.00
d8a8898f-35ac-4810-bfa9-d70b486d562b,25f01219-50ac-47d7-aabe-2b195b71a2ec,002faeb78a8673afcface4776b579a4a,2,500.00
d9038672-5672-46ec-838d-8a94b8b696cc,a72c725a-4e83-44ec-b61a-512489306a69,00371f6f8a517e4bcb6f8982ff46c758,4,3996.00
d9512569-930f-4e14-9386-d346430f7273,f87321ab-dad1-4d95-b8c6-20310ade81b0,00234f1417b5b1dc65feb088cf612762,1,214.00
d9699d80-87d7-431c-a99c-646b834bd906,43642ecb-5636-4460-bdd5-ff704ed37aae,002cae16ffce99194b37233ae182f62f,2,620.00
d96e7947-995e-4968-be55-34b528e510a8,5a0c551b-b514-495d-b148-052d5d2b0a09,00234f1417b5b1dc65feb088cf612762,1,214.00
dc011b06-dbd3-4704-8c58-ef7da1f35920,03f33822-d880-406c-ac5e-5cd1335fe1c6,00234f1417b5b1dc65feb088cf612762,3,642.00
de1521a5-349f-43c0-bd33-83107b6eefd6,626b33e1-5972-471e-8076-b8708ab82201,002cae16ffce99194b37233ae182f62f,1,310.00
de7f3e59-8902-420d-b428-f61542edbe8d,867a969f-2612-4f3d-95d7-95cde6bb2b72,002faeb78a8673afcface4776b579a4a,1,250.00
ded4be52-3b49-42c7-8ee4-c03c9bc5c081,5a804b0b-6f2c-4484-937a-f025307526a0,00322e32b4705cfc74d73032c39a44ab,3,2100.00
dfbddc7e-bbab-4e49-94dd-6f9ec71c13c5,a198ab03-2f87-437a-b204-d5419e19f151,0001d5429cf08061039da491b1aad68d,1,1099.00
e091c84e-d978-49ea-82e8-6f4e288933ed,5a0c551b-b514-495d-b148-052d5d2b0a09,003aebcdcfd3d30bfaec28207d8814bb,5,3020.00
e1ea33c6-6fbc-401c-a765-a9b434cc254e,867a969f-2612-4f3d-95d7-95cde6bb2b72,002fcb4b9380b7ac8f268383fc6a47c3,3,2241.00
e4db6d6c-b2d0-402f-9f5a-6121e5ad6620,a198ab03-2f87-437a-b204-d5419e19f151,0005bbbd05785765697e048f56b9b17e,1,1549.00
e62a2ecd-f18c-4f15-a8c7-aa34cfd86283,626b33e1-5972-471e-8076-b8708ab82201,0031ba559767ebd78db849ac6df06257,1,499.00
e743acc7-7005-44f2-a6dd-23580bbec634,1b0cbeeb-2008-4bcb-9e82-fd6cef532561,0024c8c4636f633a96e6b032acc179c5,2,320.00
e7b20251-54f6-417c-b8b9-f8be75f2a258,626b33e1-5972-471e-8076-b8708ab82201,00371f6f8a517e4bcb6f8982ff46c758,3,2997.00
e7b765d2-3d72-4ebd-b6ad-2dbb6fd56971,ee06f599-6b9f-4008-886c-79a3c74243f6,0005bbbd05785765697e048f56b9b17e,2,3098.00
e7d82d4f-264b-42a0-8c44-d0bc7b493978,2bc473e8-74d3-47a1-b497-d2cbaa4ac22d,0005bab836087ed542c5e23111078035,5,3495.00
e85b7d42-7a6f-4263-bd97-7c27da14c224,f87321ab-dad1-4d95-b8c6-20310ade81b0,003aebcdcfd3d30bfaec28207d8814bb,5,3020.00
e86891bf-a4cc-44a7-bbb8-230932f56ae4,ee06f599-6b9f-4008-886c-79a3c74243f6,002faeb78a8673afcface4776b579a4a,2,500.00
e998ab5b-882c-4f3d-bc6f-d5230c7fdaaf,a72c725a-4e83-44ec-b61a-512489306a69,0001d5429cf08061039da491b1aad68d,5,5495.00
e9f3ced8-5c67-4dd3-9809-e8f3ebf18dd9,25f01219-50ac-47d7-aabe-2b195b71a2ec,0031ba559767ebd78db849ac6df06257,5,2495.00
ea982985-f8ad-46cf-a681-d10ef09f2e70,a72c725a-4e83-44ec-b61a-512489306a69,0022d958f1b99c82654829a85d1637f6,5,2995.00
ec06c2d5-fcda-4090-bf86-39f1bd8b369c,3cea7325-3aa1-4ec7-a4ec-0c0ea742ef93,002faeb78a8673afcface4776b579a4a,3,750.00
ec875361-d92e-483d-a240-3a1374cc5f1d,3cea7325-3aa1-4ec7-a4ec-0c0ea742ef93,0025ce876cfed6b24f086c64b91dd51e,1,599.00
ecb56d7f-4a99-45a8-b28f-a7a049389d05,f87321ab-dad1-4d95-b8c6-20310ade81b0,0022d958f1b99c82654829a85d1637f6,3,1797.00
edb7ec23-e009-4d20-823d-30ab3258a739,25f01219-50ac-47d7-aabe-2b195b71a2ec,0005bab836087ed542c5e23111078035,4,2796.00
ef1b7ac7-6df2-47b6-a21c-c9b1a608dbfe,76aa2c4b-f018-498a-9000-a413fa3be394,000908502cb76d87774f769ff431606d,4,4396.00
efddf620-5a32-41ab-8d9b-a63642304c15,1b0cbeeb-2008-4bcb-9e82-fd6cef532561,000644ee3fede4b86059b419383ff013,5,4495.00
f0d3bc22-86bc-4ad6-bad5-5eb8ab42b9d7,0810c9bd-6924-41d6-afae-bbf0f3db1723,00353b508276e6f860b5760654a0bb65,4,3996.00
f0ecc4f9-603a-4a76-b814-93755885a5cf,25f01219-50ac-47d7-aabe-2b195b71a2ec,0022d958f1b99c82654829a85d1637f6,4,2396.00
f13deb4a-9359-477b-a771-fc16cb5d8f24,a72c725a-4e83-44ec-b61a-512489306a69,0025ce876cfed6b24f086c64b91dd51e,3,1797.00
f2a162e7-4a24-4c4f-bb23-93f32d2c9bb5,76aa2c4b-f018-498a-9000-a413fa3be394,003aebcdcfd3d30bfaec28207d8814bb,5,3020.00
f3704b31-8b0e-484a-8c12-47e59cb3a682,43642ecb-5636-4460-bdd5-ff704ed37aae,002fcb4b9380b7ac8f268383fc6a47c3,5,3735.00
f42bd595-80c3-4bb5-9623-b90552631b2a,a198ab03-2f87-437a-b204-d5419e19f151,002810df1681c552e4fc641cd1486e7f,1,550.00
f5a19dd4-7ab9-4dfc-998a-91d026a6ca5f,0810c9bd-6924-41d6-afae-bbf0f3db1723,0016d519d6f1aaa48e4770e6b2577334,3,1197.00
f605e197-5ca9-49d6-a06d-7c9dc10f2dcb,03f33822-d880-406c-ac5e-5cd1335fe1c6,0031ba559767ebd78db849ac6df06257,2,998.00
f67522c1-df21-4f1c-b3df-571063dac724,145c0bbc-c66a-43e5-8444-61e39fab7ab3,00371f6f8a517e4bcb6f8982ff46c758,1,999.00
f7af8e08-c706-43f4-b410-11ea9eeccbcd,1b0cbeeb-2008-4bcb-9e82-fd6cef532561,0005bab836087ed542c5e23111078035,2,1398.00
f924e5c8-ec3b-4d63-8a68-970bf5c765c7,867a969f-2612-4f3d-95d7-95cde6bb2b72,00250f949e316b885c61150158c48e56,4,1196.00
f9915b02-f697-4e9f-9936-bcc95a54e36b,ee06f599-6b9f-4008-886c-79a3c74243f6,002cae16ffce99194b37233ae182f62f,4,1240.00
f9c57b13-58ed-42fe-9c4d-6e9c47b6e9d3,145c0bbc-c66a-43e5-8444-61e39fab7ab3,0031ba559767ebd78db849ac6df06257,1,499.00
faa788c8-2b7c-41c4-80eb-b5eb8e058113,25f01219-50ac-47d7-aabe-2b195b71a2ec,000644ee3fede4b86059b419383ff013,5,4495.00
facf3e93-da9c-46db-b7fd-74ca0cd571d8,c5026e67-c634-4040-9740-0275ed612bfb,002fcb4b9380b7ac8f268383fc6a47c3,4,2988.00
fb982d56-34c7-4f0a-8d9d-960fe824a9c8,626b33e1-5972-471e-8076-b8708ab82201,002810df1681c552e4fc641cd1486e7f,3,1650.00
fc5fb4f6-3ed4-4a5d-ad0d-2941c9262c7e,0810c9bd-6924-41d6-afae-bbf0f3db1723,002810df1681c552e4fc641cd1486e7f,3,1650.00
fc95a316-1691-4d13-b48c-199bd6784037,5a804b0b-6f2c-4484-937a-f025307526a0,00250f949e316b885c61150158c48e56,1,299.00
fd31ad35-521a-4831-a347-3750cd93750e,a198ab03-2f87-437a-b204-d5419e19f151,00371f6f8a517e4bcb6f8982ff46c758,5,4995.00
feb121f0-d2f1-4369-b0bb-655446e519b2,ee06f599-6b9f-4008-886c-79a3c74243f6,000644ee3fede4b86059b419383ff013,4,3596.00
fec6d10b-fa57-44ee-bb91-49bc683787cb,867a969f-2612-4f3d-95d7-95cde6bb2b72,0024c8c4636f633a96e6b032acc179c5,4,640.00
ff441b7c-cccb-4db4-9881-a5bf9023b19f,af01a515-1b9a-49fb-8c27-f499aec0c397,0031ba559767ebd78db849ac6df06257,4,1996.00
ff4f8c17-7c48-4786-b586-94e838ea4e02,1b0cbeeb-2008-4bcb-9e82-fd6cef532561,002faeb78a8673afcface4776b579a4a,2,500.00
