wishlist_id,user_id,product_id,created_at
00126f66-4567-4f20-9d47-811699f231fb,00fcb0d4-7972-404e-bf63-d409538151b2,0025ce876cfed6b24f086c64b91dd51e,"2024-08-26 17:27:44"
00a05631-2a42-467b-9011-d31015a6beca,01eefcce-1df7-41b7-baba-3ae07122daa3,003aebcdcfd3d30bfaec28207d8814bb,"2024-08-26 17:27:44"
00eae7d2-728b-4675-8ba1-5ef8d1d9465e,05786c23-f801-43e3-b763-166cc510fc6f,002faeb78a8673afcface4776b579a4a,"2024-08-26 17:27:44"
0178867d-ef39-4213-b7ec-c16796045b8d,0129c1e5-f6c9-4e70-a472-ae10b4fb46fd,00234f1417b5b1dc65feb088cf612762,"2024-08-26 17:27:44"
01d410f6-b7db-4a19-aaaf-5af8b121b3a5,00fcb0d4-7972-404e-bf63-d409538151b2,002810df1681c552e4fc641cd1486e7f,"2024-08-26 17:27:44"
027eedb7-a829-48bc-bc6f-132c51f37cab,06e834d5-a4b6-4e63-a078-b648bb28371f,00371f6f8a517e4bcb6f8982ff46c758,"2024-08-26 17:27:44"
0373d504-1bcb-431f-9cc8-e85fb9b4354d,03057025-cdf2-4590-8a9a-abb36ec4905b,0025ce876cfed6b24f086c64b91dd51e,"2024-08-26 17:27:44"
04a58b75-7a9b-47a6-af9d-0cbdff4409ac,02e80abf-f7d5-4974-9b42-6deb06f3ed0e,002fcb4b9380b7ac8f268383fc6a47c3,"2024-08-26 17:27:44"
04c697a2-7b82-4d73-8441-51d5e6fb1e72,02b6eea3-0739-409c-b231-1ffef6f1266e,002fcb4b9380b7ac8f268383fc6a47c3,"2024-08-26 17:27:44"
057f4973-5e4e-4ab0-980b-16f8f2f7aad0,053a15d1-f34e-487d-8ef5-4b8cd8e7e518,00322e32b4705cfc74d73032c39a44ab,"2024-08-26 17:27:44"
0594e46e-735b-4804-af33-17ff1531dffe,05786c23-f801-43e3-b763-166cc510fc6f,0031ba559767ebd78db849ac6df06257,"2024-08-26 17:27:44"
0637a1ea-79ee-4b6b-8851-d3f25cdfc0d2,01eefcce-1df7-41b7-baba-3ae07122daa3,00322e32b4705cfc74d73032c39a44ab,"2024-08-26 17:27:44"
06fea34e-307e-4c70-a2e6-386541e38142,00fcb0d4-7972-404e-bf63-d409538151b2,00353b508276e6f860b5760654a0bb65,"2024-08-26 17:27:44"
073b4396-6699-4e08-b1a2-4ef8294e7b1b,03057025-cdf2-4590-8a9a-abb36ec4905b,000908502cb76d87774f769ff431606d,"2024-08-26 17:27:44"
07702a68-df97-4137-babe-8a8bba6a6a71,05786c23-f801-43e3-b763-166cc510fc6f,002fcb4b9380b7ac8f268383fc6a47c3,"2024-08-26 17:27:44"
082eb263-5e24-478a-ac7a-44d88860cffa,01eefcce-1df7-41b7-baba-3ae07122daa3,002fcb4b9380b7ac8f268383fc6a47c3,"2024-08-26 17:27:44"
08adea49-27d3-4408-9a43-9b74132fb5ba,04ef4ca3-93d7-4713-bed6-49d4025b0679,00234f1417b5b1dc65feb088cf612762,"2024-08-26 17:27:44"
08eddbb9-9853-4e34-a688-d4699c279a5c,053a15d1-f34e-487d-8ef5-4b8cd8e7e518,0005bab836087ed542c5e23111078035,"2024-08-26 17:27:44"
08fb3fb5-7bee-4700-828e-bd13ea308745,03057025-cdf2-4590-8a9a-abb36ec4905b,0024c8c4636f633a96e6b032acc179c5,"2024-08-26 17:27:44"
0937b509-e363-4e95-981c-fae4a1ec1fbd,01eefcce-1df7-41b7-baba-3ae07122daa3,000644ee3fede4b86059b419383ff013,"2024-08-26 17:27:44"
093b7223-3983-4a1e-a767-90822c494abb,064bc709-1dca-4c97-9eee-318eb66f4fe3,002fcb4b9380b7ac8f268383fc6a47c3,"2024-08-26 17:27:44"
0becbd8f-92c6-4aa1-9c54-24da6664b551,03001f7d-1e0e-4a7f-9485-5495b0fbbfa5,002cae16ffce99194b37233ae182f62f,"2024-08-26 17:27:44"
0d15230a-17c1-44a6-a01b-93a93a224c28,023923a3-0d07-4028-a200-a6ee253f09f3,0005bbbd05785765697e048f56b9b17e,"2024-08-26 17:27:44"
0d9bbf5b-2c7e-41cd-a461-0db3ab7c2b69,064bc709-1dca-4c97-9eee-318eb66f4fe3,00322e32b4705cfc74d73032c39a44ab,"2024-08-26 17:27:44"
0e26f11e-371a-46d5-8c70-fda905e76d66,0442be35-6b14-452d-83b9-4e30128487d7,00353b508276e6f860b5760654a0bb65,"2024-08-26 17:27:44"
0e74a0be-42bd-42d1-a3f7-687c2951d2bd,05aac8fc-56b0-4f70-b457-c3bbbddcd0f8,003aebcdcfd3d30bfaec28207d8814bb,"2024-08-26 17:27:44"
1300366a-a65b-41d3-a9fc-488bd5e2c4ee,02e80abf-f7d5-4974-9b42-6deb06f3ed0e,002cae16ffce99194b37233ae182f62f,"2024-08-26 17:27:44"
13fc9113-a237-4927-99d4-a581c3005178,054c8340-3127-4318-a249-3c340849848b,002cae16ffce99194b37233ae182f62f,"2024-08-26 17:27:44"
14dbb4d7-7623-4856-b415-866f5b8996ad,00fcb0d4-7972-404e-bf63-d409538151b2,0005bbbd05785765697e048f56b9b17e,"2024-08-26 17:27:44"
1583d65c-3d92-4426-b09b-31fcc8b6193e,04ef4ca3-93d7-4713-bed6-49d4025b0679,0024c8c4636f633a96e6b032acc179c5,"2024-08-26 17:27:44"
16af6ca2-ecc5-4471-ab33-f7820a6a7559,023923a3-0d07-4028-a200-a6ee253f09f3,003aebcdcfd3d30bfaec28207d8814bb,"2024-08-26 17:27:44"
1831b160-766c-4f15-ab7c-bd2fdcc6d194,0434a613-15d5-441c-b2f6-a55a58f826e5,00322e32b4705cfc74d73032c39a44ab,"2024-08-26 17:27:44"
18ac3745-064d-4b9f-954d-b72648b57d85,05aac8fc-56b0-4f70-b457-c3bbbddcd0f8,002cae16ffce99194b37233ae182f62f,"2024-08-26 17:27:44"
18e8a411-f680-4fa2-a3b2-65d170b0c455,023923a3-0d07-4028-a200-a6ee253f09f3,002faeb78a8673afcface4776b579a4a,"2024-08-26 17:27:44"
1ad68501-3cc4-42a0-8c9a-516cec5229b6,02e80abf-f7d5-4974-9b42-6deb06f3ed0e,0025ce876cfed6b24f086c64b91dd51e,"2024-08-26 17:27:44"
1b63ccd5-6ff8-44f5-aa38-bdf0cccdf188,05aac8fc-56b0-4f70-b457-c3bbbddcd0f8,0025ce876cfed6b24f086c64b91dd51e,"2024-08-26 17:27:44"
1b6b33ab-dd7f-4367-8131-5d830804cfa3,03001f7d-1e0e-4a7f-9485-5495b0fbbfa5,002faeb78a8673afcface4776b579a4a,"2024-08-26 17:27:44"
1bad31fc-aaa2-4f03-8f6c-7fef480a162b,02b6eea3-0739-409c-b231-1ffef6f1266e,000908502cb76d87774f769ff431606d,"2024-08-26 17:27:44"
1bf89bd5-ad61-44b2-b9ef-c9842a61a3c7,03001f7d-1e0e-4a7f-9485-5495b0fbbfa5,0005bbbd05785765697e048f56b9b17e,"2024-08-26 17:27:44"
1c71f641-9aab-42ec-8ef6-0c02c7192aa0,0434a613-15d5-441c-b2f6-a55a58f826e5,0022d958f1b99c82654829a85d1637f6,"2024-08-26 17:27:44"
1cd9d9c1-3237-414e-bbe2-f66981971eaa,03001f7d-1e0e-4a7f-9485-5495b0fbbfa5,0001d5429cf08061039da491b1aad68d,"2024-08-26 17:27:44"
1d691ee3-394f-4025-9837-7dc9e127dba4,0412df17-6f98-42a3-9981-37f57a7ebb3b,000908502cb76d87774f769ff431606d,"2024-08-26 17:27:44"
1e6ff627-9954-45f3-9864-f79eda514098,04ef4ca3-93d7-4713-bed6-49d4025b0679,002faeb78a8673afcface4776b579a4a,"2024-08-26 17:27:44"
1e96de52-2ab0-4f6b-931b-6885c9509187,01eefcce-1df7-41b7-baba-3ae07122daa3,0024c8c4636f633a96e6b032acc179c5,"2024-08-26 17:27:44"
1fa4b968-c4e5-4260-a09a-b4bbec361033,02b6eea3-0739-409c-b231-1ffef6f1266e,0001d5429cf08061039da491b1aad68d,"2024-08-26 17:27:44"
2085dada-9e6b-48c5-bd5f-702c17cf3ea5,068098a6-8381-43bd-b561-9500ac62be3b,0024c8c4636f633a96e6b032acc179c5,"2024-08-26 17:27:44"
21ee2185-36a2-4810-a1dd-2eef3eb99a5f,03001f7d-1e0e-4a7f-9485-5495b0fbbfa5,002810df1681c552e4fc641cd1486e7f,"2024-08-26 17:27:44"
2294da52-56db-4926-b196-acb7582eecbd,053a15d1-f34e-487d-8ef5-4b8cd8e7e518,0016d519d6f1aaa48e4770e6b2577334,"2024-08-26 17:27:44"
22a7ff9e-3957-41e0-84c6-eed5b21c2950,0412df17-6f98-42a3-9981-37f57a7ebb3b,0025ce876cfed6b24f086c64b91dd51e,"2024-08-26 17:27:44"
22cb15de-0c3e-47d2-bbfb-3ea4a7210bed,0129c1e5-f6c9-4e70-a472-ae10b4fb46fd,00353b508276e6f860b5760654a0bb65,"2024-08-26 17:27:44"
23978b3b-5108-4a7f-b7bf-2b0e80b4e8c1,0129c1e5-f6c9-4e70-a472-ae10b4fb46fd,002cae16ffce99194b37233ae182f62f,"2024-08-26 17:27:44"
249e9d47-3979-4eed-bc1e-7cd573a673a8,02b6eea3-0739-409c-b231-1ffef6f1266e,00322e32b4705cfc74d73032c39a44ab,"2024-08-26 17:27:44"
24d3c420-a073-47e6-8f57-df87fab92cda,03001f7d-1e0e-4a7f-9485-5495b0fbbfa5,000908502cb76d87774f769ff431606d,"2024-08-26 17:27:44"
25dfdd05-d782-46ee-9ff0-f6f4fe8b1003,03057025-cdf2-4590-8a9a-abb36ec4905b,00353b508276e6f860b5760654a0bb65,"2024-08-26 17:27:44"
264c9959-42d6-4092-b1aa-9e4971b8dc53,0412df17-6f98-42a3-9981-37f57a7ebb3b,0022d958f1b99c82654829a85d1637f6,"2024-08-26 17:27:44"
26919c99-f3cf-4a0d-811b-d0eaa0381814,023923a3-0d07-4028-a200-a6ee253f09f3,00250f949e316b885c61150158c48e56,"2024-08-26 17:27:44"
27b681dd-e2bf-401c-ad2f-a1d48d65606d,04ef4ca3-93d7-4713-bed6-49d4025b0679,000644ee3fede4b86059b419383ff013,"2024-08-26 17:27:44"
2843c063-f2f0-493f-887d-cf7d9f3de309,0434a613-15d5-441c-b2f6-a55a58f826e5,00371f6f8a517e4bcb6f8982ff46c758,"2024-08-26 17:27:44"
28fc4f22-dd1b-4746-be7b-e90b7a93c63e,023923a3-0d07-4028-a200-a6ee253f09f3,00353b508276e6f860b5760654a0bb65,"2024-08-26 17:27:44"
29475651-7c46-4547-8759-a06fab8fd764,04ef4ca3-93d7-4713-bed6-49d4025b0679,0031ba559767ebd78db849ac6df06257,"2024-08-26 17:27:44"
2a4e797d-f11b-435c-b1f4-d057a7edc929,03001f7d-1e0e-4a7f-9485-5495b0fbbfa5,003aebcdcfd3d30bfaec28207d8814bb,"2024-08-26 17:27:44"
2db38032-243a-4d46-a3db-aaa583e00518,0442be35-6b14-452d-83b9-4e30128487d7,0022d958f1b99c82654829a85d1637f6,"2024-08-26 17:27:44"
2de11c18-04e1-4ae7-9feb-76d3b6967cdf,0129c1e5-f6c9-4e70-a472-ae10b4fb46fd,00322e32b4705cfc74d73032c39a44ab,"2024-08-26 17:27:44"
30106767-4ac5-4e89-92d0-1715cc14aff2,0129c1e5-f6c9-4e70-a472-ae10b4fb46fd,0024c8c4636f633a96e6b032acc179c5,"2024-08-26 17:27:44"
3016e56e-0108-4941-beeb-82499c2d80c1,0442be35-6b14-452d-83b9-4e30128487d7,00234f1417b5b1dc65feb088cf612762,"2024-08-26 17:27:44"
3024b155-15f4-4d5f-bc41-3a1a8882dfbe,053a15d1-f34e-487d-8ef5-4b8cd8e7e518,00234f1417b5b1dc65feb088cf612762,"2024-08-26 17:27:44"
308b1a4b-08c1-4642-aed0-1ac637635b0c,05786c23-f801-43e3-b763-166cc510fc6f,003aebcdcfd3d30bfaec28207d8814bb,"2024-08-26 17:27:44"
31d38aac-76cf-4b20-9ea3-22f41111dec6,068098a6-8381-43bd-b561-9500ac62be3b,000644ee3fede4b86059b419383ff013,"2024-08-26 17:27:44"
329157cb-848d-406f-b864-64702809ab21,0442be35-6b14-452d-83b9-4e30128487d7,00371f6f8a517e4bcb6f8982ff46c758,"2024-08-26 17:27:44"
32a479df-3523-45af-afeb-217030de0863,023923a3-0d07-4028-a200-a6ee253f09f3,0022d958f1b99c82654829a85d1637f6,"2024-08-26 17:27:44"
32c281e2-78bc-4a80-ad2d-45c59a09508f,04ef4ca3-93d7-4713-bed6-49d4025b0679,0001d5429cf08061039da491b1aad68d,"2024-08-26 17:27:44"
32cade10-6a81-472b-ab80-a3e1a68d66e2,05786c23-f801-43e3-b763-166cc510fc6f,00234f1417b5b1dc65feb088cf612762,"2024-08-26 17:27:44"
34e38329-f99c-437c-9ce6-fffa2e10c5f9,068098a6-8381-43bd-b561-9500ac62be3b,00322e32b4705cfc74d73032c39a44ab,"2024-08-26 17:27:44"
3684d191-a82d-4e35-9207-f29be9d83dbf,02b6eea3-0739-409c-b231-1ffef6f1266e,0016d519d6f1aaa48e4770e6b2577334,"2024-08-26 17:27:44"
3716c374-bf50-4a1c-982b-24375cd4d54a,053a15d1-f34e-487d-8ef5-4b8cd8e7e518,00371f6f8a517e4bcb6f8982ff46c758,"2024-08-26 17:27:44"
37abd4cf-84da-4930-ac30-ffb1dc32a6ac,06e834d5-a4b6-4e63-a078-b648bb28371f,0001d5429cf08061039da491b1aad68d,"2024-08-26 17:27:44"
390b0587-7373-4cb3-a397-3751196fe24d,068098a6-8381-43bd-b561-9500ac62be3b,0005bbbd05785765697e048f56b9b17e,"2024-08-26 17:27:44"
3911a9f4-7498-4436-913c-9088e82859b3,03057025-cdf2-4590-8a9a-abb36ec4905b,002faeb78a8673afcface4776b579a4a,"2024-08-26 17:27:44"
392eca68-4e18-4015-97dc-013a780433b8,02b6eea3-0739-409c-b231-1ffef6f1266e,00234f1417b5b1dc65feb088cf612762,"2024-08-26 17:27:44"
3a0f0504-6773-4df8-85fe-d34f313e8643,03b7cf17-0c69-410f-b85f-d149bd0bb59e,002faeb78a8673afcface4776b579a4a,"2024-08-26 17:27:44"
3aeb1596-d49e-42d2-83f7-a42a03f25cb6,0412df17-6f98-42a3-9981-37f57a7ebb3b,002faeb78a8673afcface4776b579a4a,"2024-08-26 17:27:44"
3d883e2b-e44a-4f26-b8a9-a85165e1dbc0,068098a6-8381-43bd-b561-9500ac62be3b,00353b508276e6f860b5760654a0bb65,"2024-08-26 17:27:44"
3d93b008-bd20-4b57-90d4-70f279c5ffc1,023923a3-0d07-4028-a200-a6ee253f09f3,000908502cb76d87774f769ff431606d,"2024-08-26 17:27:44"
3df4245d-c38e-499d-930e-6f5174151f5e,05aac8fc-56b0-4f70-b457-c3bbbddcd0f8,0005bbbd05785765697e048f56b9b17e,"2024-08-26 17:27:44"
3e3d0757-f028-4a6f-a470-49152969b4cf,00fcb0d4-7972-404e-bf63-d409538151b2,00250f949e316b885c61150158c48e56,"2024-08-26 17:27:44"
3e57ab04-1044-4317-bcc9-45a7271d365a,06e834d5-a4b6-4e63-a078-b648bb28371f,0005bab836087ed542c5e23111078035,"2024-08-26 17:27:44"
3f4c9c8d-537c-4c96-bf8f-f1ae3676eb1c,05786c23-f801-43e3-b763-166cc510fc6f,00371f6f8a517e4bcb6f8982ff46c758,"2024-08-26 17:27:44"
3fcb57f0-b976-4db5-b9fc-c6c78d0fa83c,00fcb0d4-7972-404e-bf63-d409538151b2,0022d958f1b99c82654829a85d1637f6,"2024-08-26 17:27:44"
4090477f-666a-4265-8915-d4ea4e2573ff,04ef4ca3-93d7-4713-bed6-49d4025b0679,00250f949e316b885c61150158c48e56,"2024-08-26 17:27:44"
40aab49e-9e7a-4551-9c96-54e969febec8,00fcb0d4-7972-404e-bf63-d409538151b2,0024c8c4636f633a96e6b032acc179c5,"2024-08-26 17:27:44"
40b073b3-24e9-410a-9d84-7884015d2de5,01eefcce-1df7-41b7-baba-3ae07122daa3,0005bab836087ed542c5e23111078035,"2024-08-26 17:27:44"
4281c9a5-053b-4b54-a4de-e6b07589b678,03001f7d-1e0e-4a7f-9485-5495b0fbbfa5,0031ba559767ebd78db849ac6df06257,"2024-08-26 17:27:44"
431bc6a5-2022-404a-9864-6b009bf6fa48,00fcb0d4-7972-404e-bf63-d409538151b2,002fcb4b9380b7ac8f268383fc6a47c3,"2024-08-26 17:27:44"
432b8e78-4fe2-4ea3-84b5-dc32cec02fc4,054c8340-3127-4318-a249-3c340849848b,002faeb78a8673afcface4776b579a4a,"2024-08-26 17:27:44"
43eedab4-7841-48e2-b50d-6095788991ed,06e834d5-a4b6-4e63-a078-b648bb28371f,0031ba559767ebd78db849ac6df06257,"2024-08-26 17:27:44"
44ee8dfb-2107-47e9-b9fb-f4ab70fe6969,0434a613-15d5-441c-b2f6-a55a58f826e5,0001d5429cf08061039da491b1aad68d,"2024-08-26 17:27:44"
455e8303-8b68-4823-8a99-abd278f0bf13,06e834d5-a4b6-4e63-a078-b648bb28371f,0016d519d6f1aaa48e4770e6b2577334,"2024-08-26 17:27:44"
465e51d7-4668-4113-a032-05b757861822,0442be35-6b14-452d-83b9-4e30128487d7,0024c8c4636f633a96e6b032acc179c5,"2024-08-26 17:27:44"
468084d8-932a-4378-8ff8-6e62ea7b9144,0412df17-6f98-42a3-9981-37f57a7ebb3b,000644ee3fede4b86059b419383ff013,"2024-08-26 17:27:44"
474387ce-e344-4349-b621-48aaba84ec18,06e834d5-a4b6-4e63-a078-b648bb28371f,000908502cb76d87774f769ff431606d,"2024-08-26 17:27:44"
479d39e3-f37e-402a-8104-4a7ffb74fb2d,068098a6-8381-43bd-b561-9500ac62be3b,00234f1417b5b1dc65feb088cf612762,"2024-08-26 17:27:44"
48e02883-aa4b-4f08-b6e1-7e8db144facf,064bc709-1dca-4c97-9eee-318eb66f4fe3,0022d958f1b99c82654829a85d1637f6,"2024-08-26 17:27:44"
49b755e4-66da-4449-b3e1-fe0ca8447c6d,064bc709-1dca-4c97-9eee-318eb66f4fe3,00353b508276e6f860b5760654a0bb65,"2024-08-26 17:27:44"
4be5cd80-d584-4d84-a427-28344cf79a30,068098a6-8381-43bd-b561-9500ac62be3b,0005bab836087ed542c5e23111078035,"2024-08-26 17:27:44"
4bfacb7e-067f-43ee-8a77-c482fb989cb2,02b6eea3-0739-409c-b231-1ffef6f1266e,00371f6f8a517e4bcb6f8982ff46c758,"2024-08-26 17:27:44"
4cc637b3-f783-443e-837c-b85d52d0368c,023923a3-0d07-4028-a200-a6ee253f09f3,00322e32b4705cfc74d73032c39a44ab,"2024-08-26 17:27:44"
4cc72054-f933-4481-8867-5b2f217d0f1d,05786c23-f801-43e3-b763-166cc510fc6f,0005bbbd05785765697e048f56b9b17e,"2024-08-26 17:27:44"
4d8e0eac-184f-42b5-bc33-51a4f825b842,03b7cf17-0c69-410f-b85f-d149bd0bb59e,0005bbbd05785765697e048f56b9b17e,"2024-08-26 17:27:44"
4e961a23-2ded-400c-bad9-bb201c3397fa,05aac8fc-56b0-4f70-b457-c3bbbddcd0f8,0016d519d6f1aaa48e4770e6b2577334,"2024-08-26 17:27:44"
4f46e6f9-bcb0-48ff-ab81-1c2e53f618b5,054c8340-3127-4318-a249-3c340849848b,00371f6f8a517e4bcb6f8982ff46c758,"2024-08-26 17:27:44"
4fcf96df-46fa-494e-989d-3de7edfd9279,0129c1e5-f6c9-4e70-a472-ae10b4fb46fd,00371f6f8a517e4bcb6f8982ff46c758,"2024-08-26 17:27:44"
50716b7c-ca1a-4666-9da3-282cf47ce91c,0442be35-6b14-452d-83b9-4e30128487d7,002fcb4b9380b7ac8f268383fc6a47c3,"2024-08-26 17:27:44"
51928cc7-12a5-4970-b48b-176325c38b85,0129c1e5-f6c9-4e70-a472-ae10b4fb46fd,00250f949e316b885c61150158c48e56,"2024-08-26 17:27:44"
5205d92a-91ca-4cf2-97e5-b1d6fe8c4b5a,064bc709-1dca-4c97-9eee-318eb66f4fe3,000644ee3fede4b86059b419383ff013,"2024-08-26 17:27:44"
521c9b5e-6d83-499c-96c3-0ffb9716fcec,03b7cf17-0c69-410f-b85f-d149bd0bb59e,0005bab836087ed542c5e23111078035,"2024-08-26 17:27:44"
5222ddad-cf8e-400b-8efc-d4b3062c0a18,0412df17-6f98-42a3-9981-37f57a7ebb3b,0031ba559767ebd78db849ac6df06257,"2024-08-26 17:27:44"
5254c716-3160-4a9b-a831-f0e0811e2378,023923a3-0d07-4028-a200-a6ee253f09f3,0005bab836087ed542c5e23111078035,"2024-08-26 17:27:44"
52db57e5-e26e-4c31-a0db-ebe49a14634f,00fcb0d4-7972-404e-bf63-d409538151b2,0001d5429cf08061039da491b1aad68d,"2024-08-26 17:27:44"
530927f9-ee3f-4788-9abb-635777cce9d4,0442be35-6b14-452d-83b9-4e30128487d7,002810df1681c552e4fc641cd1486e7f,"2024-08-26 17:27:44"
5325c1b3-206a-4f9f-b352-aad52e806348,0442be35-6b14-452d-83b9-4e30128487d7,000644ee3fede4b86059b419383ff013,"2024-08-26 17:27:44"
536fd146-266c-4599-ad4a-b56fcf94190a,0129c1e5-f6c9-4e70-a472-ae10b4fb46fd,0025ce876cfed6b24f086c64b91dd51e,"2024-08-26 17:27:44"
53dc4aff-ea75-46e5-8ddc-1625fe912701,054c8340-3127-4318-a249-3c340849848b,0025ce876cfed6b24f086c64b91dd51e,"2024-08-26 17:27:44"
544c9333-2882-431a-bfa2-a491001bc0ea,0434a613-15d5-441c-b2f6-a55a58f826e5,0025ce876cfed6b24f086c64b91dd51e,"2024-08-26 17:27:44"
54fbbe61-c012-47b2-adba-2754639e7883,05aac8fc-56b0-4f70-b457-c3bbbddcd0f8,00353b508276e6f860b5760654a0bb65,"2024-08-26 17:27:44"
5579890a-0c0f-4537-8e99-1225e04cb6d7,04ef4ca3-93d7-4713-bed6-49d4025b0679,00371f6f8a517e4bcb6f8982ff46c758,"2024-08-26 17:27:44"
56450ffb-edd3-40fa-b551-46394fe90e38,06e834d5-a4b6-4e63-a078-b648bb28371f,0005bbbd05785765697e048f56b9b17e,"2024-08-26 17:27:44"
57f90427-472f-41ad-bf90-b63f307cce85,01eefcce-1df7-41b7-baba-3ae07122daa3,00250f949e316b885c61150158c48e56,"2024-08-26 17:27:44"
5826ccd5-c272-4499-aee5-5013227940e3,023923a3-0d07-4028-a200-a6ee253f09f3,0025ce876cfed6b24f086c64b91dd51e,"2024-08-26 17:27:44"
586194ed-7e74-4b42-b65f-b357d50c06c4,064bc709-1dca-4c97-9eee-318eb66f4fe3,002cae16ffce99194b37233ae182f62f,"2024-08-26 17:27:44"
58cad8ec-12fe-440a-bd8d-f2c8686cce97,05786c23-f801-43e3-b763-166cc510fc6f,00353b508276e6f860b5760654a0bb65,"2024-08-26 17:27:44"
593cc370-e08d-47ac-b677-9f6bc873bf4a,04ef4ca3-93d7-4713-bed6-49d4025b0679,00353b508276e6f860b5760654a0bb65,"2024-08-26 17:27:44"
5945fd1f-1cc2-440f-87af-0d51b8c9d00b,05786c23-f801-43e3-b763-166cc510fc6f,00250f949e316b885c61150158c48e56,"2024-08-26 17:27:44"
59647235-b445-4f77-be85-27f2523d262e,0412df17-6f98-42a3-9981-37f57a7ebb3b,0005bab836087ed542c5e23111078035,"2024-08-26 17:27:44"
59a8e628-4dc7-4b5c-9a22-8f3eb5550952,0442be35-6b14-452d-83b9-4e30128487d7,002faeb78a8673afcface4776b579a4a,"2024-08-26 17:27:44"
59e6c6d5-2103-403c-a2d7-5e17a8e7ef16,03001f7d-1e0e-4a7f-9485-5495b0fbbfa5,00353b508276e6f860b5760654a0bb65,"2024-08-26 17:27:44"
5a4baee8-769f-403b-856e-6a0713e2ccad,0434a613-15d5-441c-b2f6-a55a58f826e5,0031ba559767ebd78db849ac6df06257,"2024-08-26 17:27:44"
5a81c176-5159-4341-9a9c-73cd1e7a9453,01eefcce-1df7-41b7-baba-3ae07122daa3,0016d519d6f1aaa48e4770e6b2577334,"2024-08-26 17:27:44"
5abd9393-c1bf-4eca-a09d-a1a24e430e35,064bc709-1dca-4c97-9eee-318eb66f4fe3,00250f949e316b885c61150158c48e56,"2024-08-26 17:27:44"
5c2924d6-030e-49cb-aa20-ee44ac100343,0129c1e5-f6c9-4e70-a472-ae10b4fb46fd,000644ee3fede4b86059b419383ff013,"2024-08-26 17:27:44"
5c2b51a9-1a63-48e5-ad2d-6c2f4fab7949,054c8340-3127-4318-a249-3c340849848b,0031ba559767ebd78db849ac6df06257,"2024-08-26 17:27:44"
5c5d7478-be3a-4b34-a35f-25052a095f92,00fcb0d4-7972-404e-bf63-d409538151b2,00371f6f8a517e4bcb6f8982ff46c758,"2024-08-26 17:27:44"
5cc68d06-0d3d-411a-82ca-ca8afbc43c43,064bc709-1dca-4c97-9eee-318eb66f4fe3,0024c8c4636f633a96e6b032acc179c5,"2024-08-26 17:27:44"
5d70d4ab-009d-456e-b07b-585ab2dd0d30,01eefcce-1df7-41b7-baba-3ae07122daa3,002810df1681c552e4fc641cd1486e7f,"2024-08-26 17:27:44"
5e8f0e76-70cd-443c-a500-7c6e9b7a26b4,02e80abf-f7d5-4974-9b42-6deb06f3ed0e,0005bab836087ed542c5e23111078035,"2024-08-26 17:27:44"
5f96c023-4ad1-4119-abf8-3eba2058ede0,02b6eea3-0739-409c-b231-1ffef6f1266e,0005bab836087ed542c5e23111078035,"2024-08-26 17:27:44"
6040c30d-309f-46ed-a1ba-bd6875bc2fed,068098a6-8381-43bd-b561-9500ac62be3b,000908502cb76d87774f769ff431606d,"2024-08-26 17:27:44"
60c78912-175f-4f74-85d0-a5b3999fea2a,054c8340-3127-4318-a249-3c340849848b,00322e32b4705cfc74d73032c39a44ab,"2024-08-26 17:27:44"
6171af31-a932-4501-a334-b381fc7ad55f,0442be35-6b14-452d-83b9-4e30128487d7,00250f949e316b885c61150158c48e56,"2024-08-26 17:27:44"
618ae8ce-5b76-435e-8403-1d9714c1146a,0129c1e5-f6c9-4e70-a472-ae10b4fb46fd,002fcb4b9380b7ac8f268383fc6a47c3,"2024-08-26 17:27:44"
61ad5f9d-82df-4f53-b883-6f55163faecf,064bc709-1dca-4c97-9eee-318eb66f4fe3,0001d5429cf08061039da491b1aad68d,"2024-08-26 17:27:44"
61b3c320-43d0-406a-92c6-9fc4200a1640,0129c1e5-f6c9-4e70-a472-ae10b4fb46fd,0022d958f1b99c82654829a85d1637f6,"2024-08-26 17:27:44"
634cf9d3-596c-43b4-a348-bef7272fbaa0,023923a3-0d07-4028-a200-a6ee253f09f3,002cae16ffce99194b37233ae182f62f,"2024-08-26 17:27:44"
637a2342-f093-471e-af29-c3b470ce5840,02e80abf-f7d5-4974-9b42-6deb06f3ed0e,000644ee3fede4b86059b419383ff013,"2024-08-26 17:27:44"
64188c6f-dab6-4342-a8b8-2492c7a881c6,02b6eea3-0739-409c-b231-1ffef6f1266e,0025ce876cfed6b24f086c64b91dd51e,"2024-08-26 17:27:44"
6446a340-99c4-4edd-88bb-cedd447b1407,03b7cf17-0c69-410f-b85f-d149bd0bb59e,002cae16ffce99194b37233ae182f62f,"2024-08-26 17:27:44"
65c1901d-8d96-4094-8bef-a9fd9c785a5b,04ef4ca3-93d7-4713-bed6-49d4025b0679,00322e32b4705cfc74d73032c39a44ab,"2024-08-26 17:27:44"
668ee728-5302-439f-98dc-50115fa3379b,0412df17-6f98-42a3-9981-37f57a7ebb3b,002cae16ffce99194b37233ae182f62f,"2024-08-26 17:27:44"
66d3f401-5e6e-4a67-adbf-49469966a60a,05aac8fc-56b0-4f70-b457-c3bbbddcd0f8,002faeb78a8673afcface4776b579a4a,"2024-08-26 17:27:44"
6868abe8-f55e-489b-a370-66d42c529b42,0129c1e5-f6c9-4e70-a472-ae10b4fb46fd,0005bbbd05785765697e048f56b9b17e,"2024-08-26 17:27:44"
68d32019-a116-442b-ba2d-56ccbcaa8069,03001f7d-1e0e-4a7f-9485-5495b0fbbfa5,000644ee3fede4b86059b419383ff013,"2024-08-26 17:27:44"
6a29ab27-25d9-4788-8939-3dab85252119,0442be35-6b14-452d-83b9-4e30128487d7,000908502cb76d87774f769ff431606d,"2024-08-26 17:27:44"
6a679a2a-24eb-4d16-8794-34463cf15506,00fcb0d4-7972-404e-bf63-d409538151b2,000644ee3fede4b86059b419383ff013,"2024-08-26 17:27:44"
6b243e2e-e776-41a8-a033-6d58d9ef4b68,0129c1e5-f6c9-4e70-a472-ae10b4fb46fd,0005bab836087ed542c5e23111078035,"2024-08-26 17:27:44"
6b433c84-5891-4809-964f-6a42f4140a07,03057025-cdf2-4590-8a9a-abb36ec4905b,002810df1681c552e4fc641cd1486e7f,"2024-08-26 17:27:44"
6bedbb67-219b-4885-9273-a08bcd361cf5,054c8340-3127-4318-a249-3c340849848b,000644ee3fede4b86059b419383ff013,"2024-08-26 17:27:44"
6d866e52-8014-446f-bcd4-cdf9fe3e950a,03057025-cdf2-4590-8a9a-abb36ec4905b,003aebcdcfd3d30bfaec28207d8814bb,"2024-08-26 17:27:44"
6ea8b5de-50a8-4e30-ac72-6aac3b7575df,0442be35-6b14-452d-83b9-4e30128487d7,0001d5429cf08061039da491b1aad68d,"2024-08-26 17:27:44"
6fc2d485-a79b-41bc-a9e2-b64af3b2663a,03b7cf17-0c69-410f-b85f-d149bd0bb59e,003aebcdcfd3d30bfaec28207d8814bb,"2024-08-26 17:27:44"
703b4b0f-1949-49e7-86fc-a6444ece7445,05786c23-f801-43e3-b763-166cc510fc6f,0016d519d6f1aaa48e4770e6b2577334,"2024-08-26 17:27:44"
70ae93cc-4196-4443-8f5f-04e1d8b7af05,05aac8fc-56b0-4f70-b457-c3bbbddcd0f8,0001d5429cf08061039da491b1aad68d,"2024-08-26 17:27:44"
70cd4d7b-428f-4786-8218-8ede541e40d1,03001f7d-1e0e-4a7f-9485-5495b0fbbfa5,0022d958f1b99c82654829a85d1637f6,"2024-08-26 17:27:44"
70ed2c76-4970-4392-a841-920a9aae4be3,05786c23-f801-43e3-b763-166cc510fc6f,0001d5429cf08061039da491b1aad68d,"2024-08-26 17:27:44"
70f990b4-c028-4f77-81c2-eb554687e1cf,0434a613-15d5-441c-b2f6-a55a58f826e5,00234f1417b5b1dc65feb088cf612762,"2024-08-26 17:27:44"
7221b1b8-7744-4010-ba8d-23d42bcb5fda,05786c23-f801-43e3-b763-166cc510fc6f,0022d958f1b99c82654829a85d1637f6,"2024-08-26 17:27:44"
722b7984-63a7-46b0-85cf-78ae8c04f8a8,03057025-cdf2-4590-8a9a-abb36ec4905b,00234f1417b5b1dc65feb088cf612762,"2024-08-26 17:27:44"
72bb713e-48e7-4ed4-927f-901eba95824d,00fcb0d4-7972-404e-bf63-d409538151b2,00234f1417b5b1dc65feb088cf612762,"2024-08-26 17:27:44"
73fccaa2-74a2-4d20-a043-535b66d44bf7,054c8340-3127-4318-a249-3c340849848b,003aebcdcfd3d30bfaec28207d8814bb,"2024-08-26 17:27:44"
74191508-42cd-4077-9f3a-ca7d2bf6b5cc,06e834d5-a4b6-4e63-a078-b648bb28371f,00322e32b4705cfc74d73032c39a44ab,"2024-08-26 17:27:44"
75cb3f74-af06-4fb7-8f13-fd710016c1d2,0129c1e5-f6c9-4e70-a472-ae10b4fb46fd,002810df1681c552e4fc641cd1486e7f,"2024-08-26 17:27:44"
75f6ac88-32a9-4123-a903-a322150a179d,064bc709-1dca-4c97-9eee-318eb66f4fe3,00234f1417b5b1dc65feb088cf612762,"2024-08-26 17:27:44"
75ff7c98-9760-45f2-9346-cc9c272746db,04ef4ca3-93d7-4713-bed6-49d4025b0679,0016d519d6f1aaa48e4770e6b2577334,"2024-08-26 17:27:44"
778d8032-d39c-4009-b6c2-f340b0aa3ff4,00fcb0d4-7972-404e-bf63-d409538151b2,002faeb78a8673afcface4776b579a4a,"2024-08-26 17:27:44"
790922ab-5a13-48a5-957f-1515bb2abae9,06e834d5-a4b6-4e63-a078-b648bb28371f,002fcb4b9380b7ac8f268383fc6a47c3,"2024-08-26 17:27:44"
798a26cb-3a63-4d8e-9d82-0d218834a19e,02e80abf-f7d5-4974-9b42-6deb06f3ed0e,0005bbbd05785765697e048f56b9b17e,"2024-08-26 17:27:44"
79dedffa-bd70-4663-bb01-68d0c32b1a1f,064bc709-1dca-4c97-9eee-318eb66f4fe3,0016d519d6f1aaa48e4770e6b2577334,"2024-08-26 17:27:44"
79e7ae59-8c52-45b2-8555-a95174cd9cc6,0434a613-15d5-441c-b2f6-a55a58f826e5,002faeb78a8673afcface4776b579a4a,"2024-08-26 17:27:44"
7acc348b-2c11-4621-b47c-3238f80d5c24,03001f7d-1e0e-4a7f-9485-5495b0fbbfa5,0024c8c4636f633a96e6b032acc179c5,"2024-08-26 17:27:44"
7cafe619-b894-4078-83cd-35df9a2af31d,053a15d1-f34e-487d-8ef5-4b8cd8e7e518,0001d5429cf08061039da491b1aad68d,"2024-08-26 17:27:44"
7d2bb919-6c25-48f1-94f9-69cfd00331e7,03b7cf17-0c69-410f-b85f-d149bd0bb59e,000908502cb76d87774f769ff431606d,"2024-08-26 17:27:44"
7f604596-f86f-4a38-82c0-8575a5d895be,03b7cf17-0c69-410f-b85f-d149bd0bb59e,0001d5429cf08061039da491b1aad68d,"2024-08-26 17:27:44"
80eec2c1-efc4-492e-89e9-50d616f0ef83,0442be35-6b14-452d-83b9-4e30128487d7,0005bbbd05785765697e048f56b9b17e,"2024-08-26 17:27:44"
81331ceb-babc-48bd-8fe0-4ac394a820e7,0434a613-15d5-441c-b2f6-a55a58f826e5,002fcb4b9380b7ac8f268383fc6a47c3,"2024-08-26 17:27:44"
8162acc4-579c-460d-8106-496f7c9894b2,04ef4ca3-93d7-4713-bed6-49d4025b0679,0005bbbd05785765697e048f56b9b17e,"2024-08-26 17:27:44"
81703f3a-6ba4-4715-a768-9361567141dd,05aac8fc-56b0-4f70-b457-c3bbbddcd0f8,000644ee3fede4b86059b419383ff013,"2024-08-26 17:27:44"
8223b0b9-281d-4ac2-b4fc-bb7b6e1bebb2,054c8340-3127-4318-a249-3c340849848b,0016d519d6f1aaa48e4770e6b2577334,"2024-08-26 17:27:44"
822cf914-25fd-4277-bb40-1d25820e9354,05786c23-f801-43e3-b763-166cc510fc6f,00322e32b4705cfc74d73032c39a44ab,"2024-08-26 17:27:44"
82a7cb23-fab1-40ae-91f4-1b03896990f5,05aac8fc-56b0-4f70-b457-c3bbbddcd0f8,002fcb4b9380b7ac8f268383fc6a47c3,"2024-08-26 17:27:44"
82a9db21-4030-4fd5-9218-a993712d8bf6,05aac8fc-56b0-4f70-b457-c3bbbddcd0f8,00250f949e316b885c61150158c48e56,"2024-08-26 17:27:44"
84101d12-2fe0-4c11-a7c7-97adb5f56d9b,054c8340-3127-4318-a249-3c340849848b,002810df1681c552e4fc641cd1486e7f,"2024-08-26 17:27:44"
846077ca-bd68-4b2f-b01e-f7b6d4dfd8fe,02b6eea3-0739-409c-b231-1ffef6f1266e,0024c8c4636f633a96e6b032acc179c5,"2024-08-26 17:27:44"
84bc9f94-ec4f-42b4-8307-53c8029dc6f6,05786c23-f801-43e3-b763-166cc510fc6f,0024c8c4636f633a96e6b032acc179c5,"2024-08-26 17:27:44"
84bf501e-1e23-4bbe-8866-9d826a551338,00fcb0d4-7972-404e-bf63-d409538151b2,002cae16ffce99194b37233ae182f62f,"2024-08-26 17:27:44"
85482ab3-a4ff-486e-a316-16efa117e65a,068098a6-8381-43bd-b561-9500ac62be3b,00250f949e316b885c61150158c48e56,"2024-08-26 17:27:44"
86c0c67c-fa86-4f00-b93e-62ff5313d1c7,03001f7d-1e0e-4a7f-9485-5495b0fbbfa5,00234f1417b5b1dc65feb088cf612762,"2024-08-26 17:27:44"
87876be1-8df5-4421-82e8-da8b5ce3bf07,064bc709-1dca-4c97-9eee-318eb66f4fe3,000908502cb76d87774f769ff431606d,"2024-08-26 17:27:44"
87a80f63-74f8-49f8-b2fb-177bf6b2cce4,0412df17-6f98-42a3-9981-37f57a7ebb3b,00353b508276e6f860b5760654a0bb65,"2024-08-26 17:27:44"
88b79ea7-080e-4a03-a704-0b47ffc46138,06e834d5-a4b6-4e63-a078-b648bb28371f,0025ce876cfed6b24f086c64b91dd51e,"2024-08-26 17:27:44"
89ec8502-350d-4de1-8556-6177be2c67cd,03b7cf17-0c69-410f-b85f-d149bd0bb59e,0022d958f1b99c82654829a85d1637f6,"2024-08-26 17:27:44"
8a14261d-bdb5-4aa9-a984-a0af636008f8,064bc709-1dca-4c97-9eee-318eb66f4fe3,0031ba559767ebd78db849ac6df06257,"2024-08-26 17:27:44"
8b9cb3bb-8f3f-4d9e-8f97-5b8cd6458496,054c8340-3127-4318-a249-3c340849848b,002fcb4b9380b7ac8f268383fc6a47c3,"2024-08-26 17:27:44"
8ba528eb-362b-489c-81d7-b49061b9ec96,054c8340-3127-4318-a249-3c340849848b,00353b508276e6f860b5760654a0bb65,"2024-08-26 17:27:44"
8be065b2-8bb1-440f-bec7-57ae24a77953,0412df17-6f98-42a3-9981-37f57a7ebb3b,0016d519d6f1aaa48e4770e6b2577334,"2024-08-26 17:27:44"
8c0306ce-66c0-4b9c-a490-49eda11ce603,053a15d1-f34e-487d-8ef5-4b8cd8e7e518,003aebcdcfd3d30bfaec28207d8814bb,"2024-08-26 17:27:44"
8c154a04-e58a-4e70-9ce3-d7ae73f9e621,0442be35-6b14-452d-83b9-4e30128487d7,0031ba559767ebd78db849ac6df06257,"2024-08-26 17:27:44"
8d3d109e-a3b9-452c-bfee-e7e5df3e20ce,03057025-cdf2-4590-8a9a-abb36ec4905b,002fcb4b9380b7ac8f268383fc6a47c3,"2024-08-26 17:27:44"
8dccba9e-ae5d-42d6-844e-96dcb822203f,0129c1e5-f6c9-4e70-a472-ae10b4fb46fd,0016d519d6f1aaa48e4770e6b2577334,"2024-08-26 17:27:44"
8ddd3fc7-91b6-45f3-828e-a93294136c63,06e834d5-a4b6-4e63-a078-b648bb28371f,00234f1417b5b1dc65feb088cf612762,"2024-08-26 17:27:44"
8df69ab2-2a75-4fe6-9dd8-4c6d4daa99cf,00fcb0d4-7972-404e-bf63-d409538151b2,0031ba559767ebd78db849ac6df06257,"2024-08-26 17:27:44"
8ec5e7c5-f250-4ea2-9623-7bff8c07bb12,03001f7d-1e0e-4a7f-9485-5495b0fbbfa5,0005bab836087ed542c5e23111078035,"2024-08-26 17:27:44"
8eca81b2-0135-4331-890c-4543bfe48b6b,0442be35-6b14-452d-83b9-4e30128487d7,003aebcdcfd3d30bfaec28207d8814bb,"2024-08-26 17:27:44"
8f119ffd-9809-4343-bd13-2b11cac0f501,03b7cf17-0c69-410f-b85f-d149bd0bb59e,00250f949e316b885c61150158c48e56,"2024-08-26 17:27:44"
8facc716-28eb-40ad-870a-5354cda5c5da,0434a613-15d5-441c-b2f6-a55a58f826e5,000908502cb76d87774f769ff431606d,"2024-08-26 17:27:44"
91347749-050f-448b-ace9-8c804e834d73,03b7cf17-0c69-410f-b85f-d149bd0bb59e,0016d519d6f1aaa48e4770e6b2577334,"2024-08-26 17:27:44"
91f3fab0-4b2e-4de1-a704-a18fb9c87b39,053a15d1-f34e-487d-8ef5-4b8cd8e7e518,0005bbbd05785765697e048f56b9b17e,"2024-08-26 17:27:44"
93a5bbc9-9bff-4036-8844-8bcd614c90d9,068098a6-8381-43bd-b561-9500ac62be3b,0031ba559767ebd78db849ac6df06257,"2024-08-26 17:27:44"
94544a86-8365-4ed1-b5f4-33ea4b69ab17,023923a3-0d07-4028-a200-a6ee253f09f3,00234f1417b5b1dc65feb088cf612762,"2024-08-26 17:27:44"
9468835c-7203-4a0b-a513-0dfe9276eb72,02e80abf-f7d5-4974-9b42-6deb06f3ed0e,00250f949e316b885c61150158c48e56,"2024-08-26 17:27:44"
94bf5c43-b4f0-483c-b879-54c6ea909c6d,0434a613-15d5-441c-b2f6-a55a58f826e5,003aebcdcfd3d30bfaec28207d8814bb,"2024-08-26 17:27:44"
95267898-afe5-4864-a8e4-650a42317a37,0412df17-6f98-42a3-9981-37f57a7ebb3b,002810df1681c552e4fc641cd1486e7f,"2024-08-26 17:27:44"
95a5f679-a032-4cb5-a41d-acab592f9188,023923a3-0d07-4028-a200-a6ee253f09f3,000644ee3fede4b86059b419383ff013,"2024-08-26 17:27:44"
97174a70-8ff2-4255-879e-6b17f56ea85f,01eefcce-1df7-41b7-baba-3ae07122daa3,002faeb78a8673afcface4776b579a4a,"2024-08-26 17:27:44"
98388f53-247d-4df4-b3ed-72a0e7ca5907,01eefcce-1df7-41b7-baba-3ae07122daa3,0025ce876cfed6b24f086c64b91dd51e,"2024-08-26 17:27:44"
9894e0e7-ad05-4867-8361-865a58fe59d7,00fcb0d4-7972-404e-bf63-d409538151b2,0016d519d6f1aaa48e4770e6b2577334,"2024-08-26 17:27:44"
99349312-1c4a-43a8-bcf4-63d3b883730e,03b7cf17-0c69-410f-b85f-d149bd0bb59e,00371f6f8a517e4bcb6f8982ff46c758,"2024-08-26 17:27:44"
99ec0195-401c-4c10-9162-503e8f39385e,054c8340-3127-4318-a249-3c340849848b,000908502cb76d87774f769ff431606d,"2024-08-26 17:27:44"
9a4bf9e8-5155-413e-9e5b-962037a86cfb,05aac8fc-56b0-4f70-b457-c3bbbddcd0f8,0005bab836087ed542c5e23111078035,"2024-08-26 17:27:44"
9a5234ed-afff-4329-a894-e9de08322a2d,0412df17-6f98-42a3-9981-37f57a7ebb3b,003aebcdcfd3d30bfaec28207d8814bb,"2024-08-26 17:27:44"
9a8bcf16-0fab-4272-ae13-a00a0d0129e5,053a15d1-f34e-487d-8ef5-4b8cd8e7e518,0022d958f1b99c82654829a85d1637f6,"2024-08-26 17:27:44"
9a963e8a-fc38-4891-8087-0fcdbc304a79,02b6eea3-0739-409c-b231-1ffef6f1266e,002810df1681c552e4fc641cd1486e7f,"2024-08-26 17:27:44"
9adb5f19-c0dd-4f94-a1d4-0a5e0267f3f4,068098a6-8381-43bd-b561-9500ac62be3b,002fcb4b9380b7ac8f268383fc6a47c3,"2024-08-26 17:27:44"
9b08b069-5cb4-4f43-9269-9422d330c3aa,03b7cf17-0c69-410f-b85f-d149bd0bb59e,0024c8c4636f633a96e6b032acc179c5,"2024-08-26 17:27:44"
9fcde3ec-9b5a-4af8-9cc2-6ac58fd3c22a,054c8340-3127-4318-a249-3c340849848b,00234f1417b5b1dc65feb088cf612762,"2024-08-26 17:27:44"
a14e965f-7c79-4db8-8b8c-fc1b1476e1ab,0434a613-15d5-441c-b2f6-a55a58f826e5,00250f949e316b885c61150158c48e56,"2024-08-26 17:27:44"
a1db73ee-7efd-43c8-9527-3ac9204aa472,0442be35-6b14-452d-83b9-4e30128487d7,0005bab836087ed542c5e23111078035,"2024-08-26 17:27:44"
a29bf098-2dc5-4467-96d4-1a56de28b53c,06e834d5-a4b6-4e63-a078-b648bb28371f,00353b508276e6f860b5760654a0bb65,"2024-08-26 17:27:44"
a2ace372-1bb8-4d04-9e0c-dd94c067a3a0,064bc709-1dca-4c97-9eee-318eb66f4fe3,00371f6f8a517e4bcb6f8982ff46c758,"2024-08-26 17:27:44"
a2cadc4e-1100-4fbe-9de5-81eb28b3aee5,03057025-cdf2-4590-8a9a-abb36ec4905b,0001d5429cf08061039da491b1aad68d,"2024-08-26 17:27:44"
a2d289d8-1a87-42ab-854f-8dd679e0de78,04ef4ca3-93d7-4713-bed6-49d4025b0679,003aebcdcfd3d30bfaec28207d8814bb,"2024-08-26 17:27:44"
a355b02e-72c1-48b2-9ffa-e4a6d8a5ddd7,0442be35-6b14-452d-83b9-4e30128487d7,00322e32b4705cfc74d73032c39a44ab,"2024-08-26 17:27:44"
a4425e84-06b4-45d7-8bdb-712c8e7115e8,02b6eea3-0739-409c-b231-1ffef6f1266e,002cae16ffce99194b37233ae182f62f,"2024-08-26 17:27:44"
a458dff3-b2ff-4214-b6c8-177b7c09045d,05aac8fc-56b0-4f70-b457-c3bbbddcd0f8,0022d958f1b99c82654829a85d1637f6,"2024-08-26 17:27:44"
a49a5015-d683-4702-abe7-9a48a1cfc39a,0129c1e5-f6c9-4e70-a472-ae10b4fb46fd,0031ba559767ebd78db849ac6df06257,"2024-08-26 17:27:44"
a4ad3209-c773-4468-9230-13bba2cff60c,068098a6-8381-43bd-b561-9500ac62be3b,002faeb78a8673afcface4776b579a4a,"2024-08-26 17:27:44"
a55c3a43-cc7e-42df-977d-e0ee65e7d8de,05786c23-f801-43e3-b763-166cc510fc6f,000908502cb76d87774f769ff431606d,"2024-08-26 17:27:44"
a59bc43b-0591-4268-b338-df2940e2ccd7,04ef4ca3-93d7-4713-bed6-49d4025b0679,000908502cb76d87774f769ff431606d,"2024-08-26 17:27:44"
a7d217c7-9fef-4982-ab63-d4cd6271104c,05786c23-f801-43e3-b763-166cc510fc6f,000644ee3fede4b86059b419383ff013,"2024-08-26 17:27:44"
a8401b92-f3ab-4db9-99e1-1a28613ebd2f,0434a613-15d5-441c-b2f6-a55a58f826e5,0005bab836087ed542c5e23111078035,"2024-08-26 17:27:44"
a9274335-ddb5-4b9c-aa9d-77ee2b2bc373,03057025-cdf2-4590-8a9a-abb36ec4905b,00322e32b4705cfc74d73032c39a44ab,"2024-08-26 17:27:44"
a9b87c9a-9fad-4251-aad1-3b18fc3333f2,02e80abf-f7d5-4974-9b42-6deb06f3ed0e,0031ba559767ebd78db849ac6df06257,"2024-08-26 17:27:44"
ab76ecf9-b354-45a3-8b01-4a07da2c67f3,053a15d1-f34e-487d-8ef5-4b8cd8e7e518,000908502cb76d87774f769ff431606d,"2024-08-26 17:27:44"
ac740fd6-a421-471a-b035-a3ebad6543ac,02b6eea3-0739-409c-b231-1ffef6f1266e,002faeb78a8673afcface4776b579a4a,"2024-08-26 17:27:44"
acbfbb4f-c29e-4bb3-8724-723c1a1c058b,03001f7d-1e0e-4a7f-9485-5495b0fbbfa5,00371f6f8a517e4bcb6f8982ff46c758,"2024-08-26 17:27:44"
acd11b32-c726-498a-abe5-e67a0789baef,053a15d1-f34e-487d-8ef5-4b8cd8e7e518,000644ee3fede4b86059b419383ff013,"2024-08-26 17:27:44"
ae2a2ec1-cb1b-40f6-a6e0-28032eb948e7,023923a3-0d07-4028-a200-a6ee253f09f3,0001d5429cf08061039da491b1aad68d,"2024-08-26 17:27:44"
ae778b25-080d-4bee-83dc-23e40d659fa5,054c8340-3127-4318-a249-3c340849848b,0005bbbd05785765697e048f56b9b17e,"2024-08-26 17:27:44"
ae7843a0-630e-4a7a-9759-87668e5c9797,03001f7d-1e0e-4a7f-9485-5495b0fbbfa5,0025ce876cfed6b24f086c64b91dd51e,"2024-08-26 17:27:44"
af17abce-be61-4780-9643-dceec17dab89,06e834d5-a4b6-4e63-a078-b648bb28371f,0024c8c4636f633a96e6b032acc179c5,"2024-08-26 17:27:44"
afa8580c-8bba-4949-b1fe-79d49195e80a,03057025-cdf2-4590-8a9a-abb36ec4905b,0016d519d6f1aaa48e4770e6b2577334,"2024-08-26 17:27:44"
afef17e8-4307-4fa2-9174-aef4b6f2a65d,03b7cf17-0c69-410f-b85f-d149bd0bb59e,000644ee3fede4b86059b419383ff013,"2024-08-26 17:27:44"
affa4754-ea93-4fc8-b602-b68941e4a663,0129c1e5-f6c9-4e70-a472-ae10b4fb46fd,003aebcdcfd3d30bfaec28207d8814bb,"2024-08-26 17:27:44"
b0ca70df-46e1-4caa-87bc-b1024baf6c35,064bc709-1dca-4c97-9eee-318eb66f4fe3,003aebcdcfd3d30bfaec28207d8814bb,"2024-08-26 17:27:44"
b20113cf-1337-404d-82b8-16173696fc14,06e834d5-a4b6-4e63-a078-b648bb28371f,00250f949e316b885c61150158c48e56,"2024-08-26 17:27:44"
b2320b0f-118b-48b8-9813-a87c10087474,02e80abf-f7d5-4974-9b42-6deb06f3ed0e,002faeb78a8673afcface4776b579a4a,"2024-08-26 17:27:44"
b286dea3-e056-4eb8-8737-20f778bcdd10,02b6eea3-0739-409c-b231-1ffef6f1266e,003aebcdcfd3d30bfaec28207d8814bb,"2024-08-26 17:27:44"
b2b457b6-a9b3-4276-9b16-94af633a03f5,053a15d1-f34e-487d-8ef5-4b8cd8e7e518,00250f949e316b885c61150158c48e56,"2024-08-26 17:27:44"
b3866948-6ddc-458c-b353-cd9f4f79b7a6,0434a613-15d5-441c-b2f6-a55a58f826e5,00353b508276e6f860b5760654a0bb65,"2024-08-26 17:27:44"
b437be9a-eb63-4ad8-bc95-04306f42052f,02b6eea3-0739-409c-b231-1ffef6f1266e,0005bbbd05785765697e048f56b9b17e,"2024-08-26 17:27:44"
b6402125-2a60-4e27-8436-b1781acaefa5,054c8340-3127-4318-a249-3c340849848b,0024c8c4636f633a96e6b032acc179c5,"2024-08-26 17:27:44"
b6648a43-a850-4162-bf55-842f898d0598,02b6eea3-0739-409c-b231-1ffef6f1266e,00353b508276e6f860b5760654a0bb65,"2024-08-26 17:27:44"
b6e963f3-2200-490f-97bc-45423eb6a251,053a15d1-f34e-487d-8ef5-4b8cd8e7e518,0031ba559767ebd78db849ac6df06257,"2024-08-26 17:27:44"
b781fb11-bd03-4d4d-8e6f-10d2870ae660,054c8340-3127-4318-a249-3c340849848b,0005bab836087ed542c5e23111078035,"2024-08-26 17:27:44"
b897f8b7-0466-4d04-85d0-b68bef06fe01,03b7cf17-0c69-410f-b85f-d149bd0bb59e,002810df1681c552e4fc641cd1486e7f,"2024-08-26 17:27:44"
b8f7a8fb-f123-4750-8860-e758f85758fb,02e80abf-f7d5-4974-9b42-6deb06f3ed0e,000908502cb76d87774f769ff431606d,"2024-08-26 17:27:44"
b900a714-f287-4fc4-b073-2894b855fd0f,03b7cf17-0c69-410f-b85f-d149bd0bb59e,00234f1417b5b1dc65feb088cf612762,"2024-08-26 17:27:44"
b9c3458f-a975-4768-a993-e89e6942ffaf,06e834d5-a4b6-4e63-a078-b648bb28371f,003aebcdcfd3d30bfaec28207d8814bb,"2024-08-26 17:27:44"
b9eff0af-0b87-4220-aa90-56ffa52f1f39,05786c23-f801-43e3-b763-166cc510fc6f,0025ce876cfed6b24f086c64b91dd51e,"2024-08-26 17:27:44"
baeaeec9-51e1-46b2-8da3-fcd522f4a4e7,04ef4ca3-93d7-4713-bed6-49d4025b0679,0022d958f1b99c82654829a85d1637f6,"2024-08-26 17:27:44"
bafe2cc2-f145-49f9-b609-99903109d371,02e80abf-f7d5-4974-9b42-6deb06f3ed0e,0024c8c4636f633a96e6b032acc179c5,"2024-08-26 17:27:44"
bbbc58bb-e622-43f3-bd71-9e126c2d6c80,04ef4ca3-93d7-4713-bed6-49d4025b0679,0005bab836087ed542c5e23111078035,"2024-08-26 17:27:44"
bbe84107-ae97-4ccd-93a0-de15993d98aa,0434a613-15d5-441c-b2f6-a55a58f826e5,000644ee3fede4b86059b419383ff013,"2024-08-26 17:27:44"
bbf4a361-a1b2-42fa-aa85-2744b7dc4543,023923a3-0d07-4028-a200-a6ee253f09f3,0031ba559767ebd78db849ac6df06257,"2024-08-26 17:27:44"
bc5cb113-5eef-4e3b-8988-3efd896f66da,0412df17-6f98-42a3-9981-37f57a7ebb3b,002fcb4b9380b7ac8f268383fc6a47c3,"2024-08-26 17:27:44"
bcb76698-eafb-4f7b-bbb8-0541aae9786c,0412df17-6f98-42a3-9981-37f57a7ebb3b,0005bbbd05785765697e048f56b9b17e,"2024-08-26 17:27:44"
bd92db8e-457e-43a8-b203-8239ad63e2e2,03001f7d-1e0e-4a7f-9485-5495b0fbbfa5,00250f949e316b885c61150158c48e56,"2024-08-26 17:27:44"
be2c6fda-20b9-4873-84df-05d7283a1620,0434a613-15d5-441c-b2f6-a55a58f826e5,0024c8c4636f633a96e6b032acc179c5,"2024-08-26 17:27:44"
bf20c726-b546-40a7-a3fb-d6d5f8cd4b4e,05aac8fc-56b0-4f70-b457-c3bbbddcd0f8,00234f1417b5b1dc65feb088cf612762,"2024-08-26 17:27:44"
bf2445ad-f782-4668-a598-8281e931e574,04ef4ca3-93d7-4713-bed6-49d4025b0679,002cae16ffce99194b37233ae182f62f,"2024-08-26 17:27:44"
bf28af4f-f4b9-4e72-a3c4-dd54c258b220,064bc709-1dca-4c97-9eee-318eb66f4fe3,0005bab836087ed542c5e23111078035,"2024-08-26 17:27:44"
c0df688b-8371-40f9-bded-c16e43bbf389,00fcb0d4-7972-404e-bf63-d409538151b2,003aebcdcfd3d30bfaec28207d8814bb,"2024-08-26 17:27:44"
c1d55b22-3eb8-493d-b10f-710bed0e121c,023923a3-0d07-4028-a200-a6ee253f09f3,002fcb4b9380b7ac8f268383fc6a47c3,"2024-08-26 17:27:44"
c351acbf-df27-4f93-85a1-17cee6ff3c24,0129c1e5-f6c9-4e70-a472-ae10b4fb46fd,002faeb78a8673afcface4776b579a4a,"2024-08-26 17:27:44"
c3706080-6ea4-486d-9c14-d753c16b6ea0,03b7cf17-0c69-410f-b85f-d149bd0bb59e,0031ba559767ebd78db849ac6df06257,"2024-08-26 17:27:44"
c38c2766-9ff9-4c32-8a97-e954cb3349f5,0442be35-6b14-452d-83b9-4e30128487d7,0016d519d6f1aaa48e4770e6b2577334,"2024-08-26 17:27:44"
c4493130-e94b-448e-bac6-5b95c49da3f6,06e834d5-a4b6-4e63-a078-b648bb28371f,002cae16ffce99194b37233ae182f62f,"2024-08-26 17:27:44"
c4cd3986-2dff-4901-a5ca-701bc833a1e8,06e834d5-a4b6-4e63-a078-b648bb28371f,0022d958f1b99c82654829a85d1637f6,"2024-08-26 17:27:44"
c534c6cc-0731-48c9-9748-0c332d04f3cf,023923a3-0d07-4028-a200-a6ee253f09f3,002810df1681c552e4fc641cd1486e7f,"2024-08-26 17:27:44"
c592a994-1be9-4c9f-a560-7d03c8f5c939,01eefcce-1df7-41b7-baba-3ae07122daa3,00371f6f8a517e4bcb6f8982ff46c758,"2024-08-26 17:27:44"
c8510e14-48dd-43c9-bce6-c60c84598006,06e834d5-a4b6-4e63-a078-b648bb28371f,002810df1681c552e4fc641cd1486e7f,"2024-08-26 17:27:44"
cb92893a-86ef-437a-9d14-bbb2650bfb57,068098a6-8381-43bd-b561-9500ac62be3b,0022d958f1b99c82654829a85d1637f6,"2024-08-26 17:27:44"
cc0f6cf4-87c8-4f44-98b6-803aa302fb55,054c8340-3127-4318-a249-3c340849848b,0001d5429cf08061039da491b1aad68d,"2024-08-26 17:27:44"
cc7f3313-4db2-4bc5-9959-25b31a54e5c7,02e80abf-f7d5-4974-9b42-6deb06f3ed0e,00371f6f8a517e4bcb6f8982ff46c758,"2024-08-26 17:27:44"
cc9c4e3d-e87c-4312-9cbf-c526c1577525,053a15d1-f34e-487d-8ef5-4b8cd8e7e518,0024c8c4636f633a96e6b032acc179c5,"2024-08-26 17:27:44"
cdc943c0-578a-49eb-a4d2-d1461c91e4f6,068098a6-8381-43bd-b561-9500ac62be3b,0025ce876cfed6b24f086c64b91dd51e,"2024-08-26 17:27:44"
ce8154f4-dd62-4522-a2b6-2d15f5f30420,05aac8fc-56b0-4f70-b457-c3bbbddcd0f8,0031ba559767ebd78db849ac6df06257,"2024-08-26 17:27:44"
cedf31eb-1866-4d7f-acd3-a57335ae29f3,02e80abf-f7d5-4974-9b42-6deb06f3ed0e,00353b508276e6f860b5760654a0bb65,"2024-08-26 17:27:44"
cffe67b7-05fb-4bd1-8621-d40db2f18d41,068098a6-8381-43bd-b561-9500ac62be3b,0001d5429cf08061039da491b1aad68d,"2024-08-26 17:27:44"
d0480156-b0b5-46dc-8148-0ac0740159a2,02e80abf-f7d5-4974-9b42-6deb06f3ed0e,003aebcdcfd3d30bfaec28207d8814bb,"2024-08-26 17:27:44"
d1365723-d651-485c-8589-1c47e8255d24,06e834d5-a4b6-4e63-a078-b648bb28371f,002faeb78a8673afcface4776b579a4a,"2024-08-26 17:27:44"
d14c6ecb-0f7a-498f-9f81-5752cc0cf2b5,00fcb0d4-7972-404e-bf63-d409538151b2,00322e32b4705cfc74d73032c39a44ab,"2024-08-26 17:27:44"
d184d8e1-e98e-42a0-9a40-08898aff6a11,0434a613-15d5-441c-b2f6-a55a58f826e5,002810df1681c552e4fc641cd1486e7f,"2024-08-26 17:27:44"
d1b12eff-0154-47fa-b378-edae79e194df,023923a3-0d07-4028-a200-a6ee253f09f3,0024c8c4636f633a96e6b032acc179c5,"2024-08-26 17:27:44"
d3279331-aca1-4824-a918-8f32c1c6b923,068098a6-8381-43bd-b561-9500ac62be3b,002810df1681c552e4fc641cd1486e7f,"2024-08-26 17:27:44"
d395cd88-b174-4382-911d-2be769455c4b,02b6eea3-0739-409c-b231-1ffef6f1266e,000644ee3fede4b86059b419383ff013,"2024-08-26 17:27:44"
d40303c7-9df8-43e9-967f-25027315b319,05aac8fc-56b0-4f70-b457-c3bbbddcd0f8,002810df1681c552e4fc641cd1486e7f,"2024-08-26 17:27:44"
d425d91e-b9db-4d8a-860e-47037fa6bc3c,05aac8fc-56b0-4f70-b457-c3bbbddcd0f8,000908502cb76d87774f769ff431606d,"2024-08-26 17:27:44"
d4708ca2-bd3d-43fd-b102-e47e17d9bb44,03001f7d-1e0e-4a7f-9485-5495b0fbbfa5,002fcb4b9380b7ac8f268383fc6a47c3,"2024-08-26 17:27:44"
d4893bdf-64de-4ae8-9640-7946f2f2b019,00fcb0d4-7972-404e-bf63-d409538151b2,0005bab836087ed542c5e23111078035,"2024-08-26 17:27:44"
d4ac372d-4222-4b6b-9b10-2477c40d8242,02e80abf-f7d5-4974-9b42-6deb06f3ed0e,0001d5429cf08061039da491b1aad68d,"2024-08-26 17:27:44"
d511f4cf-e3e8-4127-addf-1f1db75e113a,053a15d1-f34e-487d-8ef5-4b8cd8e7e518,00353b508276e6f860b5760654a0bb65,"2024-08-26 17:27:44"
d5b26548-bd53-4128-8503-3ee46b19ca5d,03057025-cdf2-4590-8a9a-abb36ec4905b,0005bab836087ed542c5e23111078035,"2024-08-26 17:27:44"
d611c89c-a30d-45a7-b3bf-64579412f3d5,02e80abf-f7d5-4974-9b42-6deb06f3ed0e,0022d958f1b99c82654829a85d1637f6,"2024-08-26 17:27:44"
d77fb923-d705-47d8-824f-12514dca133b,04ef4ca3-93d7-4713-bed6-49d4025b0679,002810df1681c552e4fc641cd1486e7f,"2024-08-26 17:27:44"
d849de7c-5c78-41bc-b47a-97bd40f05303,04ef4ca3-93d7-4713-bed6-49d4025b0679,002fcb4b9380b7ac8f268383fc6a47c3,"2024-08-26 17:27:44"
d874e4f4-949d-401c-817e-a671c985d409,03b7cf17-0c69-410f-b85f-d149bd0bb59e,002fcb4b9380b7ac8f268383fc6a47c3,"2024-08-26 17:27:44"
d8767b9a-9faa-4346-aa58-ef4c56544730,068098a6-8381-43bd-b561-9500ac62be3b,0016d519d6f1aaa48e4770e6b2577334,"2024-08-26 17:27:44"
d896b5a1-e4a5-4d35-ac65-788f93a4c614,0129c1e5-f6c9-4e70-a472-ae10b4fb46fd,0001d5429cf08061039da491b1aad68d,"2024-08-26 17:27:44"
d8ccd127-648d-46b0-80bc-b1e1c063184d,053a15d1-f34e-487d-8ef5-4b8cd8e7e518,002faeb78a8673afcface4776b579a4a,"2024-08-26 17:27:44"
d969bd88-3a4c-46df-b76f-5a2c2611460a,053a15d1-f34e-487d-8ef5-4b8cd8e7e518,002cae16ffce99194b37233ae182f62f,"2024-08-26 17:27:44"
db310c2c-ea17-422e-8719-bfa1a70241e4,0412df17-6f98-42a3-9981-37f57a7ebb3b,00234f1417b5b1dc65feb088cf612762,"2024-08-26 17:27:44"
db5d249d-9088-4499-a7e3-55237c640323,0434a613-15d5-441c-b2f6-a55a58f826e5,0016d519d6f1aaa48e4770e6b2577334,"2024-08-26 17:27:44"
db982e3f-b9b2-42b7-89c6-12209798d4ba,01eefcce-1df7-41b7-baba-3ae07122daa3,000908502cb76d87774f769ff431606d,"2024-08-26 17:27:44"
dba07bea-3104-4ce4-a0ce-1bbb610dc321,03057025-cdf2-4590-8a9a-abb36ec4905b,0005bbbd05785765697e048f56b9b17e,"2024-08-26 17:27:44"
dc806312-b3a3-4b42-b0fb-de70e2af7bcf,054c8340-3127-4318-a249-3c340849848b,0022d958f1b99c82654829a85d1637f6,"2024-08-26 17:27:44"
dcdd6066-4f7e-4052-8275-5898debac4b3,05aac8fc-56b0-4f70-b457-c3bbbddcd0f8,0024c8c4636f633a96e6b032acc179c5,"2024-08-26 17:27:44"
dd2fa99e-6c37-4324-b06e-9b1d136a9ab1,05aac8fc-56b0-4f70-b457-c3bbbddcd0f8,00371f6f8a517e4bcb6f8982ff46c758,"2024-08-26 17:27:44"
de1483ad-0000-4814-9619-65a2fa8186c1,03057025-cdf2-4590-8a9a-abb36ec4905b,00250f949e316b885c61150158c48e56,"2024-08-26 17:27:44"
e00f7ace-c133-4156-be91-ae9d11381136,053a15d1-f34e-487d-8ef5-4b8cd8e7e518,002fcb4b9380b7ac8f268383fc6a47c3,"2024-08-26 17:27:44"
e1d9a51c-cd5b-4b0e-bb71-a7eab1b02681,03001f7d-1e0e-4a7f-9485-5495b0fbbfa5,0016d519d6f1aaa48e4770e6b2577334,"2024-08-26 17:27:44"
e31283a8-516c-4049-bd3e-f6707184a669,068098a6-8381-43bd-b561-9500ac62be3b,00371f6f8a517e4bcb6f8982ff46c758,"2024-08-26 17:27:44"
e37cdb2b-bc65-4610-bd5f-6b600196bdbd,023923a3-0d07-4028-a200-a6ee253f09f3,00371f6f8a517e4bcb6f8982ff46c758,"2024-08-26 17:27:44"
e398d95e-7862-421d-9995-d21e6130aa31,0412df17-6f98-42a3-9981-37f57a7ebb3b,00322e32b4705cfc74d73032c39a44ab,"2024-08-26 17:27:44"
e3f1051e-69d0-433f-a0cd-99c1b92afce9,01eefcce-1df7-41b7-baba-3ae07122daa3,0022d958f1b99c82654829a85d1637f6,"2024-08-26 17:27:44"
e5975166-dedb-4d46-9626-fa24cb08acd4,0434a613-15d5-441c-b2f6-a55a58f826e5,002cae16ffce99194b37233ae182f62f,"2024-08-26 17:27:44"
e5d96724-9815-4298-88db-1f951f739e6b,0412df17-6f98-42a3-9981-37f57a7ebb3b,00250f949e316b885c61150158c48e56,"2024-08-26 17:27:44"
e6c162d7-e93e-470d-9e97-1aa746be6774,06e834d5-a4b6-4e63-a078-b648bb28371f,000644ee3fede4b86059b419383ff013,"2024-08-26 17:27:44"
e6f44737-2d30-4b05-a65e-20424f3c4dd1,0412df17-6f98-42a3-9981-37f57a7ebb3b,0001d5429cf08061039da491b1aad68d,"2024-08-26 17:27:44"
e78573b6-d0bc-4f45-b697-886ecc8b9397,01eefcce-1df7-41b7-baba-3ae07122daa3,00353b508276e6f860b5760654a0bb65,"2024-08-26 17:27:44"
e7a08125-cf1d-40e4-b33e-68185b9f7cd7,01eefcce-1df7-41b7-baba-3ae07122daa3,0001d5429cf08061039da491b1aad68d,"2024-08-26 17:27:44"
e7ef09aa-49af-4a7f-8e68-57c38c877801,03b7cf17-0c69-410f-b85f-d149bd0bb59e,00322e32b4705cfc74d73032c39a44ab,"2024-08-26 17:27:44"
e80579c5-90cd-4ff1-9df7-33cf5308ee0b,04ef4ca3-93d7-4713-bed6-49d4025b0679,0025ce876cfed6b24f086c64b91dd51e,"2024-08-26 17:27:44"
e8141104-3369-4931-b86d-42a7204b9a4a,05aac8fc-56b0-4f70-b457-c3bbbddcd0f8,00322e32b4705cfc74d73032c39a44ab,"2024-08-26 17:27:44"
e8362a4a-9e31-4b54-9407-d18473b1d557,064bc709-1dca-4c97-9eee-318eb66f4fe3,0025ce876cfed6b24f086c64b91dd51e,"2024-08-26 17:27:44"
e85a75c9-ad4e-404a-aa13-6a60091f5ab8,02e80abf-f7d5-4974-9b42-6deb06f3ed0e,00322e32b4705cfc74d73032c39a44ab,"2024-08-26 17:27:44"
e874bf78-9189-412f-909b-1765a460f910,03057025-cdf2-4590-8a9a-abb36ec4905b,0031ba559767ebd78db849ac6df06257,"2024-08-26 17:27:44"
e87e4809-146e-491a-ac8c-459c9d45e188,03057025-cdf2-4590-8a9a-abb36ec4905b,00371f6f8a517e4bcb6f8982ff46c758,"2024-08-26 17:27:44"
e8eb5898-abb6-4bcb-bc8a-b9a466e09459,03b7cf17-0c69-410f-b85f-d149bd0bb59e,0025ce876cfed6b24f086c64b91dd51e,"2024-08-26 17:27:44"
e923a4e9-1d31-4e7a-a8aa-ef7201bc4929,068098a6-8381-43bd-b561-9500ac62be3b,002cae16ffce99194b37233ae182f62f,"2024-08-26 17:27:44"
e94a2689-7659-49fc-8d8d-97e8a3f055e9,03001f7d-1e0e-4a7f-9485-5495b0fbbfa5,00322e32b4705cfc74d73032c39a44ab,"2024-08-26 17:27:44"
e9d5cfd7-2440-4586-9e63-7a649fc91d99,02e80abf-f7d5-4974-9b42-6deb06f3ed0e,002810df1681c552e4fc641cd1486e7f,"2024-08-26 17:27:44"
ea2be0aa-1bac-4c6f-8bcc-389b9b04ff20,02b6eea3-0739-409c-b231-1ffef6f1266e,0022d958f1b99c82654829a85d1637f6,"2024-08-26 17:27:44"
ea38c220-d1be-4dd1-be3b-a742f73580a6,0442be35-6b14-452d-83b9-4e30128487d7,002cae16ffce99194b37233ae182f62f,"2024-08-26 17:27:44"
eaac8fb5-26d6-4aac-aaf8-6023dd870ee9,01eefcce-1df7-41b7-baba-3ae07122daa3,00234f1417b5b1dc65feb088cf612762,"2024-08-26 17:27:44"
eb38ef64-2c3b-475b-9ec6-24ce5a9e9306,05786c23-f801-43e3-b763-166cc510fc6f,002810df1681c552e4fc641cd1486e7f,"2024-08-26 17:27:44"
eb820861-2c84-4411-84fa-111506ddddbd,068098a6-8381-43bd-b561-9500ac62be3b,003aebcdcfd3d30bfaec28207d8814bb,"2024-08-26 17:27:44"
ebceb345-b375-45a8-a219-1a83201ca4a2,0434a613-15d5-441c-b2f6-a55a58f826e5,0005bbbd05785765697e048f56b9b17e,"2024-08-26 17:27:44"
eccf9e81-f15c-401a-bcc9-216a5e024aed,0442be35-6b14-452d-83b9-4e30128487d7,0025ce876cfed6b24f086c64b91dd51e,"2024-08-26 17:27:44"
ee0e4f6e-786d-4d33-b5f2-69e70df8d485,02b6eea3-0739-409c-b231-1ffef6f1266e,0031ba559767ebd78db849ac6df06257,"2024-08-26 17:27:44"
eebfff17-72cd-41d4-8dd7-a40b96d1eb5b,03b7cf17-0c69-410f-b85f-d149bd0bb59e,00353b508276e6f860b5760654a0bb65,"2024-08-26 17:27:44"
eee48fe9-e7d0-4b82-91b0-9e46065b956a,064bc709-1dca-4c97-9eee-318eb66f4fe3,0005bbbd05785765697e048f56b9b17e,"2024-08-26 17:27:44"
ef0a2f06-28d0-4d0c-a4fd-31143de71a8d,053a15d1-f34e-487d-8ef5-4b8cd8e7e518,002810df1681c552e4fc641cd1486e7f,"2024-08-26 17:27:44"
ef64107a-750e-4152-a294-b09b134e5709,054c8340-3127-4318-a249-3c340849848b,00250f949e316b885c61150158c48e56,"2024-08-26 17:27:44"
f0f50f00-1cc6-4121-b375-a68868926264,03057025-cdf2-4590-8a9a-abb36ec4905b,002cae16ffce99194b37233ae182f62f,"2024-08-26 17:27:44"
f114e593-f559-417b-beec-9a668ae61a34,00fcb0d4-7972-404e-bf63-d409538151b2,000908502cb76d87774f769ff431606d,"2024-08-26 17:27:44"
f1d5f1db-539c-47bd-adba-a65f03c30d4d,02b6eea3-0739-409c-b231-1ffef6f1266e,00250f949e316b885c61150158c48e56,"2024-08-26 17:27:44"
f1ee73fb-4d41-4832-9004-d7df8578b9c0,02e80abf-f7d5-4974-9b42-6deb06f3ed0e,00234f1417b5b1dc65feb088cf612762,"2024-08-26 17:27:44"
f2470fd5-8f71-43c4-a61c-3d6e34125eec,064bc709-1dca-4c97-9eee-318eb66f4fe3,002810df1681c552e4fc641cd1486e7f,"2024-08-26 17:27:44"
f283fd08-368f-43d4-b7ad-c81485064684,064bc709-1dca-4c97-9eee-318eb66f4fe3,002faeb78a8673afcface4776b579a4a,"2024-08-26 17:27:44"
f5925514-37e4-4034-934b-4d77c6d81c19,02e80abf-f7d5-4974-9b42-6deb06f3ed0e,0016d519d6f1aaa48e4770e6b2577334,"2024-08-26 17:27:44"
f5a42acd-cfa4-44f3-95fe-69ef53bc1391,0129c1e5-f6c9-4e70-a472-ae10b4fb46fd,000908502cb76d87774f769ff431606d,"2024-08-26 17:27:44"
f70f9c22-10d1-46e8-a121-028ceae27d8d,01eefcce-1df7-41b7-baba-3ae07122daa3,002cae16ffce99194b37233ae182f62f,"2024-08-26 17:27:44"
f81f91fe-e458-46ee-9fb6-bcba4d52e731,0412df17-6f98-42a3-9981-37f57a7ebb3b,00371f6f8a517e4bcb6f8982ff46c758,"2024-08-26 17:27:44"
f94c4361-8f82-4feb-9c83-6016289e69d8,03057025-cdf2-4590-8a9a-abb36ec4905b,0022d958f1b99c82654829a85d1637f6,"2024-08-26 17:27:44"
f97ecfe5-20da-44d3-ba6a-8b3a5d315312,05786c23-f801-43e3-b763-166cc510fc6f,0005bab836087ed542c5e23111078035,"2024-08-26 17:27:44"
fb125747-6e60-48df-93c3-44b731b7e5ab,023923a3-0d07-4028-a200-a6ee253f09f3,0016d519d6f1aaa48e4770e6b2577334,"2024-08-26 17:27:44"
fb5105e6-4073-4a45-ad14-8a0881dfed48,03057025-cdf2-4590-8a9a-abb36ec4905b,000644ee3fede4b86059b419383ff013,"2024-08-26 17:27:44"
fca209e9-258d-45dc-bcea-93770c95ac7c,05786c23-f801-43e3-b763-166cc510fc6f,002cae16ffce99194b37233ae182f62f,"2024-08-26 17:27:44"
fca48fa4-9070-44c2-a273-22a543e5b2fe,053a15d1-f34e-487d-8ef5-4b8cd8e7e518,0025ce876cfed6b24f086c64b91dd51e,"2024-08-26 17:27:44"
fcfd96f4-5679-47ba-8cde-8fbb602fcea0,01eefcce-1df7-41b7-baba-3ae07122daa3,0031ba559767ebd78db849ac6df06257,"2024-08-26 17:27:44"
fe1b8b85-f9dd-4fe1-9c36-8b8f88a43b8a,01eefcce-1df7-41b7-baba-3ae07122daa3,0005bbbd05785765697e048f56b9b17e,"2024-08-26 17:27:44"
ffe77584-d1d4-455a-8cfa-9861d296c161,0412df17-6f98-42a3-9981-37f57a7ebb3b,0024c8c4636f633a96e6b032acc179c5,"2024-08-26 17:27:44"
